left_elbow_angle,right_elbow_angle,left_shoulder_angle,right_shoulder_angle,left_arm_vertical_angle,right_arm_vertical_angle,left_forearm_vertical_angle,right_forearm_vertical_angle,left_wrist_norm_x,left_wrist_norm_y,right_wrist_norm_x,right_wrist_norm_y,left_elbow_norm_x,left_elbow_norm_y,right_elbow_norm_x,right_elbow_norm_y,shoulder_symmetry,elbow_symmetry,torso_angle,elbow_distance,wrist_distance,left_wrist_to_shoulder_dist,right_wrist_to_shoulder_dist,label,filename
164.03908211299256,44.39920520306424,68.319171928659,123.27503588313668,41.974953231320605,53.56916104311628,57.93587111832804,82.03163375381949,0.4685717758823521,1.0922978745545873,1.275425366070866,0.5829876703329657,0.21448232795562494,0.933129452529688,1.4589651409250335,0.5572961654272964,0.3468394830250973,0.3758332871023916,40.95863363216146,1.2999954351729242,0.954153866063731,1.3127479101968524,1.105683014246262,Correct,D:/ML Projects/AIL721/Course Project/New/New_gym_dataset/New_gym_dataset/OHP\Test\Correct\PXL_20250420_135433987_Sports2D
11.299548757139318,0.8195162699619518,69.88966643852567,127.54827397963145,38.22128396281433,55.65922438097127,130.4791672800463,123.52125934906645,-0.07213373550326035,0.764767573251394,1.0954427903093726,0.281202461185826,0.16201578432407107,0.9646029614263018,1.716426836236768,0.6925542721433597,0.3108580870523992,0.27204868928294207,43.36748914807412,1.578038088148985,1.2637524129495,0.7306015096951732,0.7584940656533006,Correct,D:/ML Projects/AIL721/Course Project/New/New_gym_dataset/New_gym_dataset/OHP\Test\Correct\PXL_20250420_135433987_Sports2D
16.313297363331813,3.4830120484060583,71.87047634961299,128.7569171795034,35.8261815939184,56.453575123034604,127.8605210427498,127.02943692537148,-0.3495481295005357,0.6160592877496632,0.9791841899472797,0.10210972083060568,0.12499331709467362,0.984954871647454,1.8478152002879646,0.7573701013892791,0.3039774917696896,0.22758477025817495,43.556508052664654,1.7377888447285947,1.4246661833852372,0.481079563662694,0.5633992416245904,Correct,D:/ML Projects/AIL721/Course Project/New/New_gym_dataset/New_gym_dataset/OHP\Test\Correct\PXL_20250420_135433987_Sports2D
17.652527030401952,3.2240885625654188,73.96166236152766,127.19944817925396,35.24210220292505,56.403212743706646,127.105370766673,126.82087581885887,-0.32290742339175055,0.6615719446033009,0.9042120010158589,0.045024676741799635,0.11087079386088128,0.9896997570120584,1.823269238488677,0.7330897388941052,0.3289286953758289,0.2566100181179532,41.412851486449775,1.7315187364167304,1.3732998999730337,0.5190351461183641,0.48014535816788007,Correct,D:/ML Projects/AIL721/Course Project/New/New_gym_dataset/New_gym_dataset/OHP\Test\Correct\PXL_20250420_135433987_Sports2D
18.120324214710962,2.216728559014668,75.09734343946695,125.7701357240523,35.423869089524594,56.29134825304374,126.45580669576448,125.92538030597095,-0.23251758861217722,0.7428306438908909,0.8530253773324639,0.028280027865642394,0.12140029262566047,1.0042938871664007,1.7782537922535728,0.6986585133463349,0.35055413996510315,0.3056353738200657,40.13523850464647,1.6848075560607485,1.299609985254788,0.614570452139953,0.4352829456520755,Correct,D:/ML Projects/AIL721/Course Project/New/New_gym_dataset/New_gym_dataset/OHP\Test\Correct\PXL_20250420_135433987_Sports2D
19.100682778404128,2.794701619597534,75.6213229246369,126.45383316684077,34.55286164613591,56.628017737613526,126.34645557545996,126.1666838819842,-0.2703383894149536,0.7522986157398247,0.856083936673192,0.011222583996918861,0.13577654670516645,1.0511269536922108,1.8390740649733484,0.7297852130939969,0.34487531257016213,0.3213417405982138,41.0044216519984,1.7333444406664351,1.3483400689490914,0.6130531023562317,0.4281520017200759,Correct,D:/ML Projects/AIL721/Course Project/New/New_gym_dataset/New_gym_dataset/OHP\Test\Correct\PXL_20250420_135433987_Sports2D
18.92911079013021,3.6897977309515424,77.09920271431615,127.188143038926,32.617420068326524,56.90476582156856,128.45346914154325,126.78503190938305,-0.36282068800402884,0.7099396995731848,0.8815400155653206,-9.504015323812936e-05,0.12215553826046488,1.0950645656763727,1.9157302149078748,0.7731567813864534,0.3373683858209428,0.3219077842899193,41.8177493565237,1.8222334489020078,1.4326838074767145,0.5518990172257875,0.4440980008169288,Correct,D:/ML Projects/AIL721/Course Project/New/New_gym_dataset/New_gym_dataset/OHP\Test\Correct\PXL_20250420_135433987_Sports2D
17.922991149803792,3.256097900699303,80.40808424854879,125.99099013189043,30.36695770812206,56.76603208856142,131.71005114207418,126.49006581213804,-0.4024945192667614,0.6733551917812087,0.8531270451301617,-0.011039965414894104,0.06974230749341735,1.0942514845418463,1.8756976350923187,0.7453481271564462,0.3546997186371373,0.3489033573854001,40.81371825620866,1.8393499389941161,1.4300287564143788,0.5002456596970176,0.4199700065198256,Correct,D:/ML Projects/AIL721/Course Project/New/New_gym_dataset/New_gym_dataset/OHP\Test\Correct\PXL_20250420_135433987_Sports2D
23.431252462134307,2.759629674756133,85.80512529435632,124.54961378950487,26.340785902101228,56.695524985962415,130.22796163576447,126.06410468879392,-0.507811145272236,0.6652296039264988,0.7546850916367127,-0.07046808191213189,-0.02475412089881195,1.0738487009966562,1.7866766964408458,0.6810832631059116,0.37696657109646137,0.39276543789074464,39.79774108140628,1.853522671889753,1.461214506209671,0.4788370679496108,0.3145498702677646,Correct,D:/ML Projects/AIL721/Course Project/New/New_gym_dataset/New_gym_dataset/OHP\Test\Correct\PXL_20250420_135433987_Sports2D
38.645557359446734,3.412467745827874,93.82566181309225,123.95977369353933,19.161893397728647,56.94732890436045,122.19254924282463,126.46513884146742,-0.7796747247228195,0.6748392377082183,0.5983076573465292,-0.20449949035159345,-0.15754846627836466,1.066500076601288,1.7198913002544676,0.6243731512123526,0.3905311832764213,0.4421269253889354,40.335905750294785,1.9287965924671082,1.634647376029266,0.5761895404565828,0.13832136473223255,Correct,D:/ML Projects/AIL721/Course Project/New/New_gym_dataset/New_gym_dataset/OHP\Test\Correct\PXL_20250420_135433987_Sports2D
50.46073227116081,3.049097374779851,101.47603910611181,122.51212783608531,12.752338933216835,56.74050587541387,116.78692879562237,126.3085914993662,-1.002934592377201,0.6891676518799466,0.415214567748489,-0.32787542093003863,-0.26173669544804995,1.0633614352230756,1.6309183991133684,0.5654285153016643,0.41037474771791516,0.49793291992141125,41.07011179702562,1.957059145685371,1.7451428744707342,0.7303559198616425,0.1292765401261705,Correct,D:/ML Projects/AIL721/Course Project/New/New_gym_dataset/New_gym_dataset/OHP\Test\Correct\PXL_20250420_135433987_Sports2D
49.85911704573188,0.8832007048046879,106.20931180605264,119.86525279180502,9.923829905264165,55.99839450312172,120.21705304900398,124.88480620168284,-0.9641770684675349,0.6564195128553426,0.26495311029549934,-0.37257003656002696,-0.3054499016619706,1.040070395534835,1.5121241301636932,0.49697693035286855,0.4404585440994823,0.5430934651819664,39.99453156238659,1.8969780897760402,1.6029911070096718,0.6751194868703551,0.23882879077652425,Correct,D:/ML Projects/AIL721/Course Project/New/New_gym_dataset/New_gym_dataset/OHP\Test\Correct\PXL_20250420_135433987_Sports2D
45.10395757834303,1.2878373650728145,116.30429999516782,119.46328955814816,1.4703833455452835,57.2379728988614,133.42565907611163,124.04986446621125,-0.9239588535039158,0.4949356411694233,0.12086427773098098,-0.48050604512263057,-0.4235112987034232,0.9686100859906516,1.3794465906974924,0.3700130628659103,0.4659957347057357,0.5985970231247413,37.410748178852124,1.8997303879884657,1.429385133167328,0.5481939468944195,0.4057601852199823,Correct,D:/ML Projects/AIL721/Course Project/New/New_gym_dataset/New_gym_dataset/OHP\Test\Correct\PXL_20250420_135433987_Sports2D
60.72010648749415,8.899397796964909,140.8265740381391,125.43739377050981,22.54197761295509,63.7219901956941,141.82187112546092,125.17740760127083,-1.1854482627582719,0.21605575951877204,-0.07724592183127756,-0.7607290193907174,-0.6920784775961332,0.8435096204507523,1.1936642405753364,0.13504917763937924,0.4738514816585672,0.7084604428113731,35.83847851449024,2.0144333690060856,1.4772342172943769,0.7454380792667183,0.7363600533533559,Correct,D:/ML Projects/AIL721/Course Project/New/New_gym_dataset/New_gym_dataset/OHP\Test\Correct\PXL_20250420_135433987_Sports2D
83.09113142419127,21.0670114359418,157.82910348185186,137.21227168952097,40.95828580792036,74.08308936345212,137.86715438372912,126.9839220724897,-1.5627166779266726,0.03140816442893133,-0.24249932200990545,-1.0053653479855689,-0.9066429508203602,0.7566631079580817,1.0034516130382884,-0.06702202357252125,0.451980433486521,0.823685131530603,36.261419761455166,2.0801246209751345,1.6786521923579523,1.1335286550715864,1.039940424975783,Correct,D:/ML Projects/AIL721/Course Project/New/New_gym_dataset/New_gym_dataset/OHP\Test\Correct\PXL_20250420_135433987_Sports2D
85.40565187275094,22.60957792520681,151.0905154710982,140.6833252931561,36.89211645529778,74.88172430895648,131.48646458254686,127.72785361625033,-1.6506901605481414,0.09085410112553674,-0.2734749017204434,-1.0003248721344284,-0.8811913414571593,0.771325140757219,0.9147658078639969,-0.08102503107551269,0.40989754681485996,0.8523501718327318,36.934047325278215,1.9879544505901188,1.7570980111628707,1.200060412152394,1.0792834437980152,Correct,D:/ML Projects/AIL721/Course Project/New/New_gym_dataset/New_gym_dataset/OHP\Test\Correct\PXL_20250420_135433987_Sports2D
91.23580198161488,30.329308629299565,151.11404131259587,150.6976780536077,39.07082803219812,82.74089133400567,127.83502605058325,127.58841729529395,-1.6660933246385314,0.0947538392278496,-0.3599238634105203,-1.0311949291627003,-0.8822554525415574,0.7035286663049835,0.7899172089567718,-0.1460683420791122,0.375305781869743,0.8495970083840957,36.97694349002894,1.8756269582509233,1.724482325361692,1.2062254882504049,1.1787741767574689,Correct,D:/ML Projects/AIL721/Course Project/New/New_gym_dataset/New_gym_dataset/OHP\Test\Correct\PXL_20250420_135433987_Sports2D
121.910190574559,125.31423206894485,179.47524520857502,113.11566390115841,69.77241745659212,177.63667343367428,127.86222688203311,127.6775586352707,-1.9297405346844656,-0.1999834434514127,-0.648557677405784,-1.3276484977598755,-1.1304312716672855,0.42141596661636344,0.4791012741619971,-0.45679991777667617,0.35432918578496836,0.8782158843930395,36.24888037898777,1.8335370614427025,1.7067682878742723,1.5100369042103077,1.6029138245213703,Correct,D:/ML Projects/AIL721/Course Project/New/New_gym_dataset/New_gym_dataset/OHP\Test\Correct\PXL_20250420_135433987_Sports2D
143.38592759778194,156.8002066029026,157.3823571080653,82.05153105360334,92.64212855627007,152.07601671793878,129.2562009584881,128.87622332084135,-2.2009643040746076,-0.5300318015640735,-0.9615127463342366,-1.6602307801042027,-1.395640858789944,0.1280904040747619,0.15953801530721387,-0.7564247017991824,0.34161852933159037,0.8845151058739443,34.36365479851926,1.789119421100028,1.6773758955816027,1.8675371039460522,2.0657624006279,Correct,D:/ML Projects/AIL721/Course Project/New/New_gym_dataset/New_gym_dataset/OHP\Test\Correct\PXL_20250420_135433987_Sports2D
149.05104432133842,165.8996656191117,152.1907448240939,75.01337108642586,97.9466804816448,145.15079639216458,128.8956361603064,131.05046201127624,-2.2445047457635017,-0.6137496174141527,-1.1527876079004555,-1.839393804973996,-1.4411821022765117,0.03434902820124988,0.017238753538585633,-0.8204948558295755,0.33976528631971914,0.8548438840308255,31.75425127591586,1.6904879351067097,1.6413561416106834,1.9395982104193326,2.3284190450553868,Correct,D:/ML Projects/AIL721/Course Project/New/New_gym_dataset/New_gym_dataset/OHP\Test\Correct\PXL_20250420_135433987_Sports2D
151.2269015004928,171.78191278217483,151.59809354221883,70.93848961800244,98.38470288714555,140.92128604736683,127.15780138665279,132.7031988295417,-2.266048099886404,-0.6165738191133395,-1.3084552499204742,-1.9776671487972612,-1.4094081071123385,0.03265746156810606,-0.06628085174645731,-0.8312931947263074,0.34230227902423055,0.8639506562944135,29.947019530588385,1.5969976708242979,1.6641992424033658,1.96138624905541,2.534891286928632,Correct,D:/ML Projects/AIL721/Course Project/New/New_gym_dataset/New_gym_dataset/OHP\Test\Correct\PXL_20250420_135433987_Sports2D
155.27176376376352,173.55499487648348,148.28400167511583,69.09100757238119,101.98549770274869,139.36050695024568,126.71373393898517,132.91550182672913,-2.4406151269533503,-0.7582077762730414,-1.4682938661893667,-2.1334342686149848,-1.4868433712560036,-0.04693251538070101,-0.21725303123957687,-0.9702644635356713,0.33759638956377835,0.9233319481549703,29.825053669222992,1.5698412397267052,1.6842376730654105,2.177181773214461,2.760304457369552,Correct,D:/ML Projects/AIL721/Course Project/New/New_gym_dataset/New_gym_dataset/OHP\Test\Correct\PXL_20250420_135433987_Sports2D
159.30269746028713,171.42752398487983,144.55661894975302,69.43792995764984,106.15748135645757,140.15203026386058,126.85478389617042,131.57955424874044,-2.4985501227951783,-0.8617851947778646,-1.4262445826437637,-2.0831638482963744,-1.5422437274731797,-0.14494947500379715,-0.2803138016261355,-1.0664899178099656,0.3302821163423095,0.9215404428061684,28.805963406203407,1.5625952532488108,1.625301506401229,2.271942238610067,2.698503367798955,Correct,D:/ML Projects/AIL721/Course Project/New/New_gym_dataset/New_gym_dataset/OHP\Test\Correct\PXL_20250420_135433987_Sports2D
163.75527467481655,164.63654375301923,142.63065826120345,72.0686686340748,108.95790164432937,143.65722853960747,125.20262696951283,128.29377229262667,-2.125606361069792,-0.672529223523726,-0.9722331653089706,-1.6138485438831256,-1.3983624198502553,-0.15946511869125282,-0.07629610439659662,-0.9064381967404915,0.31583849017954363,0.7469730780492386,21.178118381038637,1.5184953479637555,1.4887416806086313,1.8482710010075818,2.052436697670175,Correct,D:/ML Projects/AIL721/Course Project/New/New_gym_dataset/New_gym_dataset/OHP\Test\Correct\PXL_20250420_135433987_Sports2D
175.74251901152905,154.91080706275542,140.07604680143282,75.81661303385869,113.74368151339758,149.63634134868886,118.00116250186866,124.54714841144427,-1.6717684930728125,-0.42473203883611,-0.4761318727775018,-1.1208843966090738,-1.2372415807848864,-0.19367867230525682,0.16291737480514396,-0.6809033107843275,0.2786604372965894,0.48722463847907066,12.29767327911846,1.4825090047821043,1.383537145516538,1.3183375844606435,1.37040482975379,Correct,D:/ML Projects/AIL721/Course Project/New/New_gym_dataset/New_gym_dataset/OHP\Test\Correct\PXL_20250420_135433987_Sports2D
174.67859083106714,164.0704291968377,136.80290195549404,69.08870362211931,119.04034011940206,144.9319456970153,113.71893095046912,129.00237489385302,-1.797203678469929,-0.5522110186181719,-0.6154212705536202,-1.2909270871726535,-1.3296097580012356,-0.3467673442663975,0.033190057682306914,-0.7656474738838525,0.2445756596038456,0.41888012961745497,13.449379015692516,1.4257222382411778,1.393668213600733,1.4755719103267293,1.605066290663971,Correct,D:/ML Projects/AIL721/Course Project/New/New_gym_dataset/New_gym_dataset/OHP\Test\Correct\PXL_20250420_135433987_Sports2D
178.55311895760386,176.00753616016868,135.0101943318235,63.40813823597992,120.09813693691163,138.51646950471533,118.651255894516,134.52400566488396,-2.420870200311367,-0.9671615777402924,-1.2878629433986104,-1.9999367788558666,-1.5945202871105657,-0.515661523397633,-0.3955681166986268,-1.122345913810989,0.2569922715559696,0.6066843904133559,16.79689715490589,1.3437083971259256,1.533078621681316,2.2259841761989576,2.576621405166902,Correct,D:/ML Projects/AIL721/Course Project/New/New_gym_dataset/New_gym_dataset/OHP\Test\Correct\PXL_20250420_135433987_Sports2D
178.3734961511021,179.29667625117335,132.7362942443169,63.88026911423681,119.28823554370231,135.90479890225603,120.91473939259993,136.6081226510825,-2.968143182202936,-1.2880057633972537,-1.8549963203881241,-2.5879764720253253,-1.8021370081810837,-0.5897580047717037,-0.7534427240452962,-1.4227853613627357,0.3086097944581914,0.833027356591032,17.846328915564573,1.3392887210785114,1.7114379273754379,2.879767291789292,3.3696305836513054,Correct,D:/ML Projects/AIL721/Course Project/New/New_gym_dataset/New_gym_dataset/OHP\Test\Correct\PXL_20250420_135433987_Sports2D
176.55362570200063,178.2174643869566,131.22874792305086,65.82026519305145,118.32529277298018,135.37430588908248,121.77166707097963,137.15684150212573,-3.1339691288587526,-1.3655668867529682,-2.007106589047582,-2.758426443139888,-1.8454495365386905,-0.56753274920395,-0.8461937869341521,-1.5066473776400238,0.3493237675777248,0.9391146284360739,15.412894586392971,1.3712944025483196,1.7916129401877094,3.0784776737356156,3.578333752047111,Correct,D:/ML Projects/AIL721/Course Project/New/New_gym_dataset/New_gym_dataset/OHP\Test\Correct\PXL_20250420_135433987_Sports2D
174.59713383410116,179.4884899583393,131.48668913411507,67.37729230580605,117.56539669210643,136.4293781320276,122.96826285800525,136.94088817368777,-3.077739776779895,-1.3474881143057378,-1.943730356839098,-2.734918533704158,-1.787328295149503,-0.5105009611547147,-0.7792246708397685,-1.4887192333557697,0.3575191124081428,0.978218272201055,12.17778490143482,1.4047006461927893,1.7919097447099672,3.0241759225297797,3.513593962876368,Correct,D:/ML Projects/AIL721/Course Project/New/New_gym_dataset/New_gym_dataset/OHP\Test\Correct\PXL_20250420_135433987_Sports2D
172.11179112324203,178.81784376416533,131.32062444847685,69.39283938865071,116.98709556424055,137.7005594013681,124.87530444099853,136.51840316553358,-3.0564376847053025,-1.387429916966301,-1.9054083405656284,-2.737007132989611,-1.7121250879572583,-0.45048560705935997,-0.7280478428125401,-1.4955296742486193,0.3696215629294745,1.0450440671892594,13.983163743098793,1.435452934365696,1.7737607541829976,3.0314367978013363,3.482901663539539,Correct,D:/ML Projects/AIL721/Course Project/New/New_gym_dataset/New_gym_dataset/OHP\Test\Correct\PXL_20250420_135433987_Sports2D
169.94359246903443,178.30779248288295,129.35064092219667,72.15732698534622,116.4148753710888,137.9228432786317,126.47128290205447,136.23063576151458,-3.148953369511808,-1.503295500902946,-1.945108358448257,-2.7887131496817292,-1.6194714891067408,-0.37272433279979705,-0.7529577289241887,-1.54421863223066,0.4104719229070154,1.171494299430863,20.487724536181993,1.4571358859710761,1.7611193436149002,3.1892662132335863,3.526949299836774,Correct,D:/ML Projects/AIL721/Course Project/New/New_gym_dataset/New_gym_dataset/OHP\Test\Correct\PXL_20250420_135433987_Sports2D
169.30054066308122,177.93558817907848,127.78603742680669,74.05751861927357,116.11478507916254,137.9583411252426,126.81424441608125,135.89392930432115,-3.2470112698025866,-1.5915033907365705,-2.001304677795531,-2.843312898994982,-1.543946611460418,-0.3167877683117144,-0.7846691573091491,-1.5881085799445809,0.4399262782320463,1.2713208116328665,25.075743282727164,1.4807966972117685,1.7660158431724216,3.3331941478230416,3.5897130833404263,Correct,D:/ML Projects/AIL721/Course Project/New/New_gym_dataset/New_gym_dataset/OHP\Test\Correct\PXL_20250420_135433987_Sports2D
170.62436922706408,176.54425584190957,128.29698574447465,73.90478617159438,116.71107179651588,138.91284371258487,126.08670256945173,135.45709955449436,-3.22087252638846,-1.5548433833803394,-1.9996888655171896,-2.8598050712639806,-1.5661534046379042,-0.34878959040695223,-0.7416692264473161,-1.5815508836357624,0.422490802936155,1.2327612932288101,27.362136637136906,1.4830625631340635,1.7872365653217483,3.28316486920494,3.609910204408562,Correct,D:/ML Projects/AIL721/Course Project/New/New_gym_dataset/New_gym_dataset/OHP\Test\Correct\PXL_20250420_135433987_Sports2D
172.96472323551853,175.5541092221331,128.76670754725097,72.94347715926727,118.04291710613691,139.75310181265527,125.07819387061834,135.30721103478822,-3.11193581567628,-1.4629868112395108,-1.9482609497205408,-2.82449224973182,-1.654982203289748,-0.43985083322476637,-0.6762783413318793,-1.5387956327695065,0.3937875059412107,1.0989447995447401,27.11804209422461,1.4715776982061384,1.7910433419382243,3.1289111180028253,3.563996608937633,Correct,D:/ML Projects/AIL721/Course Project/New/New_gym_dataset/New_gym_dataset/OHP\Test\Correct\PXL_20250420_135433987_Sports2D
175.31013423668995,176.22025815682284,127.60054942470023,72.01914851284407,119.55505920249698,139.17475714004144,124.24492496580709,135.39501529686424,-3.0652202958399077,-1.4323645464744474,-1.9188573620028275,-2.770584662687312,-1.749058237708501,-0.5363923143068114,-0.6798614669160569,-1.5143858302980708,0.3882297071623706,0.9779935159912594,24.891814255856026,1.4490179612392442,1.7620956431227932,3.070592389865224,3.5072606016243637,Correct,D:/ML Projects/AIL721/Course Project/New/New_gym_dataset/New_gym_dataset/OHP\Test\Correct\PXL_20250420_135433987_Sports2D
175.90546709329678,176.68166737360545,127.28471588973825,71.43445290582895,119.73938203169085,138.45855082725788,123.83391493839427,135.14021820086322,-3.0896111516372278,-1.4338239167221747,-1.9187802081000014,-2.7309384609382255,-1.807898953816283,-0.5746932658025599,-0.7112888191123335,-1.5175224478168632,0.39034394058021155,0.9428291820143034,25.824447470791764,1.4461952337057313,1.7473841132278516,3.0930119664273503,3.477110689701715,Correct,D:/ML Projects/AIL721/Course Project/New/New_gym_dataset/New_gym_dataset/OHP\Test\Correct\PXL_20250420_135433987_Sports2D
172.32161415803267,175.48566473531642,130.57607566753305,71.31220653199544,117.13044893158916,139.01873113111782,124.80883477355651,134.50439586643427,-3.071643466888038,-1.3799352262902298,-1.8839822847904033,-2.68582116260741,-1.798693669319968,-0.4949209398947526,-0.6651704942564177,-1.4879143257104144,0.37935079813028577,0.9929933858156619,31.42554218478915,1.5069540977348328,1.7651847388113655,3.0447737599064904,3.425976690167622,Correct,D:/ML Projects/AIL721/Course Project/New/New_gym_dataset/New_gym_dataset/OHP\Test\Correct\PXL_20250420_135433987_Sports2D
165.76292021147023,174.53752041885792,136.310366923996,70.89801704285087,112.54506615064896,139.75345011749545,126.78214593917868,134.2909705363533,-2.956904732026134,-1.253296889367267,-1.7981799347990015,-2.597076929739602,-1.7546008235002057,-0.35444284035443085,-0.5420327729471964,-1.3716406787604525,0.3607223873319452,1.0171978384060216,32.40413979229758,1.5827231974289782,1.7743697339089546,2.873726681069712,3.3118801547997743,Correct,D:/ML Projects/AIL721/Course Project/New/New_gym_dataset/New_gym_dataset/OHP\Test\Correct\PXL_20250420_135433987_Sports2D
160.5000300066168,175.15731296630622,140.84479696871938,70.10508578247791,108.51639795185352,139.4662807030511,128.01636794523674,134.62359366935738,-2.8083053124097517,-1.0914804585749638,-1.7171455604741477,-2.4957790483572952,-1.7253748211799615,-0.24490411533193196,-0.4252403269631888,-1.220737689575201,0.35247553869566,0.9758335742432689,24.91411904297239,1.6256078455989,1.7783936947450116,2.661683174255378,3.1866505599914383,Correct,D:/ML Projects/AIL721/Course Project/New/New_gym_dataset/New_gym_dataset/OHP\Test\Correct\PXL_20250420_135433987_Sports2D
158.14592334128236,175.0416959630309,142.73576260625825,70.4679497089263,106.46929152342602,139.67300383861038,128.32336818214372,134.71469980164125,-2.681873551476879,-0.9544932263336731,-1.6440488301392575,-2.4204645783278806,-1.7171141590542596,-0.19193306794532883,-0.34344777471844085,-1.1327519505843497,0.3550244989283933,0.9408188826390208,17.637036571191395,1.6649623135027343,1.7961492580204006,2.487006893739981,3.0804499118269804,Correct,D:/ML Projects/AIL721/Course Project/New/New_gym_dataset/New_gym_dataset/OHP\Test\Correct\PXL_20250420_135433987_Sports2D
156.78741689620728,172.82195055846645,143.43294295778696,71.97101079492816,106.09543936495486,141.49939311767,129.30802246874762,134.32134367613637,-2.5565078213143386,-0.8835196577576448,-1.5269494230282732,-2.334007025540249,-1.6966478924348634,-0.17953138477579914,-0.2818009035151168,-1.1180115961133898,0.3497433437089438,0.9384802113375909,18.091828138280892,1.697803613239035,1.7787366582994453,2.341002212138223,2.939961852432685,Correct,D:/ML Projects/AIL721/Course Project/New/New_gym_dataset/New_gym_dataset/OHP\Test\Correct\PXL_20250420_135433987_Sports2D
154.48946280932114,172.031926078608,145.5637686067093,71.61137299009735,105.08057001030687,142.2557116071135,130.59110720098576,134.28763768572145,-2.407743732377749,-0.8222466623982894,-1.390359326936812,-2.2129379593240235,-1.6138888709593324,-0.14204445465280577,-0.25803193288417947,-1.1084228134411689,0.33143111506795087,0.9663783587883631,21.15423547650475,1.6650030537092173,1.7231057169481476,2.173518098078551,2.7674053526278506,Correct,D:/ML Projects/AIL721/Course Project/New/New_gym_dataset/New_gym_dataset/OHP\Test\Correct\PXL_20250420_135433987_Sports2D
151.41636434740613,174.30061501172548,150.37923631980163,69.26127883914907,101.09694717091583,140.73746232986676,129.6805828235097,135.03807734159236,-2.2899402588267264,-0.704946861355128,-1.3108257339193434,-2.11402833201655,-1.4886193745835483,-0.040136056132664945,-0.28192307988259513,-1.0837572023997901,0.31769882484169043,1.0436211462671252,21.861534540565,1.595387427736886,1.715860088656988,2.0108294211777924,2.6473892097045786,Correct,D:/ML Projects/AIL721/Course Project/New/New_gym_dataset/New_gym_dataset/OHP\Test\Correct\PXL_20250420_135433987_Sports2D
148.31229253350375,175.16924015110803,155.759101789863,68.83547163580661,95.41789157779034,140.01246500345985,127.1055990442866,135.1817051545677,-2.2750196760658845,-0.5791260193484503,-1.2790687908747123,-2.0643687990328354,-1.4141359541267435,0.07208748183661634,-0.2774355516497438,-1.0563622608723,0.32264578818891837,1.1284497427089164,23.34988020912137,1.6017136531887317,1.7882573305645018,1.947974054945122,2.5869363199439284,Correct,D:/ML Projects/AIL721/Course Project/New/New_gym_dataset/New_gym_dataset/OHP\Test\Correct\PXL_20250420_135433987_Sports2D
145.66158438814486,171.30644277746146,157.72738813174072,73.06970062432674,91.75779325999697,142.5548820160644,126.09620887185211,133.86132479352585,-2.329670865276305,-0.5141986347823537,-1.2195000058878207,-2.0143783450170867,-1.4243450527075903,0.14588455006363382,-0.16150811206215088,-0.9976246104913684,0.3504496243549538,1.1435091605550023,28.02539704707939,1.7036344499134601,1.8662846781869409,1.98495351811814,2.4962218435787698,Correct,D:/ML Projects/AIL721/Course Project/New/New_gym_dataset/New_gym_dataset/OHP\Test\Correct\PXL_20250420_135433987_Sports2D
138.75747163524423,165.00756300715946,159.92422407988286,80.93242649281048,86.93523994114446,147.79189051383784,128.17776830590026,132.79945352099728,-2.288994894891914,-0.4634379817615316,-1.083482697478409,-1.8950629364218057,-1.3865911588617268,0.24611693340282967,0.052312693247834594,-0.8433249947773231,0.3929877794661885,1.0894419281801528,31.786502062997958,1.804806917787225,1.8715794583502914,1.9446251654080797,2.294944747795665,Correct,D:/ML Projects/AIL721/Course Project/New/New_gym_dataset/New_gym_dataset/OHP\Test\Correct\PXL_20250420_135433987_Sports2D
120.66813689223918,156.56936860279166,172.49259572325136,91.92106032412411,72.36140090398271,156.77505695135812,131.69326401174354,133.34442555414975,-2.0724176588266867,-0.35066801552778976,-0.874721081017328,-1.6808323041861333,-1.1804267722098447,0.4438787814610927,0.29711540687815685,-0.5748327263125739,0.4249263764698341,1.0187115077736666,33.113280515798415,1.7946877241053993,1.7899201455143763,1.7148996433108687,1.979375194999197,Correct,D:/ML Projects/AIL721/Course Project/New/New_gym_dataset/New_gym_dataset/OHP\Test\Correct\PXL_20250420_135433987_Sports2D
96.66664073354563,126.40384042984235,165.65055983219597,123.57048879052455,50.38714253856283,171.69292850310825,133.7205018050172,134.71091192673407,-1.8808264155529348,-0.22277406294702828,-0.6606398569399826,-1.4492680856186202,-0.973524954349818,0.6448833905662414,0.4693018835540154,-0.3306715284125974,0.42678052984681814,0.9755549189788388,34.12336409396485,1.741682142102681,1.7300701793478965,1.4937458680607543,1.663056436772211,Correct,D:/ML Projects/AIL721/Course Project/New/New_gym_dataset/New_gym_dataset/OHP\Test\Correct\PXL_20250420_135433987_Sports2D
90.18066556725599,68.32764785837357,158.13275591313982,178.50603505499697,43.89959371083651,112.73919725730127,133.71892814358054,135.5884506010723,-1.8731681639387188,-0.14424585185122304,-0.5077461692343247,-1.281309296243982,-0.9599732543842525,0.7289995215963765,0.520110641330984,-0.2321196365496361,0.41045089080359,0.9611191581460126,35.59826856047313,1.7647658129369153,1.7768766136670413,1.4596787399229783,1.444524175231798,Correct,D:/ML Projects/AIL721/Course Project/New/New_gym_dataset/New_gym_dataset/OHP\Test\Correct\PXL_20250420_135433987_Sports2D
87.91007579053661,20.643952599738498,154.42664279054594,132.22732350372752,41.09742244570304,65.55654384857066,133.18734665516644,135.08740875116783,-1.827207335433552,-0.06134505441900592,-0.37192095549483073,-1.1037958950330655,-0.9506144839531047,0.7614661976251689,0.5907603625396517,-0.13817281039900295,0.39601385069984796,0.8996390080241718,36.416021703436726,1.78470915338026,1.790129102252714,1.3924511479889068,1.2292625829715027,Correct,D:/ML Projects/AIL721/Course Project/New/New_gym_dataset/New_gym_dataset/OHP\Test\Correct\PXL_20250420_135433987_Sports2D
72.88423634210287,3.999248045589135,138.12940699041692,117.82020242519289,25.581325904515293,50.36828351109472,132.69708956241246,133.63096453449444,-1.5885648956648213,0.06341755776977981,-0.20273926646131005,-0.8649156726641087,-0.7643936565509856,0.8238633779002498,0.7790031741809819,0.0709972501804136,0.3834585925253151,0.7528661277198362,36.07948546270962,1.7172306727348374,1.6680273562760077,1.1340680220091968,0.9459199067817726,Correct,D:/ML Projects/AIL721/Course Project/New/New_gym_dataset/New_gym_dataset/OHP\Test\Correct\PXL_20250420_135433987_Sports2D
58.795966722982364,1.2889578405981394,122.25255510534362,116.184563672613,10.065299108773358,48.37181966918316,131.269332385791,132.91713817141482,-1.3953677165317384,0.16531877741495837,-0.04794771568035406,-0.6853089423155546,-0.5850331514549573,0.8764469618439887,0.9843700412495576,0.2745555008391942,0.3776348408758198,0.6018914610047945,35.32903022147492,1.6808627880054967,1.5934579304984102,0.9326864811910743,0.7124241745727729,Correct,D:/ML Projects/AIL721/Course Project/New/New_gym_dataset/New_gym_dataset/OHP\Test\Correct\PXL_20250420_135433987_Sports2D
61.374481147540315,2.6542518352298714,122.7578115300396,116.5418646284195,9.734012308332344,49.56566385012667,128.35953116079205,133.08858798510323,-1.433072636267917,0.21012356473168298,0.04181839049673171,-0.6411551814097401,-0.5786698480083365,0.8863328387885526,1.1115633957681526,0.35949491258643385,0.3911134492699832,0.5268379262021188,34.828763960907686,1.7704368440732758,1.7029324838240045,0.9730104446212196,0.6112095294883407,Correct,D:/ML Projects/AIL721/Course Project/New/New_gym_dataset/New_gym_dataset/OHP\Test\Correct\PXL_20250420_135433987_Sports2D
65.44374107456312,3.2160858640772183,125.64778251187995,116.64379388158724,11.554366366742883,50.73721002672448,126.11062529217975,132.47887583735277,-1.476728328108868,0.25694894362958903,0.09681443236948906,-0.6049267761822765,-0.5982565897287848,0.8977911235920206,1.1844172609694053,0.3909401740916011,0.4082255639608128,0.5068509495004195,33.57157125669427,1.8533278023524575,1.7941200002940352,1.0216549406980004,0.5385005104084662,Correct,D:/ML Projects/AIL721/Course Project/New/New_gym_dataset/New_gym_dataset/OHP\Test\Correct\PXL_20250420_135433987_Sports2D
54.54712860926774,1.0766731690913582,114.98218291661858,116.80956276705237,1.4688292107609084,50.32291647291038,126.92170060149317,130.75375669618035,-1.2828673386206062,0.33889616496519404,0.1849768976984187,-0.461293574330283,-0.4775742609353253,0.9440043882355508,1.2687062669738018,0.4726312119576431,0.39896279374002014,0.4713731762779076,30.917896184944055,1.8087809025608668,1.6717865656143864,0.8360891677856364,0.37861789327227974,Correct,D:/ML Projects/AIL721/Course Project/New/New_gym_dataset/New_gym_dataset/OHP\Test\Correct\PXL_20250420_135433987_Sports2D
41.69719594318419,0.19198776907493809,101.68068820753986,118.50886387441821,9.892770215603665,50.0823222975621,128.41003384121214,130.10966547151014,-1.0610460399130115,0.40639511077522406,0.31946241002004966,-0.31170867829075516,-0.32428532362721074,0.9905545650926095,1.3907037300709841,0.5906691734338874,0.36769380549100994,0.3998853916587221,29.14176692466041,1.7609928394989798,1.5561094538005673,0.6362627037490494,0.19370621734453405,Correct,D:/ML Projects/AIL721/Course Project/New/New_gym_dataset/New_gym_dataset/OHP\Test\Correct\PXL_20250420_135433987_Sports2D
39.42240129196289,2.2478832063630865,95.46135937082535,121.13790633644652,14.228101846224169,50.82736755349599,126.34949686181294,131.42051565286707,-1.02341542684534,0.45110167042151866,0.4526976514910643,-0.2553938358340352,-0.25588038639518074,1.0159337043258607,1.5229602190530238,0.6888508434507941,0.33692208196089984,0.3270828608750667,30.36260556615256,1.8086616868473644,1.6364735623880597,0.6207308755364654,0.0887906845862683,Correct,D:/ML Projects/AIL721/Course Project/New/New_gym_dataset/New_gym_dataset/OHP\Test\Correct\PXL_20250420_135433987_Sports2D
40.52200845635753,3.50943449058334,92.28692013599566,122.64720930571846,16.41145040748473,51.34557984919896,123.06654113615772,132.16385464138443,-0.9672671496523202,0.5460270926922333,0.5222493424051948,-0.2347998817297513,-0.21592100986738227,1.035198498063786,1.5946948076704686,0.7364021745060851,0.32058605238177895,0.29879632355770097,33.07178056674374,1.835104596934425,1.6817699438675657,0.6264889862788301,0.08897801166260638,Correct,D:/ML Projects/AIL721/Course Project/New/New_gym_dataset/New_gym_dataset/OHP\Test\Correct\PXL_20250420_135433987_Sports2D
37.320318595667715,1.616754714152525,87.49011064226006,122.37371945191946,21.242789576710596,51.10661967089011,121.43689182762172,130.51013504326215,-0.684423264085865,0.7153807970482864,0.5227686546411573,-0.17178323198760392,-0.12487930883580206,1.0574225995760462,1.5911548944547347,0.7410317132257919,0.3211568420807072,0.31639088635025436,34.33252302357437,1.7449574722119983,1.498122939900135,0.5935392250536232,0.05051402093931904,Correct,D:/ML Projects/AIL721/Course Project/New/New_gym_dataset/New_gym_dataset/OHP\Test\Correct\PXL_20250420_135433987_Sports2D
34.62957787132489,0.3315153072673098,82.97361006517748,121.96899818241484,26.148858864531558,51.09146711212385,119.22156326414353,128.57701758060824,-0.414503924649923,0.8616596505944477,0.5280061266476439,-0.10861982350817563,-0.021998884835055205,1.0812172026453095,1.610992300329188,0.755205669862986,0.3275884419529051,0.32601153278232353,34.07919865778501,1.665215820946702,1.3526889718859267,0.7002637370724464,0.07832697231718407,Correct,D:/ML Projects/AIL721/Course Project/New/New_gym_dataset/New_gym_dataset/OHP\Test\Correct\PXL_20250420_135433987_Sports2D
38.74925994182326,0.7645127959905916,80.63360212517696,122.7275866763597,28.5101001889994,51.87128899053584,112.74063986917736,128.8932238054552,-0.3678768182826734,0.9369277277986912,0.5817385081362535,-0.10269169066109522,0.04048047404472447,1.1080877154334046,1.7097366404735281,0.8072678199982737,0.32793856281963035,0.3008198954351308,34.22047978558115,1.6961452646074242,1.408040412562221,0.7799867348300726,0.12538298341942736,Correct,D:/ML Projects/AIL721/Course Project/New/New_gym_dataset/New_gym_dataset/OHP\Test\Correct\PXL_20250420_135433987_Sports2D
45.98162049670123,2.5685459655429383,78.94231608892275,123.95604494701935,29.8248824739361,52.72324350987818,104.19349702936267,129.84530245566458,-0.33699850249735425,1.021184513397473,0.6310322991924407,-0.12601642775082017,0.0802958959486439,1.126725836082509,1.7914915117059524,0.8423972451607316,0.3217236923008597,0.2843285909217773,35.37173749975898,1.7346565028853975,1.5010508427071072,0.8710712046972146,0.16142133933329028,Correct,D:/ML Projects/AIL721/Course Project/New/New_gym_dataset/New_gym_dataset/OHP\Test\Correct\PXL_20250420_135433987_Sports2D
63.05877165310087,2.2548637473327533,76.8545744572759,124.49075690377454,31.68505193509922,53.03038329614969,85.2561764117999,129.22448045118293,-0.11592562691557927,1.142037087491377,0.6090278359014031,-0.1297773022251894,0.12062528006592516,1.1224068986015932,1.747895470866988,0.7998710268253255,0.31796045155352953,0.32253587177626775,36.07150373651703,1.6589266597569055,1.4639225953377646,1.0462577522935312,0.13809884185795,Correct,D:/ML Projects/AIL721/Course Project/New/New_gym_dataset/New_gym_dataset/OHP\Test\Correct\PXL_20250420_135433987_Sports2D
93.82014194440272,1.4463958981158955,75.38242614499629,124.69314040158122,33.05620469768441,53.13177124426199,53.12365335791287,128.31462465385408,0.06071723723038457,1.173208176295856,0.5665590802027529,-0.13379489963081959,0.1450853133426363,1.1099172802221298,1.6810652852765562,0.7468510635778937,0.31628873094763615,0.3630662166442361,35.8463734533349,1.578306545589444,1.4014752978855793,1.1474457187441844,0.09538776343729401,Correct,D:/ML Projects/AIL721/Course Project/New/New_gym_dataset/New_gym_dataset/OHP\Test\Correct\PXL_20250420_135433987_Sports2D
46.051044383621814,2.379522634691354,74.71714099403624,125.8070511988554,33.150857969644306,53.6750501625361,100.79809764673388,128.70447247215506,0.0034429586099616783,1.0737489447482842,0.5966701228262202,-0.13847492305431613,0.14257361383773992,1.100284749143313,1.7153154204618293,0.7578723306399014,0.3068250821003479,0.3424124185034116,35.865760482453446,1.6095847460287886,1.349594447985898,1.0376764586603975,0.12170731685092621,Correct,D:/ML Projects/AIL721/Course Project/New/New_gym_dataset/New_gym_dataset/OHP\Test\Correct\PXL_20250420_135433987_Sports2D
33.66886827316856,2.6747996125522757,74.25735986621748,127.19895785244944,32.96186932605643,54.41818704472348,113.369262400775,128.25661256782882,-0.11016277562757043,0.9721085476648994,0.7462767286726901,-0.03059012027000911,0.12180062952630938,1.0723403656571522,1.770006827699542,0.7766452102702996,0.2960286369516104,0.2956951553868524,36.73122644775592,1.6745206169575566,1.3186710140154427,0.9022935887101605,0.2932255986895518,Correct,D:/ML Projects/AIL721/Course Project/New/New_gym_dataset/New_gym_dataset/OHP\Test\Correct\PXL_20250420_135433987_Sports2D
38.64574044146546,1.3382560862829445,73.80310489068829,127.58650123832027,33.56383229641546,54.95343842542389,107.7904272621191,123.70830548829313,-0.0921867825841236,0.96118267046577,0.9614127674181618,0.2166925201044864,0.10307704031705242,1.0238390405775186,1.728508729752149,0.7284426021948456,0.29849009339719185,0.29539643838267315,37.35796366821637,1.6520554569471937,1.2900920880890578,0.8986004588983747,0.6069317438418405,Correct,D:/ML Projects/AIL721/Course Project/New/New_gym_dataset/New_gym_dataset/OHP\Test\Correct\PXL_20250420_135433987_Sports2D
45.245221381736734,6.927396399826978,72.78975274596108,127.8538032980629,34.8448814194262,55.4884374634501,99.90989719883707,117.58416613672296,-0.03856500756346813,0.978634356113017,1.0720161136353157,0.3593350380411188,0.11844652294251366,1.0060652038616307,1.6857090767033365,0.6799500494490494,0.30294602037720325,0.32611515441258143,36.908764170667666,1.6008319731809575,1.271582507007495,0.9359414134274519,0.7845761327805226,Correct,D:/ML Projects/AIL721/Course Project/New/New_gym_dataset/New_gym_dataset/OHP\Test\Correct\PXL_20250420_135433987_Sports2D
35.79747527269142,2.0688231563313377,71.21553334926223,128.75123978566904,36.02997024031722,55.99674337524814,108.17255448699137,121.93443346842072,-0.06391680241773817,0.9677801556037612,0.9942280933053242,0.2393064471848586,0.1758027476775768,1.046468711437858,1.753780877031441,0.7127199827211643,0.2964666268034368,0.3337487287166937,36.38168390144909,1.6128866019156862,1.284657372299073,0.9180010678808196,0.6458890457411771,Correct,D:/ML Projects/AIL721/Course Project/New/New_gym_dataset/New_gym_dataset/OHP\Test\Correct\PXL_20250420_135433987_Sports2D
29.097806092068346,2.4621100489686696,70.88400621304227,128.70436731359422,36.283468958374,55.871842485010745,114.61872494955765,126.59026756395754,-0.1264861138570934,0.9393898635277336,0.8365416065999173,0.030933643949075083,0.22018619199349876,1.098245903000339,1.8372381307073375,0.7738527682522434,0.29516572400478047,0.3243931347480957,37.18757893351446,1.649268892076086,1.3239014665977882,0.8662134280497717,0.40077289044570585,Correct,D:/ML Projects/AIL721/Course Project/New/New_gym_dataset/New_gym_dataset/OHP\Test\Correct\PXL_20250420_135433987_Sports2D
25.63637908202078,2.780795592602088,72.85110307506997,126.7344493605629,35.41358052600684,54.99913296163973,118.95004039197241,127.7816626309625,-0.16256096021197206,0.9098460914790223,0.7274502541689045,-0.061341687832753886,0.20542347266537397,1.113403939073596,1.8156294268898259,0.782178924205234,0.31340718241560783,0.3312250148683618,39.28601978090387,1.6439200788038404,1.3173176019503656,0.8153052960803905,0.2700394121979352,Correct,D:/ML Projects/AIL721/Course Project/New/New_gym_dataset/New_gym_dataset/OHP\Test\Correct\PXL_20250420_135433987_Sports2D
36.51449521683028,13.694187860203984,92.87142691712434,108.87006473765686,34.457155418071416,56.19864707285261,109.02834936509831,137.49554078735136,-0.7255625743613812,0.8143203660125123,0.9040078242137045,-0.25521406362599464,0.16354940003942503,1.120958335490123,1.5942736563739477,0.49796121462652576,0.6063851514520477,0.6229971208635972,50.57949822196835,1.5604798333423935,1.9492058844807363,0.6073059794991785,0.5086899517903541,Correct,D:/ML Projects/AIL721/Course Project/New/New_gym_dataset/New_gym_dataset/OHP\Test\Correct\PXL_20250420_135439856_Sports2D
34.18237703768374,13.179137433936033,87.90687997767415,112.23589232464076,35.87071901556689,56.013491317881694,109.94690394674937,137.16564611605432,-0.7573810605114605,0.756750831373234,0.8884597913446768,-0.21904598601140016,0.17537706225879557,1.0952684565755053,1.530946668375286,0.47394279163908487,0.555970681893373,0.6213256649364204,49.821000061024186,1.491178909096927,1.9133665457660005,0.5882431795519507,0.4765179227904794,Correct,D:/ML Projects/AIL721/Course Project/New/New_gym_dataset/New_gym_dataset/OHP\Test\Correct\PXL_20250420_135439856_Sports2D
33.30496763341089,12.275658947012113,84.57208369208475,115.27309130673822,36.565026932018824,56.4102019308418,110.13000543457028,135.86545701617035,-0.5963344470456003,0.7755836228609743,0.8612762954636983,-0.1931861925531616,0.1615896158058251,1.0533946040418471,1.4681002275447972,0.4322525751325515,0.5170878268784089,0.6211420289092956,49.069848401595884,1.4466469502487809,1.7501839994514998,0.54376275799731,0.43821147214872364,Correct,D:/ML Projects/AIL721/Course Project/New/New_gym_dataset/New_gym_dataset/OHP\Test\Correct\PXL_20250420_135439856_Sports2D
34.271612123635556,12.446893466739576,83.2758179026817,117.89304652396977,36.99302717074024,58.16189159739171,108.73536070562419,134.28500186934784,-0.2648733564198729,0.8531319445104615,0.812335044773637,-0.22921562674883914,0.11913487396147314,0.9833757618626273,1.4146396390376783,0.3582410803886645,0.5040580726995547,0.6251346814739629,48.00431729326758,1.4384456772213217,1.5270409963759273,0.623859645304526,0.3811834544510399,Correct,D:/ML Projects/AIL721/Course Project/New/New_gym_dataset/New_gym_dataset/OHP\Test\Correct\PXL_20250420_135439856_Sports2D
37.43144172508439,14.432669511566123,83.29494089472747,119.63594840856787,37.513416309328996,60.444305612624305,105.05514196558663,133.98836389894183,-0.10935603924285353,0.8640237447322473,0.7569540178658054,-0.32155072744434554,0.07542973213664265,0.9137275999327017,1.3876902359054175,0.28729665585630065,0.5121681479382509,0.6264309440764011,46.178749049861025,1.4541125669795754,1.4683596099472414,0.6870560748124411,0.33399043589846,Correct,D:/ML Projects/AIL721/Course Project/New/New_gym_dataset/New_gym_dataset/OHP\Test\Correct\PXL_20250420_135439856_Sports2D
34.434754743454,15.368790300715677,83.99001371057628,119.33923611949766,37.32405763636219,60.65330746643592,108.24118762018381,134.71548283427978,-0.3251325920033394,0.7797379438093299,0.749487881119244,-0.3575051496685539,0.0680104037998953,0.9093100228584181,1.4012373031368188,0.2878033394020535,0.519728943894142,0.6215066834563645,45.5589303824637,1.470974004765712,1.5646504449612224,0.5297916222391508,0.3367868020356797,Correct,D:/ML Projects/AIL721/Course Project/New/New_gym_dataset/New_gym_dataset/OHP\Test\Correct\PXL_20250420_135439856_Sports2D
35.27526369433472,12.817398113296937,85.0114454777812,117.24867312123081,36.239818772174395,58.49993737118637,108.4849175334909,134.31746074211054,-0.5261015051610495,0.7638908899856844,0.8457891349212542,-0.21370663493336228,0.09435238559647044,0.9713102611462575,1.4251057405044365,0.3519695333553639,0.5187921219418984,0.6193407277908936,46.527027185995365,1.46781723273007,1.6845714140615349,0.5140497156772892,0.4208265417778232,Correct,D:/ML Projects/AIL721/Course Project/New/New_gym_dataset/New_gym_dataset/OHP\Test\Correct\PXL_20250420_135439856_Sports2D
38.75129968274475,5.242773717045881,86.19369351684874,115.11856505364612,35.17621165849249,56.48847022898713,106.07248865876275,128.7543034880587,-0.3734516987598383,0.872815785867621,0.9845753439181767,0.05022979634370705,0.1011845029823398,1.009565630621385,1.4026980971503047,0.3858604219869454,0.5205612292090448,0.6237052086344395,47.320609677080384,1.443241429242434,1.587729560978768,0.614863690679145,0.638282797707915,Correct,D:/ML Projects/AIL721/Course Project/New/New_gym_dataset/New_gym_dataset/OHP\Test\Correct\PXL_20250420_135439856_Sports2D
41.228410089194696,4.8486287708390545,88.08002280200152,114.09633390146068,33.79881911557476,55.975175819037105,104.97277079523053,119.17619541012371,-0.23980448169884716,0.9130161056483544,0.977637848155499,0.15317969874310355,0.06427190045859212,0.9943382620716874,1.3530852186949103,0.36280548065171386,0.5281247919607561,0.6315327814199736,49.210915750299115,1.4352259136705126,1.4351018053712636,0.6747474790533506,0.6927916025404434,Correct,D:/ML Projects/AIL721/Course Project/New/New_gym_dataset/New_gym_dataset/OHP\Test\Correct\PXL_20250420_135439856_Sports2D
37.5620350505452,0.21069585276303932,90.57770801361106,114.40981000609206,31.50018924332276,56.48770726302571,110.93777570613206,123.30159688421156,-0.442420202136813,0.8117961530194655,0.8117606266798133,-0.005731475794269376,0.019362212391382937,0.988482651661077,1.3440121530939357,0.3439136640339381,0.5310717494557605,0.6445689876271389,51.73902904213233,1.4731485482509736,1.4971041965223955,0.5465822063140618,0.46703079367134737,Correct,D:/ML Projects/AIL721/Course Project/New/New_gym_dataset/New_gym_dataset/OHP\Test\Correct\PXL_20250420_135439856_Sports2D
37.61330187510907,4.834022374499735,92.24985138719545,115.66401504821624,29.51890166312963,57.43276809854139,112.86779646176129,127.40125427595837,-0.6083759131719764,0.7424912153893654,0.747381371782063,-0.13492485035493101,-0.011109726811618172,0.9943908254888375,1.3633525866228662,0.3360420710116622,0.5264922178471977,0.6583487544771753,51.208486184497616,1.523997944084349,1.614910761662126,0.5130980486306967,0.3468978097046167,Correct,D:/ML Projects/AIL721/Course Project/New/New_gym_dataset/New_gym_dataset/OHP\Test\Correct\PXL_20250420_135439856_Sports2D
36.878597381955224,4.187195947458547,92.640286577074,117.97612476300698,28.9952508775789,59.61166221765981,114.12615174046587,124.57553372979883,-0.38544187624045434,0.7910406645631599,0.9122484271403635,-0.019747247335079748,-0.049186929905309346,0.9416389972200536,1.3287125449483244,0.2672897111077935,0.5245140850223567,0.6743492861122601,50.961824237805665,1.5340645105346888,1.5301559272077165,0.5303139699764439,0.5436354581264036,Correct,D:/ML Projects/AIL721/Course Project/New/New_gym_dataset/New_gym_dataset/OHP\Test\Correct\PXL_20250420_135439856_Sports2D
24.151584820495955,6.388216007645955,94.43116310005453,121.83188991866436,27.707565036630196,63.970618055348986,128.14085014287386,109.64116593700504,-0.18929310078337536,0.7953651651135484,1.0331181172747776,0.06024805863146485,-0.11452891201321835,0.8540739024521293,1.2495711442440438,0.13749879579646454,0.5319710561639898,0.7165751066556647,52.56618363442593,1.5408597752422648,1.4264243219592856,0.5788264597903294,0.691525398935076,Correct,D:/ML Projects/AIL721/Course Project/New/New_gym_dataset/New_gym_dataset/OHP\Test\Correct\PXL_20250420_135439856_Sports2D
35.56207037619068,8.62953431848622,102.02437984832159,125.43698646118786,20.76043816932402,68.22180447883329,123.67749145448533,120.40772983965294,-0.4395617306107813,0.6857279520373963,0.8943076205955001,-0.14474464786681634,-0.20338825292011184,0.8431020701018278,1.232503380540939,0.053734962400907284,0.5414854616456181,0.7893671077009204,52.22137528717115,1.6385619346742932,1.571270882209407,0.41542945267352577,0.4904146711882226,Correct,D:/ML Projects/AIL721/Course Project/New/New_gym_dataset/New_gym_dataset/OHP\Test\Correct\PXL_20250420_135439856_Sports2D
50.52639596414173,17.17562656075162,113.57709300714993,127.3022053341844,9.210350091970293,70.08964843330477,120.26325394388799,127.08597812744682,-0.7604100850669149,0.6466791149352753,0.6523663543488379,-0.4404455926387078,-0.31748061668007427,0.905125272551871,1.29680604113462,0.046692439650589196,0.5415239793165486,0.8584328329012818,48.27827453836617,1.8283403245023768,1.7826321543117276,0.5069117716306605,0.28745003678223097,Correct,D:/ML Projects/AIL721/Course Project/New/New_gym_dataset/New_gym_dataset/OHP\Test\Correct\PXL_20250420_135439856_Sports2D
61.306457838740805,18.943220122784375,125.56865025181132,131.610425502706,3.340631165325382,73.8384445891919,122.03417332658452,125.10477553359247,-0.6143325336219471,0.7957686171036484,0.5545244849563995,-0.5452458984215474,-0.4595064806473985,0.8926431211632021,1.3211623033527797,-0.006348349229961124,0.5332900222142569,0.8989914703931632,46.18685291528302,1.994734814994799,1.778917272030697,0.5626658419703273,0.3081006765495576,Correct,D:/ML Projects/AIL721/Course Project/New/New_gym_dataset/New_gym_dataset/OHP\Test\Correct\PXL_20250420_135439856_Sports2D
97.54791779427563,20.594546404809694,142.41902915630237,140.95722299892554,20.221777087792596,83.15447506743529,62.23030511793179,117.4400713373744,-0.35701579033091463,0.9063196887432157,0.5652742929147492,-0.5177123998635622,-0.6097934867556423,0.7732159472413412,1.2375393739034046,-0.16864656941269193,0.5328356916510516,0.9418625166540332,44.77816153537892,2.0735823345960025,1.6966102637421112,0.6433060925116404,0.28872100847598314,Correct,D:/ML Projects/AIL721/Course Project/New/New_gym_dataset/New_gym_dataset/OHP\Test\Correct\PXL_20250420_135439856_Sports2D
75.27242424075217,26.111887053868134,160.1717656904233,151.3151044647383,36.97453960029047,94.51233055487114,67.75303615895736,111.59955649899703,-0.6236875724883867,0.7446133143667453,0.47741402638371083,-0.5832790788136331,-0.7377528408968783,0.6979550369354705,1.1194446173365782,-0.3290869340451698,0.5475227118602433,1.0270419709806402,42.04143657630927,2.122262379873094,1.7250283878548207,0.5136598468889265,0.31509429974733916,Correct,D:/ML Projects/AIL721/Course Project/New/New_gym_dataset/New_gym_dataset/OHP\Test\Correct\PXL_20250420_135439856_Sports2D
95.29624430979491,37.13857362852945,166.88233590194605,156.29441792756194,42.45737968112602,100.71937414838224,127.16113537133113,116.41919948014721,-1.2485124620942651,0.4224757641807101,0.2344980710130464,-0.7968824424613661,-0.8303559606320148,0.7394269933366086,1.0330456714941916,-0.400146388478373,0.5653263430404274,1.1395733818149816,40.59511254128198,2.184237426460742,1.919936112846626,0.8476882145234198,0.5441346668787049,Correct,D:/ML Projects/AIL721/Course Project/New/New_gym_dataset/New_gym_dataset/OHP\Test\Correct\PXL_20250420_135439856_Sports2D
96.16739969108372,46.24614680221504,169.2099787360995,160.47791528856536,44.30365391587947,105.38424010878526,128.13625422479578,120.86190669342979,-1.687907330323962,0.1857719752775857,-0.02758606352131564,-1.036541203626694,-0.9089766739727981,0.7973279185757369,0.9702391686681952,-0.4402557955192729,0.5722364056534412,1.23758371409501,40.98862359362137,2.2501256926283246,2.0617265134639537,1.2817968427741435,0.8687088490122098,Correct,D:/ML Projects/AIL721/Course Project/New/New_gym_dataset/New_gym_dataset/OHP\Test\Correct\PXL_20250420_135439856_Sports2D
100.80727516444487,58.81614721881113,174.72513313632086,172.32003721844103,50.075688967060614,116.96948138770125,129.26841380261575,121.8466658311099,-1.863524489005157,0.07361602943338644,-0.21888497465039178,-1.2201164533006192,-1.0016296825120268,0.7782756497237622,0.8930740306562938,-0.5294182010738031,0.5685538702089183,1.3076938507975653,41.10455252354851,2.302165365065591,2.0925063605777092,1.4674014900458767,1.1282542782251634,Correct,D:/ML Projects/AIL721/Course Project/New/New_gym_dataset/New_gym_dataset/OHP\Test\Correct\PXL_20250420_135439856_Sports2D
110.48544396664073,76.66803480770567,176.64918398325062,168.89226472578264,59.19232982914964,135.26622146181737,128.7068858625089,121.40181334588833,-1.9560506700060116,0.003384761415430967,-0.36428002044067953,-1.3489207485590742,-1.0995866630298636,0.6897108297892789,0.779988805521395,-0.650406365033439,0.5614839668915824,1.3401171948227177,39.96715508030084,2.3084016197012156,2.0886512377908013,1.5670473780114822,1.3214866446532536,Correct,D:/ML Projects/AIL721/Course Project/New/New_gym_dataset/New_gym_dataset/OHP\Test\Correct\PXL_20250420_135439856_Sports2D
120.57290620342339,91.18080918114642,168.908446304491,153.09137277852665,67.44284475103207,150.5573361659504,126.86993854760867,120.623473015196,-1.95001580273555,-0.02684449491973361,-0.4153287519174845,-1.360226212304868,-1.142552801732561,0.5787536564954693,0.666242996688832,-0.719988243401231,0.5540994417308706,1.2987418998967004,36.8518808155864,2.226762843891144,2.0330202035901124,1.5636064652769674,1.3655597228198457,Correct,D:/ML Projects/AIL721/Course Project/New/New_gym_dataset/New_gym_dataset/OHP\Test\Correct\PXL_20250420_135439856_Sports2D
127.21887979617776,94.5086816158041,164.68223102524314,147.8226919933147,72.12753072576852,155.3675462556734,124.90865092959076,119.1411353601307,-1.7173017026822264,0.03614846378567861,-0.2578560012578717,-1.165092693360738,-1.0739609117014473,0.48509363963106006,0.6062464624608271,-0.6833265357143424,0.5474206520805759,1.1684201753454024,31.608012740090107,2.0465342719689468,1.8902280478895896,1.320419049321159,1.118893941322663,Correct,D:/ML Projects/AIL721/Course Project/New/New_gym_dataset/New_gym_dataset/OHP\Test\Correct\PXL_20250420_135439856_Sports2D
132.88384406044636,94.17708559057363,160.85537367373362,145.46879592175767,76.24197151671024,157.4338588877984,123.35812745626386,116.74322670277523,-1.3951762238353873,0.13658022931727595,0.009482234225635289,-0.89590213533441,-0.9812542260713678,0.40907768759665414,0.5632699010947794,-0.6168522663859969,0.5432133532948573,1.025929953982651,25.266087871793395,1.8542079305938677,1.7432972256959245,0.9846807062899501,0.7470631246058095,Correct,D:/ML Projects/AIL721/Course Project/New/New_gym_dataset/New_gym_dataset/OHP\Test\Correct\PXL_20250420_135439856_Sports2D
141.94954702692797,115.98411815092435,152.23526705419056,125.28408542608007,85.07782050298084,177.40282701674857,123.1282734760529,118.58129113417579,-1.3949942052532138,0.10053503747367319,0.04042544618349832,-0.8988361288560837,-1.0519861399731678,0.3243804526350698,0.4394787660351008,-0.6814342034986204,0.5400480876817381,1.0058146561336903,26.19530164030825,1.7989248701231486,1.7490489712475152,0.988811201644399,0.734916617159872,Correct,D:/ML Projects/AIL721/Course Project/New/New_gym_dataset/New_gym_dataset/OHP\Test\Correct\PXL_20250420_135439856_Sports2D
145.82089315894208,138.76090630612936,148.3331134285952,107.81767972813213,89.36378078449285,165.5145739412202,123.54288762555078,124.27548024734956,-1.7384573683479512,-0.07472263532527354,-0.24625343293211133,-1.211900673686953,-1.2095284816800538,0.27593740854676024,0.2693361409814711,-0.8605125395267725,0.5343981670430623,1.1364499480735328,31.39333884789206,1.8650895572696098,1.8761253891471745,1.3595395646868629,1.1575180311879774,Correct,D:/ML Projects/AIL721/Course Project/New/New_gym_dataset/New_gym_dataset/OHP\Test\Correct\PXL_20250420_135439856_Sports2D
137.28004025341852,141.92402777981474,157.48871146526807,104.92713923134734,80.65050506681136,163.066355763427,123.37046481339283,124.99038354324175,-1.8798468407880558,-0.13799699175561553,-0.4203074469825479,-1.3748119293355021,-1.1006351460658659,0.3752223379168894,0.22368438816971672,-0.9240450536877868,0.5278571258568646,1.2992673916046762,31.239556194189188,1.8552406807865036,1.9131038737849255,1.509666754729856,1.3957231025317127,Correct,D:/ML Projects/AIL721/Course Project/New/New_gym_dataset/New_gym_dataset/OHP\Test\Correct\PXL_20250420_135439856_Sports2D
104.9069860309102,136.1257994486587,169.47945398937978,108.95506896259134,47.853585429518674,167.32920040273,122.94659939860848,123.45499985138872,-1.645674661361852,-0.026011051012097292,-0.25267696666114003,-1.184259124733043,-0.7492346538333029,0.5549567639725305,0.30063772613178574,-0.8186527514820663,0.5243704000583016,1.3736095154545966,29.72615932184399,1.7288826204115104,1.8116239062564226,1.2535091247364663,1.1447606178107486,Correct,D:/ML Projects/AIL721/Course Project/New/New_gym_dataset/New_gym_dataset/OHP\Test\Correct\PXL_20250420_135439856_Sports2D
103.42352277388896,143.36670325981717,167.27775372173284,103.87355835666361,45.553257219231135,162.14906185416177,122.12973444534218,125.51576511397897,-1.5880120068854346,-0.029450452325501468,-0.1801140228773296,-1.103806825523295,-0.697433629828708,0.5298525671714025,0.25434804542611716,-0.793727642690245,0.5258353627503178,1.3235802098616474,30.965164825444454,1.6302616137566035,1.7709936052975468,1.1989137522894011,1.036152710533018,Correct,D:/ML Projects/AIL721/Course Project/New/New_gym_dataset/New_gym_dataset/OHP\Test\Correct\PXL_20250420_135439856_Sports2D
150.11963480834748,161.3552429615474,147.33974636647196,92.53807824416793,90.21836155498342,150.09618616562327,120.09872674663593,131.45142912717066,-1.9320370515381227,-0.22584317262528233,-0.4760113406528032,-1.3915992261229704,-1.0840393202598297,0.26569874205292715,0.0359467167354309,-0.9394301236452572,0.5364439860329354,1.2051288656981844,30.430551108347,1.6452064630323278,1.8652072396990111,1.588838896075714,1.4381735775154658,Correct,D:/ML Projects/AIL721/Course Project/New/New_gym_dataset/New_gym_dataset/OHP\Test\Correct\PXL_20250420_135439856_Sports2D
165.52882780438148,166.16745328043606,135.72236279240406,89.81175389178296,100.84496193600964,146.37907862019674,115.31613413162813,132.54653190063271,-2.1267087458701517,-0.26416971504837006,-0.6709776878854545,-1.554217871871811,-1.3729337080769988,0.09239783355812987,-0.060328278634848395,-0.9937477587268799,0.5509567568261088,1.0861455922850098,25.144263970761255,1.7037151349451487,1.9450905274831818,1.7925990908998735,1.6791220824788107,Correct,D:/ML Projects/AIL721/Course Project/New/New_gym_dataset/New_gym_dataset/OHP\Test\Correct\PXL_20250420_135439856_Sports2D
172.9721012077661,161.69887190760446,138.1858556460397,91.55760662496438,98.85610237272178,148.59956464372567,105.88400116495568,130.2984365513301,-1.8955340040605912,-0.03441737448794531,-0.4486699383310986,-1.2779786820928143,-1.3017009076361397,0.13456117462032718,0.07821701007267211,-0.8311707722958458,0.5440247259002483,0.9657319469161729,22.195889010730685,1.684283721024556,1.9078418043619891,1.5074725359250385,1.3288142619675076,Correct,D:/ML Projects/AIL721/Course Project/New/New_gym_dataset/New_gym_dataset/OHP\Test\Correct\PXL_20250420_135439856_Sports2D
179.654052522277,160.3429670883152,141.18389460638565,89.13377752586027,98.40175830192813,148.71943043417392,98.74770577965059,129.0623975224891,-1.74168902485515,0.05635579407538543,-0.2857135499276048,-1.0696275573635419,-1.2217356829867678,0.13636295475334956,0.1499437420285061,-0.7160529753676989,0.5062497251166863,0.8524159301210484,31.05356033294216,1.6149666754872576,1.8405714034799439,1.3251855264963055,1.0865690581694811,Correct,D:/ML Projects/AIL721/Course Project/New/New_gym_dataset/New_gym_dataset/OHP\Test\Correct\PXL_20250420_135439856_Sports2D
179.9904838845428,170.4708213803725,136.1193072172775,80.62994179674385,105.53256361231263,142.281812626334,105.54207972771388,132.75263400670644,-1.930876696580029,-0.17705393550977336,-0.5278564253294072,-1.2969779710036788,-1.3195951722036412,-0.007046995784207225,-0.007062174113198579,-0.8155163147964164,0.474827653670878,0.8084693190122092,36.08952103059762,1.5415464673049435,1.7951868222603247,1.547378223505123,1.4350952954774463,Correct,D:/ML Projects/AIL721/Course Project/New/New_gym_dataset/New_gym_dataset/OHP\Test\Correct\PXL_20250420_135439856_Sports2D
176.34606695632732,174.27999337837647,131.33745541479024,79.00473645907041,109.57965601694849,139.9218478908091,113.23358906062106,134.2018412691855,-1.9574769070148565,-0.3448708645903738,-0.7078714055583534,-1.4752713134692341,-1.3178395248129695,-0.07027795658355511,-0.11349598263323742,-0.8972293055535966,0.48607440594465817,0.8269513489700415,28.740161393156228,1.4609215930888952,1.6850279178980647,1.6302182278428734,1.681974109885442,Correct,D:/ML Projects/AIL721/Course Project/New/New_gym_dataset/New_gym_dataset/OHP\Test\Correct\PXL_20250420_135439856_Sports2D
170.11917883623374,170.28411054296976,131.4294607635956,82.53182397562419,107.79879477265425,141.76007951187398,117.67961593642057,132.04419005484368,-1.5664173374684158,-0.20091937131808754,-0.4477539849098496,-1.201723843554245,-1.1155187983426895,0.03560306000063818,0.008228315575149291,-0.7905182935252597,0.5116192047126825,0.8261213535258979,14.133893301456848,1.3947344072582901,1.5010054257082033,1.2251289821135378,1.290160673953125,Correct,D:/ML Projects/AIL721/Course Project/New/New_gym_dataset/New_gym_dataset/OHP\Test\Correct\PXL_20250420_135439856_Sports2D
166.16279333262946,164.35467583540242,134.2956292388678,85.10056961555279,104.95020414961472,144.34640300403535,118.78741081698529,128.7010788394377,-1.3729002718506476,-0.08619568567506387,-0.22194974643805512,-0.9830507685229031,-1.0541967942105235,0.08892185436615903,0.08339712587811189,-0.7384123550087103,0.5113555816957271,0.8273342093748692,14.19789827160733,1.4066278189430808,1.4591217055398522,1.003261307782728,0.9765750293703084,Correct,D:/ML Projects/AIL721/Course Project/New/New_gym_dataset/New_gym_dataset/OHP\Test\Correct\PXL_20250420_135439856_Sports2D
169.16779669818825,170.42644019031894,132.17487886105445,83.11123011469299,107.5917311906282,142.87784016637562,118.42393449243991,133.3042803566945,-1.7731076503615482,-0.2847331612587636,-0.4807912352336179,-1.303709842283123,-1.276713960750022,-0.01606604961614192,-0.07412645311211248,-0.9204309747241218,0.5035235298885472,0.9043649251079799,28.09232424787067,1.504690211070811,1.6457202658047703,1.4444449898868508,1.3927547242327722,Correct,D:/ML Projects/AIL721/Course Project/New/New_gym_dataset/New_gym_dataset/OHP\Test\Correct\PXL_20250420_135439856_Sports2D
169.12116021276904,174.0459986401967,128.15910607608956,83.76941950493112,109.95921541364243,141.8877409946631,120.83805520087336,135.93373963485973,-2.3496097478057867,-0.6329125211453219,-0.9759206756439518,-1.8801298136778508,-1.5034035668280434,-0.12771032861646892,-0.27540356242233166,-1.1563999328770536,0.5281668317617926,1.0286896042605846,36.373650246284406,1.601932056216563,1.8554171072211807,2.1237651805578084,2.138452937304709,Correct,D:/ML Projects/AIL721/Course Project/New/New_gym_dataset/New_gym_dataset/OHP\Test\Correct\PXL_20250420_135439856_Sports2D
166.7040609064161,173.74367909694897,124.36769392827166,87.43724088434482,110.46072323216254,142.265658044779,123.75666232574653,136.009337141728,-2.5820538590533797,-0.8388339704799076,-1.2364751024709815,-2.1796250156644112,-1.511861410017979,-0.1235742236492092,-0.32227709333218374,-1.2326364750235874,0.5760269634705283,1.1090622513743782,42.7342033401712,1.6263855397563074,1.8995533203921355,2.448098337767695,2.506959474776647,Correct,D:/ML Projects/AIL721/Course Project/New/New_gym_dataset/New_gym_dataset/OHP\Test\Correct\PXL_20250420_135439856_Sports2D
164.30506429667076,172.64735857094678,122.58501302024168,90.32707409261307,110.04529086003343,142.95737797288817,125.74022656336268,135.60473654383486,-2.5318802159440326,-0.8690396643783543,-1.2319453854188225,-2.172210685115744,-1.4221343550419134,-0.07042432917161945,-0.2766075603270246,-1.1964904734192028,0.6069555869214198,1.1260661442475832,48.94190593742776,1.6063177140996692,1.8406752220047773,2.435352154887172,2.4792789928094905,Correct,D:/ML Projects/AIL721/Course Project/New/New_gym_dataset/New_gym_dataset/OHP\Test\Correct\PXL_20250420_135439856_Sports2D
163.31137821145103,172.13724974966814,122.50768742513057,91.04335832846036,109.68956044813724,143.24060620172807,126.3781822366862,135.37785595139616,-2.462168057888894,-0.8440055858558757,-1.1748986943396171,-2.105850143463425,-1.377849287525761,-0.04521399753088599,-0.24585224463272726,-1.1644683578463324,0.6129450069933144,1.1192543603154466,51.42715319794639,1.5919006338976411,1.8025853937875875,2.3656973687740557,2.387998940503012,Correct,D:/ML Projects/AIL721/Course Project/New/New_gym_dataset/New_gym_dataset/OHP\Test\Correct\PXL_20250420_135439856_Sports2D
163.38579395023964,172.16735158533368,122.8095345773503,90.7422036618544,109.64708778440416,143.1988260236089,126.26129383416456,135.36617760894256,-2.4463621198088576,-0.829110753182802,-1.1548396877127942,-2.083054457526809,-1.3788300086975573,-0.04604022072655205,-0.2432310087738852,-1.1597184785782695,0.6093618885050404,1.1136782578517175,50.706035644000146,1.5905547304759058,1.8001124982265138,2.3425710745614237,2.359894064327331,Correct,D:/ML Projects/AIL721/Course Project/New/New_gym_dataset/New_gym_dataset/OHP\Test\Correct\PXL_20250420_135439856_Sports2D
163.61528654770865,172.28209851366773,122.93371487570232,90.48882946433592,109.70374519306371,143.12628953310198,126.08845864535506,135.40838804676972,-2.4540454470702247,-0.8284433964941644,-1.1584865092970094,-2.087488862600055,-1.387812319218585,-0.051261762159353505,-0.24824991722887793,-1.1641830798084942,0.6068563204462248,1.1129213176491406,49.948837326154354,1.5928579118384822,1.806562605326995,2.3475306075662945,2.367207932626032,Correct,D:/ML Projects/AIL721/Course Project/New/New_gym_dataset/New_gym_dataset/OHP\Test\Correct\PXL_20250420_135439856_Sports2D
163.68393458551543,172.3180220020206,122.92113980532595,90.4546368482437,109.73233008413753,143.108106737707,126.04839549862211,135.42612873972757,-2.459996095485134,-0.8311151298045634,-1.1637684614304935,-2.0936045752194152,-1.3909452655911299,-0.05302375097121363,-0.2506122839210212,-1.1667634422238087,0.6066342072678249,1.113739691252595,49.810017846739726,1.59398099391306,1.809443472195468,2.3539043377782063,2.3754281553225205,Correct,D:/ML Projects/AIL721/Course Project/New/New_gym_dataset/New_gym_dataset/OHP\Test\Correct\PXL_20250420_135439856_Sports2D
163.6630389635902,172.30823647139158,122.89329721951391,90.49208740902681,109.73070798202707,143.11609261056773,126.06766901843685,135.42432908195923,-2.4606582252458753,-0.8321982723691176,-1.164960731549844,-2.0949548899295727,-1.3903210098028191,-0.05261970484530031,-0.2504591272389453,-1.1668064814337302,0.6070429506867007,1.11418677658843,49.90171980361567,1.5939564876264893,1.809250195623286,2.3552418332673235,2.376972886942473,Correct,D:/ML Projects/AIL721/Course Project/New/New_gym_dataset/New_gym_dataset/OHP\Test\Correct\PXL_20250420_135439856_Sports2D
163.6416470020608,172.29737009042594,122.88591713914406,90.51263298309179,109.72423254746568,143.1227826697013,126.08258554540487,135.42015276012725,-2.4597085391487368,-0.8320557332219368,-1.1643424389634844,-2.094228830379174,-1.3894582876806276,-0.05211398151328376,-0.24992002180346454,-1.1662960903619388,0.6072351032591892,1.1141821088486552,49.9624953833487,1.5937218173435312,1.8086056122595222,2.3544517929197455,2.375898644200191,Correct,D:/ML Projects/AIL721/Course Project/New/New_gym_dataset/New_gym_dataset/OHP\Test\Correct\PXL_20250420_135439856_Sports2D
163.6438678899332,172.29837312365774,122.8827844528874,90.51028401998146,109.72776544015174,143.12083391302068,126.08389755021851,135.41920703667844,-2.459328719434462,-0.8319352048243969,-1.1640596397013458,-2.0938509889124255,-1.389329447352606,-0.05213883910627439,-0.2499226352780321,-1.1662385046341779,0.6072295535704499,1.1140996655279034,49.972295744408555,1.5935701892704097,1.8083565563912383,2.3540577473097586,2.375431491909346,Correct,D:/ML Projects/AIL721/Course Project/New/New_gym_dataset/New_gym_dataset/OHP\Test\Correct\PXL_20250420_135439856_Sports2D
163.66166599291768,172.30791487175446,122.86973275645971,90.50038353719248,109.74238415276197,143.11250044641412,126.08071815984428,135.42041531816864,-2.4597098486395828,-0.8322886776868084,-1.164536639279365,-2.0942821077351597,-1.3896726745304584,-0.052555599871204964,-0.2504547482471015,-1.1666864227245732,0.6072078233694344,1.1141308228533682,49.976561337052225,1.5934569256799116,1.8083420748657177,2.3545495985839926,2.3760835727599603,Correct,D:/ML Projects/AIL721/Course Project/New/New_gym_dataset/New_gym_dataset/OHP\Test\Correct\PXL_20250420_135439856_Sports2D
163.6610793523196,172.30869154806976,122.87025038138798,90.50104526542867,109.74119247164967,143.11248811846647,126.0801131193301,135.4211796665362,-2.460044605291488,-0.8324053039422656,-1.1647231527397317,-2.094534371281377,-1.3898979588165603,-0.052609755146628,-0.25057659875282673,-1.1668483136003216,0.6072171707289368,1.1142385584536936,49.97259845588227,1.5936062018712278,1.8085429074431956,2.354904471904648,2.3763904112524816,Correct,D:/ML Projects/AIL721/Course Project/New/New_gym_dataset/New_gym_dataset/OHP\Test\Correct\PXL_20250420_135439856_Sports2D
163.57928633172614,172.26624202902818,122.95011964889272,90.53617916553412,109.66515675900195,143.15145557342893,126.08587042727586,135.417697602457,-2.458605438362132,-0.8304178993675603,-1.1622616963114634,-2.0923898910579477,-1.3889186648167366,-0.05079288011898761,-0.248203474229387,-1.1649062253356746,0.6071640084387382,1.114113345216687,49.899590249402586,1.5945155038527066,1.8091656655389337,2.3526547269559237,2.3731897822513655,Correct,D:/ML Projects/AIL721/Course Project/New/New_gym_dataset/New_gym_dataset/OHP\Test\Correct\PXL_20250420_135439856_Sports2D
163.43545501699472,172.1857171539283,123.10163246926908,90.5920957970838,109.52947419388884,143.22320246024182,126.09401917689411,135.4089196141702,-2.4545895036030845,-0.8261521367256262,-1.156948028882682,-2.0873883696042395,-1.3862607199290822,-0.04728419254301835,-0.2433161008179063,-1.160621302589657,0.6069444516567108,1.1133371100466387,49.76029386528443,1.5955694666676825,1.809582888966509,2.346954309473037,2.366065924328963,Correct,D:/ML Projects/AIL721/Course Project/New/New_gym_dataset/New_gym_dataset/OHP\Test\Correct\PXL_20250420_135439856_Sports2D
163.58479593418497,172.25286673696817,122.9763016356631,90.51694342603025,109.66442642399483,143.15767148568813,126.07963048980989,135.4105382226563,-2.4545380647110977,-0.8283604445393432,-1.1596702253401303,-2.0891078795835862,-1.3863047329066356,-0.04997286782628325,-0.2462689007459893,-1.1625223753441036,0.6068109856327726,1.1125495075178204,49.86461276172243,1.592936943286947,1.8072539435308683,2.3478961188255267,2.3692345989985677,Correct,D:/ML Projects/AIL721/Course Project/New/New_gym_dataset/New_gym_dataset/OHP\Test\Correct\PXL_20250420_135439856_Sports2D
164.57909761468528,172.77148391310044,121.98543008063356,90.10972785061098,110.59143643483603,142.68659436608056,126.01233882015073,135.45807827918105,-2.4749110772732235,-0.8543090113852558,-1.191919404997922,-2.1178738383670432,-1.3999005877103048,-0.07291440643259936,-0.2767471752624989,-1.187949797231524,0.6076965394583159,1.1150353907989248,50.84245168727578,1.5826488905083347,1.8007397655167414,2.3788003066309056,2.411560218894818,Correct,D:/ML Projects/AIL721/Course Project/New/New_gym_dataset/New_gym_dataset/OHP\Test\Correct\PXL_20250420_135439856_Sports2D
165.64542287136337,173.3721489516983,120.80109433358547,89.76015936821685,111.60542045238694,142.1666741541895,125.95999758102359,135.53882310588781,-2.513669593350892,-0.8921074257894236,-1.2389929675391205,-2.163469433448261,-1.4253658552422825,-0.10256879801460761,-0.3193094145375179,-1.226323298669529,0.6100550730870208,1.1237545006549214,52.32353446526152,1.5767641002276416,1.800322708546774,2.4324671391107784,2.4753980096983237,Correct,D:/ML Projects/AIL721/Course Project/New/New_gym_dataset/New_gym_dataset/OHP\Test\Correct\PXL_20250420_135439856_Sports2D
162.74946248142348,171.98219833689012,123.45963953658749,91.05729382798785,108.95110165331522,143.46803501789037,126.20163917189178,135.45023335478055,-2.482697477091964,-0.8306111379609297,-1.1627493753398312,-2.1023373462653674,-1.403938347785155,-0.041031412744697154,-0.24358438935447516,-1.1686119470575294,0.6099966233308023,1.1275805343128322,49.558716827065595,1.6179799659473415,1.832907673672474,2.375515138084324,2.379234544123037,Correct,D:/ML Projects/AIL721/Course Project/New/New_gym_dataset/New_gym_dataset/OHP\Test\Correct\PXL_20250420_135439856_Sports2D
147.84761487010783,161.4377318459798,138.44870444995323,100.10743820365576,94.84850890016514,153.40465155377387,127.00089403005732,134.8423833997537,-2.224000553113162,-0.519250120654707,-0.7756240454857037,-1.7513414362330135,-1.2319528216471094,0.22833573529539108,0.11920759588079326,-0.8614195368644016,0.5976641416017159,1.0897552721597927,43.56342151488757,1.735857432825127,1.9015371460401704,1.9982621186483422,1.8692055621643004,Correct,D:/ML Projects/AIL721/Course Project/New/New_gym_dataset/New_gym_dataset/OHP\Test\Correct\PXL_20250420_135439856_Sports2D
107.06616617686146,59.18790995395866,179.83525719429278,161.1082902764144,55.41839969751805,105.85463338460039,128.35223352065657,133.33327656935828,-1.7049209722541625,-0.024491260121473766,-0.16632171755072284,-1.1588981708775241,-0.8933819714672874,0.6176257692710037,0.6792038994020225,-0.36118747663671263,0.5699443199817917,0.9788132459077162,40.72595663298907,1.8523233226470441,1.9115874831524362,1.3305671270965949,1.0473128638073834,Correct,D:/ML Projects/AIL721/Course Project/New/New_gym_dataset/New_gym_dataset/OHP\Test\Correct\PXL_20250420_135439856_Sports2D
62.45046648121462,16.355496107674345,134.7462754914534,121.94666506536313,11.71495384887422,64.97798670794234,129.2644873676596,131.377509399732,-1.1685346604007316,0.3673117388696984,0.29454120529432043,-0.6655554327390487,-0.5445995616458894,0.8773512286767488,1.103013707794123,0.04664513454861593,0.5450974261199729,0.8307060941281328,40.764489341188764,1.8451834869346804,1.790923109172021,0.7553164343694073,0.41229927807188693,Correct,D:/ML Projects/AIL721/Course Project/New/New_gym_dataset/New_gym_dataset/OHP\Test\Correct\PXL_20250420_135439856_Sports2D
47.489648226079325,10.443439700681852,116.34289323946643,116.47446371193043,6.292347035410174,59.10970398680697,126.21800473851056,131.3337357138749,-0.9013804034711403,0.5474447105178675,0.4732339787512879,-0.4613578670908734,-0.3455414341535916,0.9545256315000752,1.2656998570224338,0.23566757383137987,0.5392888408485972,0.7188580576686954,42.34350236860755,1.7643285990613524,1.7050652012174747,0.554869603738937,0.1986859952794726,Correct,D:/ML Projects/AIL721/Course Project/New/New_gym_dataset/New_gym_dataset/OHP\Test\Correct\PXL_20250420_135439856_Sports2D
51.12038305730586,10.585267402375694,112.95450876202328,113.50842151046359,10.088131941733508,56.55106221422057,118.79148500096066,134.03420518815517,-0.9236760197222267,0.6253941878038074,0.5233682116436478,-0.4367008851088361,-0.2948924042920743,0.9709492266559187,1.2839779277807883,0.29868941823294526,0.5452630401062825,0.6722598084229734,43.921283796806904,1.716031694206364,1.794988287269465,0.6156343565665015,0.19438065671399418,Correct,D:/ML Projects/AIL721/Course Project/New/New_gym_dataset/New_gym_dataset/OHP\Test\Correct\PXL_20250420_135439856_Sports2D
56.74771008681438,11.095651947968237,113.66163652448807,111.35693102166117,10.062411009233358,55.080978555382714,113.18987890395232,136.01467339258556,-1.0283995606838183,0.6811612314522951,0.5483867751600668,-0.430384470459446,-0.2879611324331187,0.9983587360708656,1.274230744093319,0.32163428447436904,0.5551935569018378,0.6767244515964964,44.722419389086305,1.7024686318619124,1.9291938721503472,0.733531363247903,0.20225545513279053,Correct,D:/ML Projects/AIL721/Course Project/New/New_gym_dataset/New_gym_dataset/OHP\Test\Correct\PXL_20250420_135439856_Sports2D
56.82988646699601,8.77587793064285,113.7516679153377,110.11485664833005,11.336898270699972,55.203422834367906,111.83321526230401,133.57245509627487,-1.0675997944489952,0.712424216643462,0.5394718703574934,-0.3896490344218409,-0.2589704309085551,1.0363967816943715,1.291319953138103,0.3256373020559508,0.5748419725194451,0.7107594796384207,45.15848544963775,1.7054557492832856,1.9486520434745513,0.7837137789157944,0.16564720722672718,Correct,D:/ML Projects/AIL721/Course Project/New/New_gym_dataset/New_gym_dataset/OHP\Test\Correct\PXL_20250420_135439856_Sports2D
53.94149076341502,5.566516086477267,113.72430048821543,109.63638662842105,13.282170936204379,56.64285805284075,112.7763383003806,128.9236580336365,-1.075830225680036,0.7178007293552795,0.5068861211232392,-0.3542227668703551,-0.2156211735910807,1.0789813739086078,1.3382769368076615,0.31719204193364786,0.6019052233279099,0.76178933197496,45.60939000739848,1.7305843879486598,1.9116028381696182,0.7946555642329526,0.12006654960247486,Correct,D:/ML Projects/AIL721/Course Project/New/New_gym_dataset/New_gym_dataset/OHP\Test\Correct\PXL_20250420_135439856_Sports2D
50.008437618844894,4.833753234622795,111.12520410450757,109.95059988290593,16.765894783899757,57.84169877131325,113.22566759725534,126.99205446330939,-1.0727890174327255,0.725958995878521,0.511043735638202,-0.3437607869896111,-0.1489590852695923,1.122402991412168,1.3929011459204281,0.3205747210232694,0.6141626055509731,0.8018282703888987,45.16298904630246,1.7378899699693868,1.9112369302521541,0.7971278213174192,0.12209387594022088,Correct,D:/ML Projects/AIL721/Course Project/New/New_gym_dataset/New_gym_dataset/OHP\Test\Correct\PXL_20250420_135439856_Sports2D
45.2664876704948,6.255132791802363,104.01372363002962,111.18839043376468,22.56928256104989,57.77139662484395,112.16422976845529,128.48373616695844,-1.0210414208697651,0.7435693221231816,0.5649793852178063,-0.3358835949493967,-0.052277420672960116,1.13820923542634,1.4216293834182778,0.34512964889798864,0.5959867347522878,0.7930795865283513,43.46562033613715,1.6737313098924893,1.9185099941150079,0.7631337026158361,0.16781571446507892,Correct,D:/ML Projects/AIL721/Course Project/New/New_gym_dataset/New_gym_dataset/OHP\Test\Correct\PXL_20250420_135439856_Sports2D
41.585193773194504,8.155502649928883,97.09555735715018,112.77960549995538,27.511425387332142,57.3865882444379,110.90338083947336,130.768914405491,-0.9440212707737928,0.7534056961451678,0.6096484872095579,-0.33792454088936597,0.02588897249542011,1.1238439809594696,1.4223229282028909,0.362788153012841,0.5679440580142426,0.7610558279466286,42.6556033906726,1.5903564901946805,1.898655156456247,0.70986696613359,0.20532995482046756,Correct,D:/ML Projects/AIL721/Course Project/New/New_gym_dataset/New_gym_dataset/OHP\Test\Correct\PXL_20250420_135439856_Sports2D
40.25202355423325,10.253291614502961,95.01265713985995,113.94694214410957,28.98220275823096,57.94180204220031,110.76577368753578,132.31148957230263,-0.8989330673301422,0.7693408995617191,0.6152017417227967,-0.38928444530474193,0.05766055435854267,1.1320629884708089,1.4440119616721645,0.36517869654274215,0.5591185268487773,0.7668842919280667,43.322294979173044,1.5843237490382047,1.9065720310947358,0.6888533572772384,0.2286989242493965,Correct,D:/ML Projects/AIL721/Course Project/New/New_gym_dataset/New_gym_dataset/OHP\Test\Correct\PXL_20250420_135439856_Sports2D
40.7144407643701,12.032863173951624,96.44146523608873,114.09479073191963,28.19378638909691,58.730042357105326,111.09177284653302,133.30282081684632,-0.8916477531548581,0.8013267751262038,0.6044346723548701,-0.4638384557214692,0.06326472793049177,1.1696393115189079,1.490284193616863,0.37102624916957083,0.5683500778969816,0.7986130623493372,45.193695519249296,1.635288163842325,1.959312554255935,0.7057550150882506,0.26371171355312084,Correct,D:/ML Projects/AIL721/Course Project/New/New_gym_dataset/New_gym_dataset/OHP\Test\Correct\PXL_20250420_135439856_Sports2D
40.413899799749004,11.99369492622779,96.96579723995252,113.29086169213119,28.190873278912857,58.44753221099637,111.39522692133815,133.54616271523145,-0.8494575644305196,0.8059346530439859,0.660744988149869,-0.41199104485297455,0.059815439483791755,1.1621874682140478,1.4894304950542003,0.3756720287634504,0.5758141920160086,0.7865154394505974,46.32058950966385,1.6316880043708568,1.9401172014644166,0.6801030756502592,0.2808522645660501,Correct,D:/ML Projects/AIL721/Course Project/New/New_gym_dataset/New_gym_dataset/OHP\Test\Correct\PXL_20250420_135439856_Sports2D
36.124896098352444,9.53565594150079,94.97853251390899,112.48651781730423,30.071400343595595,57.53645067480899,113.80370355805196,131.99920526669183,-0.6833933017560773,0.7538287079022544,0.868890142431421,-0.13890258821442164,0.04760027813272525,1.0762917358060957,1.4143855955678162,0.3522500233990624,0.5742901035279502,0.7240417124070333,44.99218813991771,1.5467186251097684,1.790685080678555,0.5412084234777073,0.4828820671658632,Correct,D:/ML Projects/AIL721/Course Project/New/New_gym_dataset/New_gym_dataset/OHP\Test\Correct\PXL_20250420_135439856_Sports2D
26.48948643959287,2.5924383778940454,92.55192694094002,112.29427607500779,32.41062408301129,57.25682709895915,121.09988947739583,120.15073452314678,-0.4474273891086486,0.6928321848064903,1.1403459479061455,0.1952440927051606,0.03168830924898152,0.9818519914691884,1.3326782705175515,0.3069628928103091,0.5730409095973589,0.6748890986588794,42.73374389428721,1.4656227941766566,1.6639164880294133,0.40805367220016936,0.8751273994547332,Correct,D:/ML Projects/AIL721/Course Project/New/New_gym_dataset/New_gym_dataset/OHP\Test\Correct\PXL_20250420_135439856_Sports2D
15.144323068086923,124.568530933361,91.82642327967207,112.61527306980354,33.45282249547769,57.89451884495322,131.4028544364354,2.463049778314243,-0.2824162017111241,0.6719466119965104,1.303709767751483,0.3781216792576269,0.022769577251396014,0.9410310916308207,1.2990672970580694,0.2701944634017975,0.5775619573215679,0.6708366282290232,41.47808531924774,1.4418590955281998,1.613111490909015,0.40327507019054387,1.1165771326083016,Correct,D:/ML Projects/AIL721/Course Project/New/New_gym_dataset/New_gym_dataset/OHP\Test\Correct\PXL_20250420_135439856_Sports2D
11.76211560163785,123.75022777639876,92.76227399072656,112.9903907111901,33.09918428556805,58.85184898748448,135.1387001127941,2.602076763883174,-0.2361063892848642,0.6897662883129232,1.3145906825680513,0.3766017381224787,0.023587853734035266,0.9507209068341261,1.3089876275060923,0.25331149859738306,0.5858273253177068,0.697409408236743,41.227479580346774,1.4624063939652272,1.5820029848736663,0.43138234332531766,1.1292518055595955,Correct,D:/ML Projects/AIL721/Course Project/New/New_gym_dataset/New_gym_dataset/OHP\Test\Correct\PXL_20250420_135439856_Sports2D
14.882635564923786,62.26467688864475,94.14877832823558,113.2180443511157,32.34766462385842,59.71448730320986,132.76969981121778,58.02083580814538,-0.24878406871826336,0.7208015650911872,1.254195887771803,0.29574165783975837,0.028903046334579713,0.9776700106173137,1.333147232987932,0.2464472943023517,0.5947728804046201,0.731222716314962,41.26602330060088,1.4952389639365662,1.5619297917523292,0.4502657202983399,1.0383300481766728,Correct,D:/ML Projects/AIL721/Course Project/New/New_gym_dataset/New_gym_dataset/OHP\Test\Correct\PXL_20250420_135439856_Sports2D
18.245264288878708,20.30708552056613,95.4047599737216,113.36284140509146,31.70766012556164,60.475261504374934,130.04707558555964,99.21765297505894,-0.26558449264974987,0.75069632453135,1.189804580484773,0.21328578825961972,0.03447845655512415,1.0028994485228289,1.355508876567588,0.24017642372871298,0.6033808671366342,0.7627230247941158,41.24485154457362,1.5254074154629615,1.5514404399445163,0.46833012335300855,0.9439305686630725,Correct,D:/ML Projects/AIL721/Course Project/New/New_gym_dataset/New_gym_dataset/OHP\Test\Correct\PXL_20250420_135439856_Sports2D
26.769559899811846,97.91268555793788,94.13098721426688,112.51333832410648,33.078893137338206,59.7232186757118,120.15154696284995,22.36409576635033,-0.26499905190040884,0.8662641690675641,1.3898443305793946,0.3444390700175444,0.11157304955211339,1.0850082484544228,1.4123647443995258,0.28970311987579717,0.6047364632084451,0.7953051285786257,50.7243363637876,1.5246538233079232,1.7351680191081669,0.5794174118342278,1.1839310503442666,Correct,D:/ML Projects/AIL721/Course Project/New/New_gym_dataset/New_gym_dataset/OHP\Test\Correct\PXL_20250420_135445684_Sports2D
31.404364935332442,10.086980720420867,91.42837460905736,114.85238298150936,31.65001768244564,57.930775273012515,116.94561738222191,132.15620544740838,-0.6361615549434534,0.7036724857561266,0.9941819942664877,-0.03312841980778859,0.06685673707735375,1.0610380941048707,1.4268889287226685,0.35862401041449965,0.545785996966125,0.702414083690371,49.592322354442786,1.5307100010381265,1.7891047098731456,0.4824380599385807,0.6231891738050566,Correct,D:/ML Projects/AIL721/Course Project/New/New_gym_dataset/New_gym_dataset/OHP\Test\Correct\PXL_20250420_135445684_Sports2D
33.98965667976871,12.206056709883537,91.86434131106174,116.53419518230929,29.613797459644466,58.01233395301557,116.39654586058681,134.193722756868,-0.842043649903258,0.6242231161351401,0.8044646369481114,-0.2528613131735478,0.024428748797509243,1.054278643991869,1.4599351420892137,0.38441619209690286,0.5221732014698844,0.6698624518949662,48.71410915636516,1.5841067860596059,1.865547274878334,0.5519160904061249,0.37813437602305616,Correct,D:/ML Projects/AIL721/Course Project/New/New_gym_dataset/New_gym_dataset/OHP\Test\Correct\PXL_20250420_135445684_Sports2D
36.92728246918763,14.441683338162687,96.08528733717763,117.74916173487779,26.210863639943835,60.04531271199942,116.86185389086852,134.3963706261633,-0.9261992369980866,0.614972935330742,0.7938730772252115,-0.3399693271496698,-0.027273803438921176,1.0702715694678486,1.5056895292277257,0.35700451905307556,0.534295565081395,0.7132670504147731,48.4046166356513,1.6907768819415008,1.967374771320579,0.6120010743524732,0.37829934417873484,Correct,D:/ML Projects/AIL721/Course Project/New/New_gym_dataset/New_gym_dataset/OHP\Test\Correct\PXL_20250420_135445684_Sports2D
40.040745181902516,16.88999452022825,101.3261044375231,119.59813624896451,22.017062658799126,62.941303345286684,117.94219215929837,133.94869117494162,-0.9703474793885751,0.6191746428666397,0.8354839547566297,-0.37594667652487956,-0.08952855499768436,1.0863750462433426,1.529598243890209,0.29315149172752025,0.5496523660379616,0.7932235545158223,48.67559735581225,1.8029906262417652,2.061866535170122,0.6511518242401104,0.42985056531292687,Correct,D:/ML Projects/AIL721/Course Project/New/New_gym_dataset/New_gym_dataset/OHP\Test\Correct\PXL_20250420_135445684_Sports2D
42.01457836478729,19.27961647917507,103.9820564721271,122.65144569838543,18.675293186137324,65.30879535664963,119.31012844907536,133.97082112252542,-0.999391149002132,0.6001783606852225,0.8597361518042951,-0.4016852863039326,-0.14767189421001634,1.0783389118159858,1.5204312076300694,0.23569058455200934,0.5396137595807065,0.8426483272639764,49.16500788831053,1.8688563780583283,2.1118913532097716,0.6661322191894541,0.4581698698139341,Correct,D:/ML Projects/AIL721/Course Project/New/New_gym_dataset/New_gym_dataset/OHP\Test\Correct\PXL_20250420_135445684_Sports2D
42.43516716802449,22.0252256862576,104.54869481190944,125.34777921998644,16.739679026751418,66.63615305864737,120.82515380522409,135.3890726276103,-0.9976188921026112,0.5715197130321387,0.897790112870295,-0.4084224743872229,-0.18822295681563223,1.054498263912406,1.5029363405096574,0.2049986821506876,0.5193457188471252,0.8494995817617184,49.014126632257806,1.8925298698681354,2.133743655366461,0.6500249987867608,0.4934614713465636,Correct,D:/ML Projects/AIL721/Course Project/New/New_gym_dataset/New_gym_dataset/OHP\Test\Correct\PXL_20250420_135445684_Sports2D
42.28783674374397,24.532236876653123,106.073336059187,126.86078885696395,14.87291802907382,67.80704294522477,122.83924522718222,136.72519393142835,-0.9738522522655426,0.5464469501304264,0.9405761400531526,-0.40819460820197356,-0.22334353336786392,1.0308447072244058,1.4906645447227107,0.1760595329533861,0.514233788542035,0.8547851742710196,47.590044412561085,1.9153280100059318,2.139246730559908,0.6170628484228897,0.5335856807222285,Correct,D:/ML Projects/AIL721/Course Project/New/New_gym_dataset/New_gym_dataset/OHP\Test\Correct\PXL_20250420_135445684_Sports2D
44.53779690309581,25.149693197379978,111.64087164861994,129.45132714734828,9.480858392435954,70.5730571884041,125.9813447044683,134.5766360089759,-1.0048964236630933,0.48319541155404927,0.8827243195947323,-0.4593175245840252,-0.3057260822952204,0.9908246670045704,1.4537391202288876,0.10332045485104734,0.5168580402179614,0.887504212153523,45.306432227336124,1.9706297281537812,2.1098442371807544,0.61910288763758,0.4970895878334439,Correct,D:/ML Projects/AIL721/Course Project/New/New_gym_dataset/New_gym_dataset/OHP\Test\Correct\PXL_20250420_135445684_Sports2D
53.35749570257129,26.373099355830192,123.1508417024304,136.1847365609082,2.7724330209734136,76.56314524236532,129.41493731840217,129.8099541134649,-1.1451778576063198,0.35717768880179424,0.700179507586966,-0.588188263887932,-0.4635326386687747,0.9173850586952027,1.3722183855677124,-0.02806874908275384,0.5057086988936776,0.9454538077779566,43.046178273256224,2.0649127646530614,2.0734176110417453,0.7214086906102011,0.4297871356295167,Correct,D:/ML Projects/AIL721/Course Project/New/New_gym_dataset/New_gym_dataset/OHP\Test\Correct\PXL_20250420_135445684_Sports2D
66.51903062396231,31.644451865507573,136.5942788195562,146.22061487224485,17.862303521091714,84.95259017070947,131.34327289712942,126.6918616947981,-1.3051549810522187,0.23992077030456774,0.5322467268895988,-0.729904192629798,-0.6297954813645688,0.8341429273298138,1.2901754824421678,-0.16512896035200225,0.4807129353122309,0.9992718876818161,41.61525086425214,2.1644474600627635,2.077644217636444,0.8667160771819851,0.49845447348812794,Correct,D:/ML Projects/AIL721/Course Project/New/New_gym_dataset/New_gym_dataset/OHP\Test\Correct\PXL_20250420_135445684_Sports2D
76.91913866959031,38.04711863895049,145.97691248588487,154.5480390697077,28.578979285319868,91.9459722702726,131.65984061572956,126.10114636867789,-1.382944067953053,0.19018106291613138,0.4610547890163205,-0.8217484607602298,-0.7358174560471269,0.765936708297099,1.235513471882317,-0.2569797404728945,0.4601677588038126,1.0229164487699935,41.94653218001229,2.2209240618660013,2.1034098852558962,0.9398755030127595,0.5919127597698183,Correct,D:/ML Projects/AIL721/Course Project/New/New_gym_dataset/New_gym_dataset/OHP\Test\Correct\PXL_20250420_135445684_Sports2D
85.34682313055812,44.07970941387074,154.49313432649902,160.3148263106082,37.281241978763056,97.52671865834418,131.93441884820496,126.55299075552655,-1.417741503383912,0.1604558783761228,0.40081819171032784,-0.8889901736192874,-0.8090356992935812,0.7072767582677437,1.1634126321084868,-0.32360774921557445,0.4572825250284011,1.0308845074833182,43.20367452506664,2.225595490609182,2.099641964876395,0.9754667703401292,0.661802729955788,Correct,D:/ML Projects/AIL721/Course Project/New/New_gym_dataset/New_gym_dataset/OHP\Test\Correct\PXL_20250420_135445684_Sports2D
95.52131828184602,52.90918358349696,166.9143935841147,168.31433432439945,48.98736573160605,106.24136217690807,133.46604744976003,126.6678214065889,-1.4991054281140437,0.08605006745290572,0.2675968204686385,-0.9879637868161615,-0.9116772785798914,0.6428373620389463,1.044309465217643,-0.4096983169596065,0.4683466565382016,1.0525356789985527,42.98365421470136,2.221196861486308,2.0675450646380122,1.0676580142101046,0.7736518515961037,Correct,D:/ML Projects/AIL721/Course Project/New/New_gym_dataset/New_gym_dataset/OHP\Test\Correct\PXL_20250420_135445684_Sports2D
106.95061474440134,67.38874851679024,179.06280806378706,178.06329784342128,62.13597313231428,120.73792096047745,135.18535838791297,126.6508275563128,-1.638464732504521,-0.024280319775260725,0.09666767355958504,-1.1304532030125094,-1.0523782300997366,0.565610617173983,0.9128574875558745,-0.5231730126400623,0.4817723149119434,1.0887836298140452,41.03964715241175,2.2466867201504557,2.057742188463662,1.229257092940512,0.9528580636044698,Correct,D:/ML Projects/AIL721/Course Project/New/New_gym_dataset/New_gym_dataset/OHP\Test\Correct\PXL_20250420_135445684_Sports2D
117.16242830398139,84.77670507304637,167.3192962834405,162.01063036756628,73.04369076062481,137.62638258836833,135.88126245664344,127.15032248467804,-1.7966271800587046,-0.13345719589941998,-0.055515350739330234,-1.2959969032192484,-1.2008890529486944,0.48089471092466385,0.7999969824613964,-0.6477960505024285,0.4945034554202484,1.1286907614270925,39.09102802905576,2.2972783378663504,2.093554148640806,1.4142455486894572,1.1576128766703209,Correct,D:/ML Projects/AIL721/Course Project/New/New_gym_dataset/New_gym_dataset/OHP\Test\Correct\PXL_20250420_135445684_Sports2D
124.85167999126115,100.05516637277206,158.50133697500937,148.45632205009403,80.84469909096184,152.1976418839349,135.9930190997007,127.8575244888372,-1.9372727011009743,-0.23573943537307848,-0.17890635407640523,-1.4402611143474426,-1.3241526633105367,0.39901016186221794,0.6963984265677156,-0.7598964793200744,0.5098518782881073,1.1589066411822924,38.27646375849946,2.329311338096437,2.131366858489582,1.585001043291424,1.3326462776708712,Correct,D:/ML Projects/AIL721/Course Project/New/New_gym_dataset/New_gym_dataset/OHP\Test\Correct\PXL_20250420_135445684_Sports2D
130.0619457923355,112.7356578991378,152.43353486786327,136.82882212051044,86.24479069946425,164.49285231216214,136.18284490712875,128.24280558697566,-2.0370959784174762,-0.3394742482635523,-0.2773160218969191,-1.5196573533964661,-1.4006409578042887,0.32381725165411795,0.5875352412931701,-0.8380396604593412,0.519842308112698,1.1618569121134592,37.89539084449756,2.3027713917980313,2.1188812276795175,1.7179236576913293,1.4433229256327895,Correct,D:/ML Projects/AIL721/Course Project/New/New_gym_dataset/New_gym_dataset/OHP\Test\Correct\PXL_20250420_135445684_Sports2D
134.4330243161663,123.92748447005341,149.14197796876314,125.20280561630602,90.16771283573247,175.48750357919866,135.73468851956616,128.43998089085483,-2.1161611508153575,-0.43584939068043616,-0.3681936427958482,-1.568460155766111,-1.4455092130689309,0.25222610195115086,0.4804526438332891,-0.8948666703361721,0.5103974782527428,1.147092772287323,38.128010498567356,2.2416848356707204,2.0828340198584936,1.8223036128491759,1.5367887428781624,Correct,D:/ML Projects/AIL721/Course Project/New/New_gym_dataset/New_gym_dataset/OHP\Test\Correct\PXL_20250420_135445684_Sports2D
139.57267519593006,132.83403714573046,147.3199241523956,115.2592531419335,93.37403372542434,175.9532110197534,133.80135852949428,128.7872481654839,-2.221132338006346,-0.5139634551774143,-0.4777232528849276,-1.6506621498810188,-1.4951136837828831,0.18229644847162554,0.3856304710264231,-0.9568242414540619,0.48947441302798816,1.1391206899256874,40.17059294038951,2.1988166185623905,2.0812398133383807,1.939663020541799,1.6767621374201176,Correct,D:/ML Projects/AIL721/Course Project/New/New_gym_dataset/New_gym_dataset/OHP\Test\Correct\PXL_20250420_135445684_Sports2D
145.30144036374804,139.11938285487767,144.68743163185042,109.30960455867898,96.37113754373225,170.36817373426143,131.0696971799842,129.48755658913913,-2.3490848707474488,-0.5737592734084591,-0.5895696439070102,-1.7569820075450093,-1.556368216537867,0.11703357000756935,0.30562412804369704,-1.0193676795200965,0.48391530901266805,1.1364012495276659,41.901721885526904,2.1813810513544833,2.1203560719985064,2.0783001014788405,1.83037941152761,Correct,D:/ML Projects/AIL721/Course Project/New/New_gym_dataset/New_gym_dataset/OHP\Test\Correct\PXL_20250420_135445684_Sports2D
150.88245587740147,144.38866870535136,140.62391894520633,106.22751613063136,99.45918442489187,166.3106195007295,128.57672854749043,130.6992882060809,-2.4422316825135173,-0.6193471321678957,-0.6612166506206654,-1.8326352670130341,-1.5959396533523278,0.055676319113427374,0.23561851903740283,-1.0612547096329372,0.49874336750683335,1.1169310287463645,40.61671824042317,2.1452599520393845,2.1550133739687767,2.1886475600287656,1.9247997647030703,Correct,D:/ML Projects/AIL721/Course Project/New/New_gym_dataset/New_gym_dataset/OHP\Test\Correct\PXL_20250420_135445684_Sports2D
156.6466289170621,150.32032771643787,137.25410652694043,101.92784555543558,102.75319439932747,161.9351464817034,126.1065654822654,132.25547419814126,-2.483294612978276,-0.6613480030683566,-0.7055653655722091,-1.8689249030081174,-1.5942256302510023,-0.012871685513012486,0.16209261208673464,-1.0806485769270362,0.49988964247914536,1.0677768914140235,37.929386170113645,2.055432134176683,2.1490842808859467,2.2436532515517977,1.979274881276853,Correct,D:/ML Projects/AIL721/Course Project/New/New_gym_dataset/New_gym_dataset/OHP\Test\Correct\PXL_20250420_135445684_Sports2D
162.8178523927478,156.85347621164104,136.58097165534755,94.37147200536356,105.94517173298154,156.89761539369277,123.1273193402338,133.7510916053338,-2.5231219586610036,-0.7095726339055045,-0.771041364206441,-1.9027131052197652,-1.5796940468823644,-0.09391851346405843,0.07643790614138533,-1.0913972545945294,0.46134383260132283,0.997478741130471,38.175240775446234,1.9333227575429532,2.1197572016040587,2.2821978056350156,2.066664320231048,Correct,D:/ML Projects/AIL721/Course Project/New/New_gym_dataset/New_gym_dataset/OHP\Test\Correct\PXL_20250420_135445684_Sports2D
168.17977995434364,162.75747721429644,137.06628855950214,86.97758815431395,108.42223766158529,152.46611437540142,120.24245770724164,135.2235915896979,-2.5921918330826195,-0.7571070798494801,-0.8554402888229239,-1.955627096822429,-1.5812502643510233,-0.16772170680976733,-0.014693863411195529,-1.1082930568603937,0.4148754588341658,0.9405713500506264,40.19490244441796,1.8272310805865812,2.1101554818480257,2.3448232165227925,2.1847792148485103,Correct,D:/ML Projects/AIL721/Course Project/New/New_gym_dataset/New_gym_dataset/OHP\Test\Correct\PXL_20250420_135445684_Sports2D
171.61362361147596,167.59928438694027,135.238669931847,84.06120323888788,110.01498700044266,149.3148601711777,118.40136338896673,136.914144558118,-2.688432607762548,-0.7964726959159377,-0.9378355231353247,-2.042450081092082,-1.6010860992166402,-0.20851319303343258,-0.10590632179623415,-1.1529911245426414,0.41860177398442666,0.9444779315092089,40.81159222826969,1.768502510576349,2.148732137116145,2.4502836511593453,2.3017120935995137,Correct,D:/ML Projects/AIL721/Course Project/New/New_gym_dataset/New_gym_dataset/OHP\Test\Correct\PXL_20250420_135445684_Sports2D
173.56190568497126,171.7238643937192,130.95792550733736,84.75395493398487,111.12780072263122,146.83968116395351,117.56589503765981,138.5635455576727,-2.778104641666592,-0.8259441994074008,-1.0215502209807472,-2.1470221573492694,-1.6186932366825637,-0.22069704171500074,-0.1999520731602787,-1.2162964199936608,0.46814996721732594,0.99559937827866,42.33280703409214,1.7332179929545568,2.1978922639180567,2.565510767596397,2.4084917494996243,Correct,D:/ML Projects/AIL721/Course Project/New/New_gym_dataset/New_gym_dataset/OHP\Test\Correct\PXL_20250420_135445684_Sports2D
175.25830900156316,175.16798651454639,128.42341023754256,83.94068427671274,112.22934738993985,144.59344190419495,116.9710383883767,139.76142841874122,-2.8287093243018355,-0.8529098666960524,-1.1013240957870603,-2.223267303315754,-1.6309347163499393,-0.24337565407957543,-0.2826949109128713,-1.2558722350218436,0.49010133690334967,1.0124965809422684,45.26961688804042,1.686090121964056,2.2049351990001798,2.6327506005840595,2.5052329564903957,Correct,D:/ML Projects/AIL721/Course Project/New/New_gym_dataset/New_gym_dataset/OHP\Test\Correct\PXL_20250420_135445684_Sports2D
176.90603563017297,177.35960328921237,129.0464111411922,80.86731015804008,113.33032904375854,143.24405034299062,116.42429341358566,140.60365363220305,-2.8386906491743957,-0.8799401977708617,-1.1378657318125527,-2.249998617538318,-1.6424129230995448,-0.2854704342576025,-0.3264742075611074,-1.262065973044724,0.46365576045403206,0.9765955387871215,45.12819331629062,1.638729248360406,2.1840021687476914,2.641084055648807,2.5636251625514164,Correct,D:/ML Projects/AIL721/Course Project/New/New_gym_dataset/New_gym_dataset/OHP\Test\Correct\PXL_20250420_135445684_Sports2D
177.51158871532823,177.89974334772413,129.26816751148834,80.03496215417998,113.95630072798699,143.2594303936553,116.4447120126587,141.15917374137953,-2.810284108288592,-0.88769867445393,-1.113254903858012,-2.2377476557919915,-1.6299235919167339,-0.30061408047420274,-0.3267127336826614,-1.2609126512173061,0.45049631961637,0.9602985707431034,40.92606703208433,1.6188056974172147,2.168534152994189,2.612785882038651,2.546103645286126,Correct,D:/ML Projects/AIL721/Course Project/New/New_gym_dataset/New_gym_dataset/OHP\Test\Correct\PXL_20250420_135445684_Sports2D
176.8302672500305,177.13680721758521,127.7470768450866,82.40978950609892,113.85932503253984,144.01619138372536,117.02905778250951,141.1529986013107,-2.775408957087638,-0.8749478547303435,-1.0743209310417559,-2.21876426209435,-1.60093318913927,-0.2757720892973664,-0.3046754703040917,-1.2631247521005526,0.4755259195860859,0.9873526628031861,38.7151964600481,1.6294629036539379,2.1678429392041716,2.587074989898536,2.4934077802113537,Correct,D:/ML Projects/AIL721/Course Project/New/New_gym_dataset/New_gym_dataset/OHP\Test\Correct\PXL_20250420_135445684_Sports2D
176.0329344637898,176.10232788372903,127.22566167258823,83.90130068057987,113.47866453392045,144.60562688708856,117.44573007013062,140.7079547708175,-2.761613477062197,-0.8648340336684527,-1.0602894386124886,-2.2054046325450636,-1.5928330688121002,-0.25781182781916145,-0.2765176261783468,-1.2475513065602764,0.4893166034137511,0.9897394787411149,42.270520858654,1.6468972585728678,2.1660177779462524,2.5766653371284414,2.466488840227405,Correct,D:/ML Projects/AIL721/Course Project/New/New_gym_dataset/New_gym_dataset/OHP\Test\Correct\PXL_20250420_135445684_Sports2D
175.926472094201,175.39652327104648,128.7084155528741,82.87889185197714,113.39520813827772,144.98251554312893,117.46873604407679,140.37903881417557,-2.7533816049369078,-0.8658367937996299,-1.051562136649337,-2.1880854759371022,-1.6100843027745975,-0.271466571911566,-0.2429651454096858,-1.2113873588430182,0.4678739192655222,0.9399207869314522,46.20417990104568,1.6590557182144268,2.155117416768022,2.559777443713088,2.4594955667111686,Correct,D:/ML Projects/AIL721/Course Project/New/New_gym_dataset/New_gym_dataset/OHP\Test\Correct\PXL_20250420_135445684_Sports2D
175.82086854016424,174.74540826135706,129.41136998316495,82.68669339676315,113.53524334809194,145.63330672802007,117.71437480792781,140.3787149893771,-2.7211741582525084,-0.8631213251402384,-1.021293981217882,-2.1656835269256027,-1.615405032385249,-0.28222561631119003,-0.21041319038622527,-1.186238095182075,0.4548205184942434,0.904012478870885,46.020076424004685,1.6707006428555928,2.1415557209176717,2.523668111024266,2.430591782225669,Correct,D:/ML Projects/AIL721/Course Project/New/New_gym_dataset/New_gym_dataset/OHP\Test\Correct\PXL_20250420_135445684_Sports2D
174.79470988902685,174.07377169127696,128.39927487586098,84.65252638717593,113.38471081843124,146.43651208146807,118.59000092940434,140.510283772745,-2.6838565698746013,-0.8555449977672771,-0.9867389365086322,-2.1548165554216316,-1.6009327538757636,-0.2653609103005925,-0.19381970699809323,-1.192576784064142,0.4727970728041536,0.9272158737635494,42.97134698525367,1.6851398764649963,2.137361654472935,2.494915833291259,2.39114684325903,Correct,D:/ML Projects/AIL721/Course Project/New/New_gym_dataset/New_gym_dataset/OHP\Test\Correct\PXL_20250420_135445684_Sports2D
172.7396156064006,173.0916322443135,127.94438437954524,86.70410467563715,112.55746054487335,147.20594960005573,119.81784493847273,140.2975818443693,-2.6737460413040406,-0.853619735500477,-0.9654663243088694,-2.1483582743027774,-1.5963091945002603,-0.23612012047570502,-0.18386539353545844,-1.2069962450549425,0.4923955343899458,0.9708761245792374,40.7667486443988,1.7139422219438716,2.1434942209758856,2.494143260056516,2.3622110194142354,Correct,D:/ML Projects/AIL721/Course Project/New/New_gym_dataset/New_gym_dataset/OHP\Test\Correct\PXL_20250420_135445684_Sports2D
169.89838823000008,170.9155406402388,128.59253696922002,88.81706365214328,111.16743289691206,148.57703351827547,121.26904466691204,139.4925741585143,-2.692413554913457,-0.8588718730516295,-0.9395007619253193,-2.1296505795990384,-1.6226978742195814,-0.20926587222286197,-0.1524608765174045,-1.208387076132856,0.5036236560034358,0.9991212039099938,38.758233187070566,1.7775938820537347,2.1650823958537417,2.518583219200236,2.325335958907101,Correct,D:/ML Projects/AIL721/Course Project/New/New_gym_dataset/New_gym_dataset/OHP\Test\Correct\PXL_20250420_135445684_Sports2D
166.56687311656083,167.41295215493494,129.177113584498,92.2753663065959,109.6221130907569,151.0745929818507,123.05523997419601,138.4875451367856,-2.6789551827193447,-0.8475762736816889,-0.8756154731646787,-2.0841120162309785,-1.6459483096908076,-0.17531691813962907,-0.09104983104748961,-1.197710213120043,0.5180385542312442,1.022393294980414,35.96105887124813,1.860913036256185,2.186562313463449,2.5085453576363905,2.2426633801027305,Correct,D:/ML Projects/AIL721/Course Project/New/New_gym_dataset/New_gym_dataset/OHP\Test\Correct\PXL_20250420_135445684_Sports2D
162.9789122328369,163.59404930495953,130.43548741112843,95.51494965774404,108.06185143392976,154.0122885028024,125.08293920109286,137.60633780776195,-2.55407785046699,-0.787783334798526,-0.7758942686174289,-2.0013393961697385,-1.6101456324136059,-0.12479647874796854,-0.016350889308157947,-1.169348453760327,0.5225381658055055,1.0445519750123582,35.464088665450916,1.905589281994622,2.152824926660351,2.372322856183686,2.114978691184396,Correct,D:/ML Projects/AIL721/Course Project/New/New_gym_dataset/New_gym_dataset/OHP\Test\Correct\PXL_20250420_135445684_Sports2D
158.78604743148992,160.01156083650972,133.21200758671046,96.96965835970308,106.25472880039453,156.43639474680785,127.46868136890464,136.4479555833176,-2.350090496083323,-0.6951557211235696,-0.6891559347862096,-1.9020155461392825,-1.5298219040806766,-0.06645356005220987,0.05186903276351364,-1.1225573661248929,0.5080385044514033,1.056103806072683,38.08222378412365,1.9018678894434962,2.0530986956666726,2.1412890973138987,1.9924596839191264,Correct,D:/ML Projects/AIL721/Course Project/New/New_gym_dataset/New_gym_dataset/OHP\Test\Correct\PXL_20250420_135445684_Sports2D
153.83978946699992,155.3870914189964,136.0370367679862,99.10715700718815,104.03584622324558,159.18003999841977,130.19605675624564,134.5671314174162,-2.2101402963635173,-0.6282278900368434,-0.6416041705088493,-1.8278443839225451,-1.4815347081492587,-0.012594379644942241,0.117428323280559,-1.0801950607081734,0.4988979697441823,1.0676006810632312,39.23464370083643,1.9226164438301017,1.9746861296200453,1.9817593784841465,1.9096639202190184,Correct,D:/ML Projects/AIL721/Course Project/New/New_gym_dataset/New_gym_dataset/OHP\Test\Correct\PXL_20250420_135445684_Sports2D
149.20279305767303,148.61093867416855,137.42404449742565,104.96052641166749,101.61876242668525,164.00333333577848,132.41596936901226,132.61427200994703,-2.1867038378221166,-0.5986823107633148,-0.596828686937464,-1.7879585599452266,-1.4883804786975234,0.039331554728923745,0.20013232656384305,-1.0547488790113029,0.5143975228753418,1.0940804337402266,37.71653885757094,2.0119859564680893,1.9854674493097824,1.9552091814137482,1.8425771051819821,Correct,D:/ML Projects/AIL721/Course Project/New/New_gym_dataset/New_gym_dataset/OHP\Test\Correct\PXL_20250420_135445684_Sports2D
145.1370369451542,140.76434887856385,138.46534908176324,113.44761415654857,98.91565368243633,170.82861692074826,133.77861673728214,131.59296579931214,-2.178939710512124,-0.5520985738987949,-0.5139012913471831,-1.7501964174274445,-1.497775549737038,0.10062654855427657,0.29850383626917115,-1.0290877330589494,0.539050082537556,1.129714281613226,38.127020176351294,2.121997641533027,2.0512901744909926,1.9403443605786534,1.7511950384259536,Correct,D:/ML Projects/AIL721/Course Project/New/New_gym_dataset/New_gym_dataset/OHP\Test\Correct\PXL_20250420_135445684_Sports2D
140.31697603304488,133.2811271391024,141.7092776970323,120.97961701784473,95.21922369801693,177.90811841289397,134.90224766497207,131.18924555199632,-2.1087604000592997,-0.45946956345950346,-0.4084138461511159,-1.685784012616343,-1.4703058579613812,0.17681015228635652,0.39300216469816884,-0.9844629973389528,0.5456851759986804,1.1612731496253093,41.4596867278705,2.1955573587014596,2.0964316186315926,1.8416263850539352,1.63737872514373,Correct,D:/ML Projects/AIL721/Course Project/New/New_gym_dataset/New_gym_dataset/OHP\Test\Correct\PXL_20250420_135445684_Sports2D
133.63228247375253,124.92284680700612,147.65839121532076,127.45538924274688,90.11152025811288,174.77469928381933,136.47923778436032,130.14814752318688,-2.007601733034503,-0.3593889225690064,-0.3166406636078386,-1.58994595034787,-1.4149054322880605,0.2647295605030887,0.48233969565731555,-0.9159936987784955,0.5333205757149342,1.1807232592815842,44.52847370447062,2.234646837986037,2.0913201421428806,1.7038303293779444,1.515944941719482,Correct,D:/ML Projects/AIL721/Course Project/New/New_gym_dataset/New_gym_dataset/OHP\Test\Correct\PXL_20250420_135445684_Sports2D
126.10284455690163,114.44796232435738,154.3638445881536,135.3641962202086,84.41901655303481,165.85294263860308,138.3161719961332,128.59501968575432,-1.9169724988751302,-0.28717117659050384,-0.24292462342638674,-1.4854445738957707,-1.3502232612513763,0.3492958205540166,0.5726301560771607,-0.8345118051373964,0.518282850890583,1.183807625691413,45.00805318685743,2.2580446760808726,2.05871207894255,1.5864028810306705,1.39765120640625,Correct,D:/ML Projects/AIL721/Course Project/New/New_gym_dataset/New_gym_dataset/OHP\Test\Correct\PXL_20250420_135445684_Sports2D
120.46887693173156,103.396897591762,160.00329831627369,145.01545086433728,79.52457806346189,155.45667275592695,139.05570113173036,127.94022483583504,-1.8472477667091904,-0.23201743491242335,-0.17291716542834476,-1.4134331382782968,-1.2884199991216638,0.41210400314105133,0.6629972940367194,-0.76174845857883,0.5071190904985631,1.1738524617198813,43.11360743692218,2.2772700880491574,2.0491769144085534,1.4972369111944748,1.3076497270498477,Correct,D:/ML Projects/AIL721/Course Project/New/New_gym_dataset/New_gym_dataset/OHP\Test\Correct\PXL_20250420_135445684_Sports2D
117.26446586991057,92.41076436146689,164.894527623272,156.13649594418445,75.19356854740272,143.77540788514088,137.92910267749212,128.63535647632602,-1.7893169388395582,-0.1654503111356775,-0.09128475980616815,-1.3741536081964436,-1.2258381337239777,0.4588011713329578,0.7593264419285422,-0.6942597804930561,0.49866783634275086,1.153060951826014,40.781456174068815,2.2957412639606325,2.084292911602985,1.4179442764434784,1.241172770189235,Correct,D:/ML Projects/AIL721/Course Project/New/New_gym_dataset/New_gym_dataset/OHP\Test\Correct\PXL_20250420_135445684_Sports2D
113.41359967192703,79.53150607056297,170.99467628233575,169.60314113765375,69.4608929596906,129.94128962031994,136.04729328776358,129.59021645024305,-1.7250179025792731,-0.08761205335294343,0.012569441842551987,-1.304112253902071,-1.146021547214921,0.5129474706143906,0.860519324878689,-0.6028709539046125,0.49309834063091684,1.1158184245190033,39.79578115039014,2.2959218252976856,2.12110407982045,1.332607968372498,1.1388046763851276,Correct,D:/ML Projects/AIL721/Course Project/New/New_gym_dataset/New_gym_dataset/OHP\Test\Correct\PXL_20250420_135445684_Sports2D
105.95730413759028,65.11168169768146,179.5102424514203,176.158419527752,61.31018258207812,115.33799449425301,135.35287844448783,129.77368720342847,-1.6460633398648614,-0.022848678750283808,0.12692865208847115,-1.1693340260999117,-1.0507147256238496,0.5798788488161782,0.9479465414829327,-0.4859262490709211,0.48754844531904434,1.0658050978870992,39.64577421273324,2.2650799913722732,2.111380888238321,1.2385536751907622,0.9759739087349744,Correct,D:/ML Projects/AIL721/Course Project/New/New_gym_dataset/New_gym_dataset/OHP\Test\Correct\PXL_20250420_135445684_Sports2D
96.56323456995389,52.61695496659173,170.87729645341537,164.24159000353052,52.28523891185485,102.83364754509098,135.72200434190097,129.78330742150078,-1.5613837480517874,0.03123061500202278,0.22813939747769663,-1.0277478371812545,-0.963229943892064,0.6446527230744196,1.0169324799282433,-0.3709394556774079,0.47857014554137467,1.0155921787518276,39.37366809621768,2.225414725001117,2.079381747196562,1.141479993329805,0.8161777537430132,Correct,D:/ML Projects/AIL721/Course Project/New/New_gym_dataset/New_gym_dataset/OHP\Test\Correct\PXL_20250420_135445684_Sports2D
88.99480678339147,44.25785064747531,162.4966688951114,155.32909985341377,44.40438176636509,93.42138698216016,135.40957498297362,130.83646366531514,-1.490874260820001,0.09017047294849612,0.30942493364902335,-0.9349565986002766,-0.8929057298690917,0.6967497788568366,1.074928914008648,-0.27334066358527304,0.47089312944567424,0.9700904424421097,39.618084082493695,2.1939573040884266,2.071705264372319,1.0597836396615707,0.7117944426133895,Correct,D:/ML Projects/AIL721/Course Project/New/New_gym_dataset/New_gym_dataset/OHP\Test\Correct\PXL_20250420_135445684_Sports2D
83.18303728487993,39.81229621135017,155.3430302018958,149.0861620542665,37.322441425362,87.10675083080011,134.13940414048207,132.70554538055006,-1.4459052447232486,0.13941551177673636,0.37577055608933524,-0.8837973122216137,-0.8267076079037967,0.7402860639605131,1.115771648995629,-0.2008113381997781,0.46978881256889127,0.9410974021602911,41.02806927585419,2.1584461966510524,2.0893700501492902,1.0090432430791212,0.6522122478984941,Correct,D:/ML Projects/AIL721/Course Project/New/New_gym_dataset/New_gym_dataset/OHP\Test\Correct\PXL_20250420_135445684_Sports2D
75.64633058447184,37.86910792380073,147.10679554973453,145.07912664060984,28.851485141647274,83.3344370486971,133.20515455717546,134.53467087510367,-1.407245553381935,0.16887808752090092,0.44650211474515716,-0.8425543753441441,-0.745484371637894,0.7904252452128764,1.146095525507083,-0.15423319592577514,0.4734013097220689,0.9446584411386516,42.76035206611338,2.11434483415017,2.1117234771683253,0.9691980777232746,0.6058842141859913,Correct,D:/ML Projects/AIL721/Course Project/New/New_gym_dataset/New_gym_dataset/OHP\Test\Correct\PXL_20250420_135445684_Sports2D
65.15949517114463,36.191470638374874,136.48086670769538,141.02724155380776,17.502532581689714,80.00557567981336,132.34303741054507,136.18589495856153,-1.3342918862411928,0.2139280243437649,0.5588218843101829,-0.7787247887965563,-0.6306766335731527,0.8551354179546398,1.2029912622573946,-0.1073221119167,0.4844788561649383,0.9624575298713398,43.504804882859176,2.0709086046964185,2.1375779180386947,0.8973371309579228,0.5500540478148982,Correct,D:/ML Projects/AIL721/Course Project/New/New_gym_dataset/New_gym_dataset/OHP\Test\Correct\PXL_20250420_135445684_Sports2D
53.84959602036165,33.18182489077738,124.9600135113527,134.97969070204124,4.391259099080378,75.54844511431358,130.5416630787187,137.6333797764638,-1.2128211706230139,0.30192389520819535,0.7031780468818446,-0.6807174833403582,-0.4821603339176735,0.9268866434879959,1.2954026417680908,-0.031389492270072566,0.5085719444159054,0.9582761357580684,43.25161594022374,2.0194116184899613,2.1532851832293445,0.7837605064469187,0.5061539628730611,Correct,D:/ML Projects/AIL721/Course Project/New/New_gym_dataset/New_gym_dataset/OHP\Test\Correct\PXL_20250420_135445684_Sports2D
45.241880100678195,29.330526276007113,115.74636016744415,128.8314021341227,6.353026571063074,70.93078887263002,128.40509332825872,138.39973740337706,-1.0922789300655196,0.396866153793526,0.7846562211594024,-0.5950276423249751,-0.34281027312965556,0.9909961767854298,1.3664309440532558,0.06023494941804881,0.531389512375573,0.9307612273673811,42.845897574639,1.9462327715068808,2.122908114988044,0.6814586228291276,0.48872065969858514,Correct,D:/ML Projects/AIL721/Course Project/New/New_gym_dataset/New_gym_dataset/OHP\Test\Correct\PXL_20250420_135445684_Sports2D
40.79078526913224,25.690945430496612,109.75966792568882,125.11044826405545,12.370273400045388,67.24038958978954,126.83894133082238,138.4505558407071,-1.0214037422721018,0.45588098267703386,0.7604887415620825,-0.5547612511310734,-0.2560000273774599,1.0292878747573413,1.3675029321031222,0.1301515837682935,0.5318411914375069,0.8991362909890479,43.08784213998017,1.8558577340991822,2.048545471475163,0.6274289177012259,0.4438951174767223,Correct,D:/ML Projects/AIL721/Course Project/New/New_gym_dataset/New_gym_dataset/OHP\Test\Correct\PXL_20250420_135445684_Sports2D
38.806844427329075,23.00862644399296,105.32027559972097,123.53013632905751,15.949130944392378,64.79954287317108,125.24402462827854,138.20908357082186,-0.9634531863757384,0.5000843032600151,0.7493052028905474,-0.4858876475897383,-0.20558732371148378,1.0355724348500817,1.3322096631293714,0.16626356194434827,0.5190627939651999,0.8693088729057334,44.144268701054024,1.7664986524901312,1.9762798354141324,0.5875823085921018,0.39354882762243026,Correct,D:/ML Projects/AIL721/Course Project/New/New_gym_dataset/New_gym_dataset/OHP\Test\Correct\PXL_20250420_135445684_Sports2D
37.44415720572789,20.96014184438698,101.61189703185828,122.55539608231764,19.372557232933918,63.53985034710966,123.18328556133822,137.42029149727733,-0.8792223617183436,0.5571123752143105,0.8352113265524922,-0.34111843166435596,-0.15725798246517123,1.0292518836257865,1.319614368581278,0.18604050155507942,0.51480548566816,0.843211382070707,45.601793888229814,1.7006344040207637,1.9354848110754685,0.5411452279387797,0.41508743443007434,Correct,D:/ML Projects/AIL721/Course Project/New/New_gym_dataset/New_gym_dataset/OHP\Test\Correct\PXL_20250420_135445684_Sports2D
35.957641521419355,18.218634495056705,98.55242932636277,121.5728549330861,22.3478200740053,62.473104333454074,121.69453840457535,135.7455301616027,-0.8078206887364839,0.5992451418806248,0.9197516842555833,-0.21507165818528526,-0.11147090105472834,1.029227844090727,1.343431163163252,0.21977961560473017,0.5135449870876319,0.8094482284859967,46.466952441737284,1.664916349569809,1.909873858346416,0.5106553526917988,0.49248900563821274,Correct,D:/ML Projects/AIL721/Course Project/New/New_gym_dataset/New_gym_dataset/OHP\Test\Correct\PXL_20250420_135445684_Sports2D
34.45405006066688,15.758879958269082,95.84796600840109,120.84653541355036,24.094624612499917,60.789126034451556,121.45132532683324,134.96975392381748,-0.7903207294005116,0.5997387808491381,0.9044671253869874,-0.1959563272491211,-0.08326252594030688,1.032198799110977,1.3816109223174247,0.2806839730993194,0.49913200669197033,0.7515148260116575,46.174125129755694,1.646398722401663,1.8722811161219124,0.500111198034617,0.474243970814392,Correct,D:/ML Projects/AIL721/Course Project/New/New_gym_dataset/New_gym_dataset/OHP\Test\Correct\PXL_20250420_135445684_Sports2D
33.572977835909626,14.945013362583815,93.0267626129283,120.59820363290537,25.393425634684018,59.018391880517804,121.03359652940635,135.92662148206603,-0.7992152870814666,0.5797391504021185,0.8398745498472815,-0.2403119749398435,-0.06893103741311474,1.0191212196299333,1.4008447911220436,0.3391028613365702,0.4759341249374112,0.680018358293363,45.57381903107105,1.619464712107742,1.8327845868234838,0.49601442246443506,0.40014095504641445,Correct,D:/ML Projects/AIL721/Course Project/New/New_gym_dataset/New_gym_dataset/OHP\Test\Correct\PXL_20250420_135445684_Sports2D
33.19619557933335,15.304459939361228,89.79825746741678,120.51624806986382,27.366731853056656,57.68123739033742,119.43707256761,137.6232225490238,-0.7942698657400219,0.5660671263823989,0.8015705327776864,-0.2761165322105735,-0.05367291178591857,0.9840036325472797,1.391803687701416,0.37079762475987554,0.4565543624303452,0.6132060077874042,45.428107426587474,1.5701669362370465,1.8044333992536832,0.48600190931025816,0.35991629715294676,Correct,D:/ML Projects/AIL721/Course Project/New/New_gym_dataset/New_gym_dataset/OHP\Test\Correct\PXL_20250420_135445684_Sports2D
41.26834606971212,178.87381094346375,112.83357876239177,108.53332858228663,71.48938389114397,112.85629123582235,67.2422700391439,111.73010217928585,0.2416342420005465,0.9334579576168311,0.7552640139140561,-0.8298850353842661,0.7276502768048854,0.7295774156959276,0.627376983403132,-0.778914758700164,0.9971550039246632,1.5084921743960917,80.95172109254193,1.5118212108526203,1.836625724953778,0.4803275941303708,0.8593831826704974,Correct,D:/ML Projects/AIL721/Course Project/New/New_gym_dataset/New_gym_dataset/OHP\Test\Correct\PXL_20250420_135451129_Sports2D
44.69586778758058,34.33509245022984,110.61125444569322,102.61825142974449,71.72325017168276,104.95275604712054,63.58088204073666,109.3823364031093,0.18422930211861535,1.045184024689479,0.5152240248694421,-0.7995922458018092,0.7784587965538963,0.7499587646793419,0.768860710459824,-0.7103605496658916,0.9991700457928202,1.4603193143452333,89.03451523986423,1.4603508561665588,1.8742350425324579,0.569674647136679,0.6138907249910328,Correct,D:/ML Projects/AIL721/Course Project/New/New_gym_dataset/New_gym_dataset/OHP\Test\Correct\PXL_20250420_135451129_Sports2D
48.92849605567739,26.946881185540494,109.28991663800197,100.5492880324608,72.09534546451967,101.93455013498235,58.976158479802955,105.01233105055815,0.2561268859417516,1.0709301495940537,0.4317522013876423,-0.7822391891965496,0.7885525721747452,0.7507149107840028,0.8249893801409707,-0.6767808917191347,0.9997077412716954,1.4274958025031377,92.12317665703927,1.4279607512599375,1.8614727636092532,0.6210340821004017,0.5260562343220238,Correct,D:/ML Projects/AIL721/Course Project/New/New_gym_dataset/New_gym_dataset/OHP\Test\Correct\PXL_20250420_135451129_Sports2D
60.04349603073197,33.881954780011434,109.3854084370993,101.30890996626592,72.23268290093218,102.92700130429733,47.72382106833586,110.9549534757141,0.4645137491197433,1.0167126841612424,0.5109731322054314,-0.7908746346611211,0.7675289758326638,0.741220244182154,0.7894295899401911,-0.6842363237711216,0.9996012488570555,1.4254565679532758,90.39665659452139,1.4256247977709346,1.8081842797248633,0.6856047238648825,0.6003710870597126,Correct,D:/ML Projects/AIL721/Course Project/New/New_gym_dataset/New_gym_dataset/OHP\Test\Correct\PXL_20250420_135451129_Sports2D
72.23650014354716,47.60896029269493,110.140091455585,102.80753724625582,71.93464159244712,104.88227029428792,35.82885826400572,122.72668999840701,0.5910185460389287,0.9741760919186979,0.5832840695128028,-0.8087535140655103,0.7591003252391434,0.7413721960426051,0.7476005367011109,-0.7031560940908371,0.9993444561708923,1.4445282901334424,88.24575728106565,1.4445740639137428,1.7829463822622758,0.7439004320504473,0.6761625917417284,Correct,D:/ML Projects/AIL721/Course Project/New/New_gym_dataset/New_gym_dataset/OHP\Test\Correct\PXL_20250420_135451129_Sports2D
56.50482125555689,38.23117260469178,110.50679304253156,103.38054871563769,71.50109245086996,105.38843420903915,51.994086293573154,112.84273839565265,0.46947235573269447,0.9935599212861291,0.5234630603687838,-0.8133517099052012,0.7765036131217371,0.7536297753748813,0.7600353429015737,-0.7136981667262554,0.9993860144124164,1.4673279421011365,88.97111933948239,1.467420353407571,1.8077180751216757,0.669452610940982,0.6253341924678218,Correct,D:/ML Projects/AIL721/Course Project/New/New_gym_dataset/New_gym_dataset/OHP\Test\Correct\PXL_20250420_135451129_Sports2D
45.44570166949487,28.518172500587006,111.12658028327502,103.87276874294739,70.61739664623296,105.61674567245535,63.93690168427217,102.90142682813163,0.24171363051520509,1.0396575972134325,0.37007011485592023,-0.8221491612194475,0.7889824673006532,0.7719902865983133,0.7921997104941946,-0.7254575138330818,0.9995367955960656,1.497447800431395,91.06209807842914,1.4974512565257638,1.866226082986372,0.5854751900766629,0.5023696861938779,Correct,D:/ML Projects/AIL721/Course Project/New/New_gym_dataset/New_gym_dataset/OHP\Test\Correct\PXL_20250420_135451129_Sports2D
43.809380992235944,28.843037404458407,112.99120438651711,105.6927431887123,68.74323878501276,107.42718636024212,67.44738022275129,101.4158510442163,0.10963308416151772,1.0680252145406461,0.2156551736181591,-0.8677089507294026,0.7704432436831696,0.7935974089670422,0.788509689537966,-0.752036284372146,0.9995418457451276,1.545633693339188,91.73501496549193,1.545739276350046,1.938635458781894,0.5760582435707504,0.4343291748247479,Correct,D:/ML Projects/AIL721/Course Project/New/New_gym_dataset/New_gym_dataset/OHP\Test\Correct\PXL_20250420_135451129_Sports2D
45.17835373056898,32.71407342040611,115.52952144706379,108.8149672503412,66.17743054650852,110.5219192439135,68.6442157229225,102.1921541764926,0.07582696313886235,1.0738893991722254,0.10978007568474404,-0.9297833376799205,0.7331108566306082,0.8168876156410636,0.7590803370114174,-0.7894927178605297,0.9995562532025308,1.6063803335015931,90.63050806273867,1.6065902370461296,2.003960391389042,0.5773357846125443,0.4477142476649933,Correct,D:/ML Projects/AIL721/Course Project/New/New_gym_dataset/New_gym_dataset/OHP\Test\Correct\PXL_20250420_135451129_Sports2D
46.138990876839316,34.750491551388386,118.27777738407504,111.94731289824459,63.26549255022947,113.4905828325491,70.59551657293122,101.2599087188393,0.06661571428060908,1.070700011437469,0.06874643493027317,-0.9595110259583897,0.702297998498955,0.84678502861978,0.7377623774051517,-0.8263151996450209,0.9996372710043185,1.6731002282648006,88.97670722190139,1.673476051812792,2.030212155498645,0.5733501928495335,0.4669860477893317,Correct,D:/ML Projects/AIL721/Course Project/New/New_gym_dataset/New_gym_dataset/OHP\Test\Correct\PXL_20250420_135451129_Sports2D
46.10075922878135,34.62535700908856,122.10546909165785,114.29136304837645,59.54962379723845,115.94645593727275,74.3496169739802,98.67890107181582,0.04097955580408365,1.069628370810685,0.05406934195516577,-0.956116761478087,0.679476351115385,0.890751482605169,0.7157961823505253,-0.8551076957283276,0.9995828048172565,1.7458591783334967,88.50570630565646,1.7462369257097565,2.025787423076058,0.5704545943275706,0.46143965510565116,Correct,D:/ML Projects/AIL721/Course Project/New/New_gym_dataset/New_gym_dataset/OHP\Test\Correct\PXL_20250420_135451129_Sports2D
46.279388316584885,35.8793713438906,127.61268261543924,117.09459870157457,54.50098518276663,119.20826649978044,79.2196265006485,96.67110484411018,-0.01794548653622095,1.0692792929213633,-0.00037983093157143013,-0.9572892503551539,0.6411128627509589,0.9437911473853533,0.6616181176600906,-0.8798608074725641,0.9993196240588919,1.8236519548579175,89.51410051030926,1.8237672323890437,2.026644668622185,0.5707804594501165,0.45798570979434944,Correct,D:/ML Projects/AIL721/Course Project/New/New_gym_dataset/New_gym_dataset/OHP\Test\Correct\PXL_20250420_135451129_Sports2D
47.62302868946262,39.960361904493936,133.77334651510452,122.43203468388106,48.51672215143046,124.72210335041603,83.86024915910693,95.2382585540779,-0.10115329933826554,1.0621405676914077,-0.10065847244083678,-0.9771636356622846,0.574045478777323,0.989508807560584,0.5791996946708231,-0.9148339408383386,0.9992013363270061,1.9043427483989228,90.19669953510069,1.9043497234807056,2.0393042633873195,0.5754339621817739,0.48432996709456644,Correct,D:/ML Projects/AIL721/Course Project/New/New_gym_dataset/New_gym_dataset/OHP\Test\Correct\PXL_20250420_135451129_Sports2D
50.31195533782409,44.97785918398056,139.39137572945768,130.45946167869852,42.36563780647268,132.21647521462887,87.32240685570325,92.7613839693517,-0.18730321612778347,1.05331063667614,-0.19981245656926686,-1.0026875631645122,0.49123715823551106,1.0215774292680864,0.5017013942297441,-0.9688517314305634,0.9995298451503514,1.9904291606986497,89.52568344297744,1.990456667198378,2.056036254263145,0.5894686193451297,0.5356909552983427,Correct,D:/ML Projects/AIL721/Course Project/New/New_gym_dataset/New_gym_dataset/OHP\Test\Correct\PXL_20250420_135451129_Sports2D
54.56486343036579,49.56566583605223,145.54233487874993,139.41221902493677,35.35060893827853,140.30516284196523,90.08452763135568,89.26050299408703,-0.272564664855704,1.058045726463053,-0.2789443509512975,-1.0249016624632756,0.40440251035431946,1.0590444470289764,0.43561593467775284,-1.0341247595162533,0.999878559312257,2.09316920654523,88.19092124676851,2.0934019215351793,2.082957158808046,0.6245660218209319,0.5908545102794748,Correct,D:/ML Projects/AIL721/Course Project/New/New_gym_dataset/New_gym_dataset/OHP\Test\Correct\PXL_20250420_135451129_Sports2D
60.173820102877144,54.9927610512195,153.85549461868325,148.588924867331,26.494949519189284,148.93936900520347,93.33123037793357,86.05339204601604,-0.3686572287005537,1.078667343202326,-0.366719510149858,-1.0400788252540438,0.31123876351107393,1.1182417361588333,0.35210736072570126,-1.0896710138906787,0.9999812948590614,2.207912750049512,87.55598113019559,2.208290957747527,2.1187470545352336,0.6877783549184231,0.6511104366552934,Correct,D:/ML Projects/AIL721/Course Project/New/New_gym_dataset/New_gym_dataset/OHP\Test\Correct\PXL_20250420_135451129_Sports2D
66.49862871069409,62.96055422740124,163.24684940145806,158.67000841811262,17.12449760424597,159.04135542381664,96.37687368505996,83.9191988035846,-0.47574306518806664,1.1001962846797733,-0.48282975081396234,-1.0455077996871611,0.21184566162120005,1.1770407070168192,0.23500377769789824,-1.1219788017040815,0.9999789969158661,2.2990195087209004,87.52526711041529,2.299136142080219,2.1457157870468553,0.7679020311090944,0.7263580239298818,Correct,D:/ML Projects/AIL721/Course Project/New/New_gym_dataset/New_gym_dataset/OHP\Test\Correct\PXL_20250420_135451129_Sports2D
73.83463801095559,72.7021481581637,171.96615792675306,169.39458959657088,8.705669352023728,170.0664168753478,97.45969263702068,82.63573128281587,-0.5771155276873817,1.113815305966843,-0.6047577768579968,-1.0424301756212546,0.1137076294177575,1.2042695308439328,0.10521008674326622,-1.1341887133949982,0.9999312559631822,2.338458244238931,86.48762574310466,2.338473683469739,2.1564226558836506,0.8465665950892145,0.8080489718170997,Correct,D:/ML Projects/AIL721/Course Project/New/New_gym_dataset/New_gym_dataset/OHP\Test\Correct\PXL_20250420_135451129_Sports2D
82.11659030065638,82.8329349838651,179.72589363949876,179.6874050023684,1.1010805606847145,179.48562079744798,96.782329138659,82.31855578131312,-0.6639016300555262,1.1224528670284561,-0.709880307075534,-1.0338468324023935,0.020745889158423736,1.2038779911223578,-0.01285375041334214,-1.127858665132885,0.9998958399639728,2.331736656255243,83.61308563504983,2.331978724153317,2.1567898443070628,0.9153752787229839,0.8824876937519299,Correct,D:/ML Projects/AIL721/Course Project/New/New_gym_dataset/New_gym_dataset/OHP\Test\Correct\PXL_20250420_135451129_Sports2D
90.29448803878527,93.86748836450059,173.10520804058265,170.42917555023408,6.173611044085795,169.70799463490258,95.87912300530053,83.57548299940315,-0.7494289993835236,1.128432174913907,-0.809202278883186,-1.0286900698249748,-0.06926360185214378,1.1984699606536928,-0.11646784724223017,-1.1066928528368787,0.9999207849945313,2.3051628134905715,80.57546016389604,2.305646078105357,2.1579502366109966,0.9829003063363342,0.9613625021937284,Correct,D:/ML Projects/AIL721/Course Project/New/New_gym_dataset/New_gym_dataset/OHP\Test\Correct\PXL_20250420_135451129_Sports2D
98.38741870492655,105.19407126143646,166.08324441784188,161.0332293519622,13.275306317684144,160.39178008748823,94.88788761275758,85.58585134892465,-0.8459816264699723,1.1331039618023595,-0.917861739591837,-1.0318494321958531,-0.15766892066187552,1.191966599673327,-0.21442244392816254,-1.0861508755841243,0.9999373321455066,2.278117475257451,78.34046334235165,2.2788243007034397,2.166146335972432,1.061153831553133,1.0559938632140973,Correct,D:/ML Projects/AIL721/Course Project/New/New_gym_dataset/New_gym_dataset/OHP\Test\Correct\PXL_20250420_135451129_Sports2D
107.11639767228944,114.63602139961955,158.97548248191836,152.94175024899462,20.202215316703786,152.11944804761677,93.08581764441436,86.75546944723631,-0.9476489490215885,1.141348460238814,-1.0304622349992028,-1.0363480039460682,-0.24282354011037918,1.1793454659373548,-0.3124839241450277,-1.0770490082736526,0.9998970135256348,2.256394474211007,75.85533850695602,2.257469510835932,2.1792705041957845,1.150253884760367,1.1553526584513725,Correct,D:/ML Projects/AIL721/Course Project/New/New_gym_dataset/New_gym_dataset/OHP\Test\Correct\PXL_20250420_135451129_Sports2D
115.52804628565295,121.8582508412237,152.39115921980334,146.35519259189175,26.578044597875554,145.32439640957062,91.04999831222261,87.18264725079432,-1.0579845233669487,1.1614283880994507,-1.1498076824428447,-1.043123175747427,-0.3286348269395012,1.1747958943755388,-0.4099727242587996,-1.0795317494794108,0.9998381701511952,2.2543276438549493,74.28411462036688,2.2557945339478356,2.2064630271550874,1.2554041842399244,1.2635364931553101,Correct,D:/ML Projects/AIL721/Course Project/New/New_gym_dataset/New_gym_dataset/OHP\Test\Correct\PXL_20250420_135451129_Sports2D
122.44158950032086,127.91688408144225,147.18840165384438,140.79527450218154,31.877831814693415,139.8615079707193,89.43624231437256,87.77839205216155,-1.187542320692734,1.1915440019311831,-1.2868124388238145,-1.0532899830051095,-0.41725639234305545,1.1839645845553215,-0.5004759842405374,-1.0837949754261549,0.9998672019388524,2.2677595599814766,77.80900014919543,2.2692859939555796,2.2470278539169724,1.3813040874538383,1.3932642578889434,Correct,D:/ML Projects/AIL721/Course Project/New/New_gym_dataset/New_gym_dataset/OHP\Test\Correct\PXL_20250420_135451129_Sports2D
128.70003173700533,133.89836564631378,143.03411628493498,135.75329959004833,36.288661806503605,135.0760776814869,87.58863006949828,88.97444332780069,-1.3095122256497356,1.2138519329246642,-1.414917346957204,-1.0549619890776145,-0.49302838475794714,1.1794688096110666,-0.5744404377760312,-1.0700075783728678,0.9999301475437323,2.2494763879839343,83.81279500989328,2.250949120365422,2.2712610709183574,1.4966527290090685,1.514372482875625,Correct,D:/ML Projects/AIL721/Course Project/New/New_gym_dataset/New_gym_dataset/OHP\Test\Correct\PXL_20250420_135451129_Sports2D
135.92805300061565,140.97773169899867,138.73231898444243,131.04885162752885,40.55631073267338,130.3374813446447,84.6282577320577,91.31521304364331,-1.388068393450396,1.2228946106437542,-1.4986622467029036,-1.0523171278188461,-0.5445912505337169,1.1435822381523242,-0.6332629310284027,-1.0324485715042797,0.99992292552091,2.176030809656604,83.99007388011273,2.177836713690107,2.2778980344201636,1.570553472313561,1.591388482732402,Correct,D:/ML Projects/AIL721/Course Project/New/New_gym_dataset/New_gym_dataset/OHP\Test\Correct\PXL_20250420_135451129_Sports2D
144.99005005582416,149.35335762807094,133.641440601184,126.61489677348719,45.34960261157441,125.6059399862456,80.35955255575023,94.95929761431653,-1.4378632030331606,1.2333544838491033,-1.552040221455548,-1.0614493370115972,-0.5873959008476864,1.088891077831738,-0.6882999540351297,-0.9865001066691397,0.9998449546845419,2.075391184500878,80.07423962559115,2.07784267851385,2.2976424804074056,1.6219647124744805,1.6422208612044646,Correct,D:/ML Projects/AIL721/Course Project/New/New_gym_dataset/New_gym_dataset/OHP\Test\Correct\PXL_20250420_135451129_Sports2D
155.24954971044875,157.55266592862844,127.93356204979804,122.28822140134277,50.914126235056386,121.13590968619722,75.66457652460765,98.68857561482561,-1.4960867827817392,1.2474406919736178,-1.6104272573090028,-1.076075460254224,-0.6413379434728733,1.029005067305229,-0.7448861678560231,-0.9438056805499955,0.999797767916886,1.9728107478552246,78.21951495877246,1.9755263808985173,2.3263278044546505,1.6814524206169905,1.7009322045993103,Correct,D:/ML Projects/AIL721/Course Project/New/New_gym_dataset/New_gym_dataset/OHP\Test\Correct\PXL_20250420_135451129_Sports2D
164.47470109232168,163.99065121214548,122.17175917528591,118.38831570214705,56.62458667955365,117.1846615569866,72.14988558723199,101.17531276913208,-1.5638694086169749,1.2472182936881406,-1.677289910510877,-1.0785561202604672,-0.7032180899464809,0.9700627747315465,-0.7995949724030551,-0.9051608113822347,0.9997793457996752,1.8752235861137811,79.09459283406913,1.8776985917312388,2.3285383472959715,1.7427417583020237,1.764378972273174,Correct,D:/ML Projects/AIL721/Course Project/New/New_gym_dataset/New_gym_dataset/OHP\Test\Correct\PXL_20250420_135451129_Sports2D
170.88823227203198,168.45318150361814,117.16179606141381,115.51364502841042,61.34301900192269,114.01846009174687,70.45478672989073,102.47164159536501,-1.6114375655338913,1.2235115378893249,-1.7234441258550586,-1.063571747044736,-0.754459973080065,0.919278581948881,-0.8393009593558726,-0.8680209877772304,0.9996595213224516,1.7872995697261114,76.81290095039022,1.789312087058989,2.2898243211608516,1.7783879480142484,1.8009067636237954,Correct,D:/ML Projects/AIL721/Course Project/New/New_gym_dataset/New_gym_dataset/OHP\Test\Correct\PXL_20250420_135451129_Sports2D
174.77474241220722,171.60280810808692,113.85737211164157,113.26964567403417,64.51012099728231,111.63713878295799,69.73537858507503,103.23994689104491,-1.6401364080836958,1.1975826115048147,-1.744595860787893,-1.0423438997258356,-0.7944319835073896,0.8853405644325515,-0.853328927644786,-0.8326434402753079,0.9995941127542947,1.7179840047078592,74.30031001939699,1.7189932781895272,2.242360932805683,1.7955167728689894,1.8134148215902066,Correct,D:/ML Projects/AIL721/Course Project/New/New_gym_dataset/New_gym_dataset/OHP\Test\Correct\PXL_20250420_135451129_Sports2D
177.35302733895904,174.19181137647357,112.74056812086705,110.95637750135663,66.26698683569299,109.96393245791663,68.91395949673404,104.15574383439031,-1.6807175688620664,1.1968267232864218,-1.7729343302358815,-1.0389417416512698,-0.8328229520975233,0.869888736677735,-0.8555284148843807,-0.8075562006661345,0.9998499877188644,1.6774449373438696,75.45147286551267,1.677598597955108,2.2376694483073494,1.8274762787455403,1.8447769419364641,Correct,D:/ML Projects/AIL721/Course Project/New/New_gym_dataset/New_gym_dataset/OHP\Test\Correct\PXL_20250420_135451129_Sports2D
178.44347677959476,176.0074329930692,113.2253410576212,109.3352711561023,66.72270200830538,109.28331422202886,68.27922522871098,105.29074721509808,-1.7150914165325686,1.2105253723150817,-1.801731175987724,-1.05844140508864,-0.8511559083045402,0.8663607648713814,-0.8632511425144934,-0.8018652122902706,0.9999995888391631,1.668225977161652,76.57695835113205,1.668269823969595,2.2706203304119947,1.8568631203547235,1.885857530082513,Correct,D:/ML Projects/AIL721/Course Project/New/New_gym_dataset/New_gym_dataset/OHP\Test\Correct\PXL_20250420_135451129_Sports2D
176.93360794612252,176.32986922279017,114.28636140152818,109.70214973267106,65.72797274559315,109.71648387979239,68.79436479947054,106.0463531025827,-1.690524402452836,1.2076545381778112,-1.7859250629256849,-1.0751815561071345,-0.8231130903284962,0.8711097122692837,-0.8687256714777125,-0.8113756372390197,0.9999999687054686,1.6824853495083036,73.79512082837189,1.6831035199503246,2.2848286411433136,1.8325459902467813,1.8763818869801014,Correct,D:/ML Projects/AIL721/Course Project/New/New_gym_dataset/New_gym_dataset/OHP\Test\Correct\PXL_20250420_135451129_Sports2D
173.56453680486632,175.23702100364883,115.3796674957187,111.77249098964882,63.74010602865309,110.89226451402058,70.17556922378684,106.12928551766927,-1.6339058527132275,1.195625000092229,-1.7442312314274038,-1.08152204051948,-0.7742581903041683,0.885718671635039,-0.8657722699933894,-0.8274814057574663,0.9998819937384215,1.7132000773925056,74.00490521021844,1.7156425420113164,2.2798180483878734,1.7829144766174438,1.8313499910355964,Correct,D:/ML Projects/AIL721/Course Project/New/New_gym_dataset/New_gym_dataset/OHP\Test\Correct\PXL_20250420_135451129_Sports2D
170.93755270833375,173.3112764744243,116.32044723282381,113.89719891388631,62.133246331653154,112.35089247836329,71.19569362331936,105.66216895278752,-1.624470781201089,1.2027226007889815,-1.7383193624147597,-1.0946509868719023,-0.7577346893733895,0.9075888713412091,-0.8639567241305128,-0.8495015530875235,0.9996358422928998,1.7570904244287326,81.12216539589502,1.7602982361767812,2.3001927964251623,1.782413665225561,1.8245148173080097,Correct,D:/ML Projects/AIL721/Course Project/New/New_gym_dataset/New_gym_dataset/OHP\Test\Correct\PXL_20250420_135451129_Sports2D
169.88895736658688,171.1820416545854,117.01684447551236,115.07475651927076,61.55004793067714,113.64164892546019,71.66109056409029,104.82369058004554,-1.6491963007300763,1.2151680046025743,-1.7531931536527396,-1.1069934727592938,-0.7695940600348309,0.9236045581631179,-0.8586571349332599,-0.8702511271470285,0.999687205079502,1.7938556853101464,86.78856793499102,1.7960652691452774,2.3244890346829497,1.809126845734372,1.843536410012733,Correct,D:/ML Projects/AIL721/Course Project/New/New_gym_dataset/New_gym_dataset/OHP\Test\Correct\PXL_20250420_135451129_Sports2D
168.6471283934949,169.33972239746228,117.36708351361746,116.02951898012412,61.15692796111647,114.55353045485805,72.50979956762157,103.89325285232037,-1.6234894025866884,1.1972311529908874,-1.7236220744022317,-1.0954369220052207,-0.7585209216885055,0.9246702765902803,-0.8360119248325336,-0.8758865406300679,0.9996682074085756,1.800556817220348,86.33284457249187,1.8022235454035491,2.294853689033634,1.7787816645819796,1.81145923666505,Correct,D:/ML Projects/AIL721/Course Project/New/New_gym_dataset/New_gym_dataset/OHP\Test\Correct\PXL_20250420_135451129_Sports2D
165.96598956791445,167.39147459849758,117.92175180630959,117.7684430063414,59.972312071663374,115.66250688431431,74.00632250374893,103.05398148281195,-1.5581006236128165,1.1677330823850378,-1.6680333621574603,-1.0781830024665362,-0.7236836046994499,0.9285674967455908,-0.8069033983555702,-0.8785207383373069,0.9993245919484528,1.8070882350828976,84.27537177555152,1.8090034337809282,2.2486049602362237,1.7121885475683543,1.7481600231280445,Correct,D:/ML Projects/AIL721/Course Project/New/New_gym_dataset/New_gym_dataset/OHP\Test\Correct\PXL_20250420_135451129_Sports2D
162.10159948462368,164.03593931654112,120.03783634802566,120.25774170344648,57.665588700654745,117.9611667521269,75.56398921603109,101.99710606866805,-1.5387356968831083,1.1740498037737175,-1.6511811535921193,-1.0908504566716535,-0.7073093448451286,0.9600187037026967,-0.7884917401440232,-0.9075257025841819,0.9991967923425611,1.8675444062868787,85.80773319190443,1.8693080780759164,2.2676898311938536,1.6984269196059105,1.7349966598259055,Correct,D:/ML Projects/AIL721/Course Project/New/New_gym_dataset/New_gym_dataset/OHP\Test\Correct\PXL_20250420_135451129_Sports2D
157.2901965285897,159.14554905462805,123.83836791071022,122.87128237147566,54.60557929715169,121.31522957933755,77.31538276856203,100.46077863396557,-1.5645192344829344,1.2058301575933892,-1.6543235458353485,-1.123515003473079,-0.7091094203001761,1.0132965398284652,-0.7705621890703613,-0.9603451912431403,0.9996312375427938,1.9736417310716052,85.29699270622883,1.9745982187313056,2.3310756516512394,1.7288278353636501,1.7552916177564488,Correct,D:/ML Projects/AIL721/Course Project/New/New_gym_dataset/New_gym_dataset/OHP\Test\Correct\PXL_20250420_135451129_Sports2D
151.06404125674112,154.08101912681983,127.8396466417722,125.59741405434029,51.26800661951823,124.70506731563076,80.20396536277711,98.78608644245055,-1.5463717720260497,1.2055706276679197,-1.6028821782273452,-1.134412048388125,-0.6869789112332078,1.0571889562723884,-0.7288510300625409,-0.999322203757144,0.9998787216604201,2.0565111600295323,78.27700388397984,2.056937389825288,2.3406649376302124,1.7068463899598048,1.7166492370926367,Correct,D:/ML Projects/AIL721/Course Project/New/New_gym_dataset/New_gym_dataset/OHP\Test\Correct\PXL_20250420_135451129_Sports2D
143.53703044078375,149.10777193808124,131.27464236602373,129.09737830726212,47.687426812665144,128.05944748595098,84.15039637188138,97.16721942403221,-1.4610888531066306,1.1655677427904865,-1.5008242778178726,-1.1174737115860622,-0.6284529635276332,1.0802633198494511,-0.6632909218640827,-1.012155432516943,0.9998359222545717,2.0924187523663944,72.09712345879856,2.092708751497826,2.28338721779263,1.61382122023527,1.6145414951431387,Correct,D:/ML Projects/AIL721/Course Project/New/New_gym_dataset/New_gym_dataset/OHP\Test\Correct\PXL_20250420_135451129_Sports2D
136.2664042039805,143.54100415839807,134.61552894718125,133.31040362419455,43.91403103954779,131.8399636109236,87.64762683556728,95.38096776932167,-1.371864588310942,1.1314230434991541,-1.4146379338027406,-1.1023402957500263,-0.5632771033480193,1.0982064785892545,-0.6000556170985043,-1.0256125892327739,0.9996706971217979,2.1238190678220286,74.2417022554276,2.1241374936472748,2.2341728256467115,1.5219342247455858,1.5258033978609198,Correct,D:/ML Projects/AIL721/Course Project/New/New_gym_dataset/New_gym_dataset/OHP\Test\Correct\PXL_20250420_135451129_Sports2D
130.31984733766433,137.92317792330988,138.2104079139122,137.16546743651708,40.17473322027948,135.55060857070873,89.85488588261515,93.4737864940186,-1.30505416239367,1.1220828962023055,-1.3546398932440737,-1.0993648203493847,-0.5096069785046805,1.1200682475874475,-0.5545989974190413,-1.050799610241841,0.9996028403361613,2.1708678578292884,78.47210647548734,2.1713340456784427,2.22200105807281,1.4585529499968106,1.4685193621737895,Correct,D:/ML Projects/AIL721/Course Project/New/New_gym_dataset/New_gym_dataset/OHP\Test\Correct\PXL_20250420_135451129_Sports2D
124.3724390729859,132.611564896928,142.64283489036288,140.33110887590684,35.94468016793756,138.91862393420718,91.57224109495166,91.53018883113515,-1.2232162579540866,1.117060570115543,-1.2763340066831563,-1.091214681421646,-0.4505729783615224,1.1382678305262524,-0.510022629396187,-1.070744064073004,0.999696142194167,2.2090118945992563,77.45949616833084,2.2098117140356415,2.2089140050671237,1.3811276149046174,1.3955046459007394,Correct,D:/ML Projects/AIL721/Course Project/New/New_gym_dataset/New_gym_dataset/OHP\Test\Correct\PXL_20250420_135451129_Sports2D
116.79212332254625,125.95913140878157,148.56376058736328,144.37606708600893,30.376300506877488,143.31612818024976,93.58417718433122,89.27525958903136,-1.117778341178523,1.1075524303191744,-1.1788615437480292,-1.0765803632777977,-0.37421168814965233,1.1541275261116168,-0.44573870375729246,-1.0858542066903882,0.9998288905399514,2.239981732802005,75.37096514955063,2.24112344087701,2.1849867774661385,1.2803964089628297,1.3040462615798825,Correct,D:/ML Projects/AIL721/Course Project/New/New_gym_dataset/New_gym_dataset/OHP\Test\Correct\PXL_20250420_135451129_Sports2D
108.3624694401502,117.47836181687113,154.95803658946917,150.64762213490383,24.1680253752692,149.7736840996422,95.80555593511899,87.25204591651332,-1.0358632885135695,1.1099358897153828,-1.1083102901099255,-1.0817799165893642,-0.29969530908290315,1.184785229154111,-0.3673429782514283,-1.1173446093836028,0.9998836737839256,2.302129838537714,78.41209284294101,2.303123531343817,2.192912844516711,1.208703092738993,1.2450063863044518,Correct,D:/ML Projects/AIL721/Course Project/New/New_gym_dataset/New_gym_dataset/OHP\Test\Correct\PXL_20250420_135451129_Sports2D
101.13765323616374,109.35899641578757,160.14196237082075,158.24730068494156,18.78205882738131,157.17132188314355,97.64440559121758,86.53031829893112,-0.9858119967850519,1.1237274084841973,-1.0620985606710256,-1.1123141341899423,-0.23693894337052018,1.2242391957682954,-0.28696377325148653,-1.1593117218868523,0.9998236727612518,2.383550917655148,82.59576877801454,2.3840758084967257,2.2373424906334916,1.174551471710977,1.2178808276361266,Correct,D:/ML Projects/AIL721/Course Project/New/New_gym_dataset/New_gym_dataset/OHP\Test\Correct\PXL_20250420_135451129_Sports2D
95.4902561775391,102.03242836638404,164.54875981139443,166.07191052720262,13.868001608661018,164.4886719472581,98.37774543112194,86.52110031364212,-0.913791786833721,1.1259843626183663,-0.9824953587583959,-1.1307411493386277,-0.1678966153573661,1.2358325609965508,-0.2020891572269306,-1.1781843686151348,0.999618240517642,2.4140169296116856,82.00010039977884,2.414259071924828,2.2577710727867797,1.1191733788673992,1.1560353058559694,Correct,D:/ML Projects/AIL721/Course Project/New/New_gym_dataset/New_gym_dataset/OHP\Test\Correct\PXL_20250420_135451129_Sports2D
90.79896306596714,93.16195922279599,169.13992191966028,175.26067889379655,8.529678310035177,172.930279123492,97.73071524406804,86.09223834628796,-0.8011844108506504,1.1131262271533886,-0.8525495650955016,-1.1149691935792156,-0.0862443053259788,1.210180223169727,-0.10300066277417687,-1.1661703228997744,0.9991729615040389,2.376350546069501,80.58132936123918,2.376409622375686,2.228687412572745,1.0253382552592643,1.0350283459923708,Correct,D:/ML Projects/AIL721/Course Project/New/New_gym_dataset/New_gym_dataset/OHP\Test\Correct\PXL_20250420_135451129_Sports2D
86.39944116162984,82.56842185738854,174.07126643606455,173.6732501720382,2.8488483017828643,176.75313543419074,96.449407140153,85.81528642319786,-0.6893783046595288,1.1020918757802873,-0.7137937729055513,-1.0945214374184793,-0.006972290713016616,1.179231886455177,0.009907455752748102,-1.147472613778542,0.9985555941540312,2.3267045002337188,82.42471626113179,2.3267657289139763,2.1967489985912674,0.9361559886566115,0.9089484744002474,Correct,D:/ML Projects/AIL721/Course Project/New/New_gym_dataset/New_gym_dataset/OHP\Test\Correct\PXL_20250420_135451129_Sports2D
80.84999488691474,73.17936589964884,179.61993205379173,163.83931226565778,3.367591583955695,166.82683590340594,95.78241352912963,86.35252999624291,-0.6051802477171657,1.0979818516518964,-0.5944049811159112,-1.091852861990753,0.06528165950982977,1.1658769790345556,0.12333395279486555,-1.1376062055851897,0.9986409074215399,2.303483184619745,84.41356517952705,2.3042145843175232,2.1898612237867296,0.8699763058579484,0.8210429495694587,Correct,D:/ML Projects/AIL721/Course Project/New/New_gym_dataset/New_gym_dataset/OHP\Test\Correct\PXL_20250420_135451129_Sports2D
73.78633488664089,65.99107918556516,171.72585330810819,157.48012991679863,10.036797573797449,159.24278079870427,96.17686753956164,86.74829838686091,-0.543346927119733,1.0941936407068062,-0.49372750417672673,-1.0924532393151667,0.1335533218504556,1.1674520365417165,0.2247263902424668,-1.1332714139901736,0.9995268235821717,2.3007234505318905,84.15423457207203,2.3025292450319457,2.1872097899019716,0.8157957061652051,0.7616416117601197,Correct,D:/ML Projects/AIL721/Course Project/New/New_gym_dataset/New_gym_dataset/OHP\Test\Correct\PXL_20250420_135451129_Sports2D
67.17893213768697,60.622781544115554,164.75763230393358,152.9080054279014,15.77533972931854,153.44097746115352,97.0457281329945,87.18180408296205,-0.49418132299064227,1.0868321965422056,-0.41705634480790277,-1.0848112841935902,0.19448689048085724,1.171947992359877,0.3054675351980796,-1.1203786079159812,0.9999567356234789,2.2923266002758584,83.40521562990442,2.2950115350111258,2.1730125792737534,0.7702149661630281,0.7156170174504809,Correct,D:/ML Projects/AIL721/Course Project/New/New_gym_dataset/New_gym_dataset/OHP\Test\Correct\PXL_20250420_135451129_Sports2D
62.125049197814604,57.867234881756744,159.96827325998444,147.99186963806585,20.38823323789021,148.34837613594055,97.48671756429518,89.51885874581622,-0.44831913273450597,1.0758871191022374,-0.3797809441839498,-1.0807102689088663,0.2513229764611404,1.1678317514462322,0.3586947648474452,-1.0869117637488892,0.9999806421001698,2.2547435151951216,83.71312814559671,2.2572986112288573,2.1576862091754925,0.7317420067296941,0.692181941319795,Correct,D:/ML Projects/AIL721/Course Project/New/New_gym_dataset/New_gym_dataset/OHP\Test\Correct\PXL_20250420_135451129_Sports2D
57.76571014111671,56.96436507610798,155.10803185089569,142.7446358567593,25.68718472369135,143.53985243134633,96.54710513519196,93.42451264476168,-0.39185391570682876,1.0597885930749509,-0.36654588868206034,-1.0856515475873851,0.31525047639237,1.1409419025602503,0.3922741944949554,-1.0402435303781603,0.9999036861785325,2.1811854329384106,84.70136118532086,2.1825449699864303,2.1455894046618305,0.6873523522674279,0.6872852434228695,Correct,D:/ML Projects/AIL721/Course Project/New/New_gym_dataset/New_gym_dataset/OHP\Test\Correct\PXL_20250420_135451129_Sports2D
53.64037397390004,55.54383484346155,148.06110352603307,138.15834448897553,32.885900808851396,139.10534882385997,93.47372521724857,96.43848601960161,-0.3215404812824928,1.0414444362891613,-0.32696669142521445,-1.0872618648851962,0.38617204926893506,1.0844042401576302,0.4267391099595276,-1.0022075351491875,0.9998634100372735,2.086611775306818,85.46451379534128,2.0870060822293124,2.1287132170435563,0.6340401400193094,0.6682276951143564,Correct,D:/ML Projects/AIL721/Course Project/New/New_gym_dataset/New_gym_dataset/OHP\Test\Correct\PXL_20250420_135451129_Sports2D
50.50447613053674,52.476732838330754,139.79199413259062,133.94000930491487,41.10088206936646,134.832885506872,88.3946418000968,97.64384733145876,-0.2496768386363012,1.0306095220677225,-0.2185830409739593,-1.0700483227897506,0.4535455973791583,1.0109009252413061,0.4723782490135904,-0.9773161549216289,0.9998785777025377,1.9882170801629353,85.6283193431734,1.9883062708293233,2.1008879564161225,0.5898311974732797,0.6078300622523836,Correct,D:/ML Projects/AIL721/Course Project/New/New_gym_dataset/New_gym_dataset/OHP\Test\Correct\PXL_20250420_135451129_Sports2D
48.67246101108383,47.69631311525282,132.6093479472314,128.587461981016,48.56359453329809,129.76040446154545,82.7639444556181,97.93590865370737,-0.18532797837441106,1.032335025626016,-0.05267862832513473,-1.0298499002792534,0.5129594332757457,0.943674338705632,0.5292323205023158,-0.9487313312154358,0.9997904618993534,1.892405669921068,85.7664563997391,1.8924756342970692,2.0664468342300553,0.5672187125770166,0.5316515788710979,Correct,D:/ML Projects/AIL721/Course Project/New/New_gym_dataset/New_gym_dataset/OHP\Test\Correct\PXL_20250420_135451129_Sports2D
47.28312128049601,42.037761219550454,127.64443275620316,121.98325987346703,53.87714711005133,123.50483973972153,78.83973160945267,98.53292147982896,-0.12650324727335177,1.0432277192513164,0.0855671035346138,-0.9853474758369953,0.5696599090888823,0.9058853129319234,0.6028884320278753,-0.9077293732182836,0.9996473947929219,1.8136146861502072,86.45448871717421,1.8139190622947932,2.039630151723443,0.5610939071212449,0.495483039641018,Correct,D:/ML Projects/AIL721/Course Project/New/New_gym_dataset/New_gym_dataset/OHP\Test\Correct\PXL_20250420_135451129_Sports2D
45.804586530396385,36.954373912397756,124.78668237667414,116.25161268804725,56.46489894769099,117.50319401241244,77.73051452191264,99.45117989998533,-0.07224018380762039,1.055986599617464,0.1231299594419374,-0.9579109777097036,0.6221380523850001,0.904975006882725,0.6881648465997815,-0.8638514274571343,0.9997614246232174,1.7688264343398594,87.37932957648074,1.7700583302178892,2.023351908304037,0.5622895874199657,0.4772435937696987,Correct,D:/ML Projects/AIL721/Course Project/New/New_gym_dataset/New_gym_dataset/OHP\Test\Correct\PXL_20250420_135451129_Sports2D
44.51771844907619,33.921890205676675,123.12790779828352,113.08041087770549,57.48046645636413,113.68878513235317,78.00181509455969,100.23310507332349,-0.02971499670086002,1.0611759922462707,0.09043133567157237,-0.9492489494135954,0.656736190628393,0.9152890168119334,0.7481064317632432,-0.830522179339998,0.9999436281466446,1.7458111961519314,88.22587703727254,1.7482005758992527,2.014011814074243,0.5622960142512199,0.459364941984579,Correct,D:/ML Projects/AIL721/Course Project/New/New_gym_dataset/New_gym_dataset/OHP\Test\Correct\PXL_20250420_135451129_Sports2D
43.96848744885737,34.10046593339346,121.66329630098883,112.28330655475357,58.643551590750675,112.59015444649305,77.38796096039195,101.51031148690038,-0.005212360492948687,1.0575450971226583,0.05249258382963101,-0.9601174541441954,0.6698032910455287,0.9065122941034184,0.7579500668823715,-0.816458286204669,0.9999856593119449,1.7229705803080873,89.14949078463547,1.725223891179814,2.018487560373841,0.5576080923429024,0.4634203650193681,Correct,D:/ML Projects/AIL721/Course Project/New/New_gym_dataset/New_gym_dataset/OHP\Test\Correct\PXL_20250420_135451129_Sports2D
43.96765190865936,35.83519404904933,119.6227031715171,112.94443702249512,60.53476421561052,113.10190440962269,75.4975838757301,102.73328963942664,0.00785123646108202,1.051147114852814,0.03933268299516372,-0.9785763855780782,0.6725751295622416,0.8792079212761639,0.7461240806417211,-0.8188624968288839,0.999996223358956,1.6980704181050477,89.57384470027623,1.6996624938641036,2.029967627741219,0.5511870609988501,0.4803063723827145,Correct,D:/ML Projects/AIL721/Course Project/New/New_gym_dataset/New_gym_dataset/OHP\Test\Correct\PXL_20250420_135451129_Sports2D
43.66578226795637,35.63855210064024,117.21706197956198,113.57917801994307,62.590150150849134,113.38639015035417,73.7440675811945,102.25216195028608,0.024158135029471103,1.040940634992203,0.07404127395535656,-0.968641571946796,0.6753219286473675,0.8510705455667898,0.7472872310501186,-0.8224389441189851,0.9999943391227456,1.673509489685775,88.25636948078204,1.6750561234831096,2.010201227239432,0.5415603063756558,0.47419762147321043,Correct,D:/ML Projects/AIL721/Course Project/New/New_gym_dataset/New_gym_dataset/OHP\Test\Correct\PXL_20250420_135451129_Sports2D
42.203028582498256,33.435509737131234,115.79069632927077,112.89687509690631,64.13720220226541,112.82477362844249,73.65976921523632,100.61073610868876,0.04928255334043772,1.016016301776289,0.17776574215513877,-0.9232832795960928,0.6814799755909446,0.8306668775303149,0.7511412943792255,-0.8158677554956062,0.9999992082047318,1.6465346330259212,85.0579340973872,1.6480075840508523,1.9435510788551686,0.5184249374630272,0.458853378699904,Correct,D:/ML Projects/AIL721/Course Project/New/New_gym_dataset/New_gym_dataset/OHP\Test\Correct\PXL_20250420_135451129_Sports2D
40.0487605792409,32.88588607376991,115.84424513806492,110.78840083616012,65.15113000675738,111.78377598098233,74.80010941400172,101.10211009278757,0.07444025548338377,0.984094393588431,0.3212195013272439,-0.8819413906545831,0.691919479607209,0.8163302676666828,0.7410610775048617,-0.7995556909798172,0.9998491006390389,1.6158859586464998,81.90616623982051,1.6166330220538154,1.8822830669840032,0.4886144481998621,0.5047518271813626,Correct,D:/ML Projects/AIL721/Course Project/New/New_gym_dataset/New_gym_dataset/OHP\Test\Correct\PXL_20250420_135451129_Sports2D
41.21571089053846,35.04320899242027,116.1698394199754,107.75688157862149,65.5928607520255,109.51958175062241,73.19142835743604,105.52362724179787,0.08986118026560162,1.0085120874883393,0.37826259204153206,-0.8792107858577533,0.7182272063915711,0.8186946197078219,0.757687630564474,-0.7738183925313618,0.9995267971204401,1.5925130122391835,81.74157168659914,1.5930018264983326,1.9096264087167358,0.5141718288362224,0.546749336638258,Correct,D:/ML Projects/AIL721/Course Project/New/New_gym_dataset/New_gym_dataset/OHP\Test\Correct\PXL_20250420_135451129_Sports2D
47.31766327325094,32.851277307280235,115.81217933943756,104.50405852169193,65.35687942701537,105.67311728814478,67.3254572997337,107.17816001913545,0.0963315974072218,1.130305397643894,0.2728556492759083,-0.9124653225676841,0.7704615458262863,0.8486626030955197,0.8377876448485416,-0.73782560471237,0.9997918471516399,1.5864882078078897,84.9549928862014,1.587916130380646,2.0503836119716397,0.6362660928993098,0.5003346077669488,Correct,D:/ML Projects/AIL721/Course Project/New/New_gym_dataset/New_gym_dataset/OHP\Test\Correct\PXL_20250420_135451129_Sports2D
43.98253848329429,39.0020816655192,115.57275074505498,96.32093377589688,104.91606967051415,136.80975419146597,31.101391846191557,82.19232747405323,0.8028792493480067,0.786953272088087,-0.1787836624296543,-0.9676574057635671,1.1867630230114452,0.15061681865828974,0.28667232516733887,-1.0314804453323387,0.76053267178927,1.1820972639906284,119.23713633568586,1.4857715860385876,2.0105523378392407,0.6277719642878883,0.6052315330120163,Correct,D:/ML Projects/AIL721/Course Project/New/New_gym_dataset/New_gym_dataset/OHP\Test\Correct\PXL_20250420_135456945_Sports2D
37.85978212141065,36.812322564009285,114.82419976059599,96.41884802015234,102.61132274654662,133.85437052729498,39.52889513204272,82.95795203671432,0.6897641156525391,0.8084764091180048,-0.22396509683879398,-0.9670574753227339,1.1935309578668776,0.19798590725374998,0.3651059640225484,-1.0398251687049576,0.794037904147829,1.2378110759587075,117.55032897370961,1.4894509828094478,1.9968529361365726,0.5640585266294741,0.5756205028340577,Correct,D:/ML Projects/AIL721/Course Project/New/New_gym_dataset/New_gym_dataset/OHP\Test\Correct\PXL_20250420_135456945_Sports2D
36.79179605030126,36.40749509130238,115.18003079306658,97.34181998375719,100.7712252211514,133.29307599797525,42.43697872854736,83.11441909332719,0.656592088741255,0.8234973537627382,-0.25253716961145534,-0.9689288198559888,1.1965082988002715,0.2329794990948947,0.3872904248129489,-1.046193093956197,0.8095167557599058,1.2791725930510915,117.34663923791918,1.51364331676707,2.009802874977151,0.5542048892472788,0.5656590912861871,Correct,D:/ML Projects/AIL721/Course Project/New/New_gym_dataset/New_gym_dataset/OHP\Test\Correct\PXL_20250420_135456945_Sports2D
38.493942522489455,36.185110263063706,116.50497164184574,98.80195509039372,99.67239347985358,134.97932021209306,41.83366399765696,81.20579005097062,0.6862639863592613,0.8264820159911334,-0.2588284848373999,-0.9529143858020238,1.2033834341403715,0.24879883687568613,0.3486127346152669,-1.0468883995091753,0.807193569798461,1.2956872363848615,118.15755280849208,1.5522365680840264,2.014808014136098,0.5760271002996055,0.5505166671317473,Correct,D:/ML Projects/AIL721/Course Project/New/New_gym_dataset/New_gym_dataset/OHP\Test\Correct\PXL_20250420_135456945_Sports2D
39.16603024851889,34.23982303537111,117.50944242452194,101.60381633898798,98.85293921214807,137.966197975658,41.98103053933302,76.27362505971314,0.6960686752547496,0.8310753136433876,-0.27126440833785004,-0.9147568243580293,1.2095449672934402,0.26042228638710757,0.288461760039197,-1.051476356953853,0.8052832414979413,1.3118986433409605,118.68513036383017,1.6029573684554483,1.9959116084364474,0.5858791628484268,0.5127338991838581,Correct,D:/ML Projects/AIL721/Course Project/New/New_gym_dataset/New_gym_dataset/OHP\Test\Correct\PXL_20250420_135456945_Sports2D
39.11047996042484,33.448256943203646,117.47720047775437,106.59157300273341,97.7718127741689,141.84058625465673,43.11770726540627,71.6076706885469,0.6798551353305476,0.8365223598454155,-0.289440094737615,-0.8987058867625041,1.196882500467127,0.2843570138211736,0.23335802745497702,-1.0725399414116354,0.8166514946366656,1.356896955232809,117.95089060742829,1.6641961294310865,1.9875991323350106,0.5800516084735144,0.4903809192528446,Correct,D:/ML Projects/AIL721/Course Project/New/New_gym_dataset/New_gym_dataset/OHP\Test\Correct\PXL_20250420_135456945_Sports2D
42.708491509552104,38.67735539357995,117.36133955409957,112.95095495354825,96.20678456042856,146.5190790680764,41.08472393001933,72.15827632550355,0.7395173189413976,0.8041260408323535,-0.289447372999621,-0.9487385240392757,1.1612832761876013,0.32038635131801435,0.17418780780543147,-1.0979680125554525,0.8332289851801843,1.418354363873467,116.15867912126778,1.728029677181362,2.032560582133748,0.6038075360426255,0.5322823985643261,Correct,D:/ML Projects/AIL721/Course Project/New/New_gym_dataset/New_gym_dataset/OHP\Test\Correct\PXL_20250420_135456945_Sports2D
56.04146941225399,50.815934319906724,119.04093192306858,120.29037346836952,93.79230041559674,153.12360580703478,30.16623017214928,77.69232851287194,0.8987430715709561,0.7428397785866582,-0.3505851837360484,-1.0150938289409097,1.1189781957144886,0.36392442261779484,0.07780732846269686,-1.1085585890869005,0.8402522639248581,1.4724830117046956,114.39080377481014,1.8033976251988295,2.1566528830535834,0.7057497059300867,0.6002539461820163,Correct,D:/ML Projects/AIL721/Course Project/New/New_gym_dataset/New_gym_dataset/OHP\Test\Correct\PXL_20250420_135456945_Sports2D
67.61624946770694,59.9990730238711,123.4332996567963,130.28417431112769,89.84153930617293,163.5590132740969,22.54221122612016,76.4400597497742,0.9390664322587894,0.759212602493275,-0.5778053878276183,-0.993724406516854,1.0797612694596566,0.42025175144419824,-0.06817061602959988,-1.1166409187955308,0.8360483802633466,1.536892670239729,112.99380035088771,1.9182770116851016,2.318121712967123,0.7471859862692186,0.6507913238280585,Correct,D:/ML Projects/AIL721/Course Project/New/New_gym_dataset/New_gym_dataset/OHP\Test\Correct\PXL_20250420_135456945_Sports2D
56.83549124425233,62.776704051648515,130.2536240990877,140.10759608464116,83.45399008009089,173.81521026381975,39.710518675656786,68.96149378782881,0.7232954067275665,0.8808542870629251,-0.8546863400734966,-0.8985276039184396,1.0370315861025678,0.5030983629876712,-0.19780142140013054,-1.1511887470850555,0.8318803801232376,1.6542871100727266,112.35532175642689,2.064334856308669,2.3782822177339997,0.6441263316497651,0.7523700332147886,Correct,D:/ML Projects/AIL721/Course Project/New/New_gym_dataset/New_gym_dataset/OHP\Test\Correct\PXL_20250420_135456945_Sports2D
49.299582609414685,56.102558176080564,138.99331099377162,138.9878388853643,74.28505552640172,172.26620540553768,56.41536186418361,63.83635277054292,0.5295784104933966,0.9110235664363232,-0.8616014763819053,-0.8523982346529343,0.9751173666600648,0.6151803475285542,-0.1691627138416221,-1.19257480736416,0.8360145993241163,1.8077551548927142,115.68119376105645,2.139475543836416,2.246116187155789,0.5551619075287858,0.7304488712986497,Correct,D:/ML Projects/AIL721/Course Project/New/New_gym_dataset/New_gym_dataset/OHP\Test\Correct\PXL_20250420_135456945_Sports2D
24.625310618088168,41.662595680294935,149.81172762136026,124.34828718461748,62.77694132347827,156.9369561294561,92.59774805843357,64.72563955083885,0.6703242609430068,0.7264334211536375,-0.4753873417092835,-0.9113963113294976,0.8810662955196964,0.7359948609189867,0.04373597189690724,-1.1565006257473567,0.8425589301162202,1.8924954866663433,124.39072612266429,2.0694591655576886,1.99878495818281,0.5039223387676613,0.5316819129336955,Correct,D:/ML Projects/AIL721/Course Project/New/New_gym_dataset/New_gym_dataset/OHP\Test\Correct\PXL_20250420_135456945_Sports2D
81.61045415681836,46.36253621108337,162.84189642371493,112.04866902690392,49.871064175407646,144.76162962602643,148.2606100185893,81.60090658505695,0.9028473615315299,0.6277971206493496,-0.1578689725334571,-0.9659268042901665,0.7702363479193237,0.8421828418905136,0.1467211082746483,-1.0108998296586351,0.8413885552861241,1.8530826715491489,131.26322577447604,1.9551692104942957,1.9144385835740152,0.6656687422832405,0.5566868170071502,Correct,D:/ML Projects/AIL721/Course Project/New/New_gym_dataset/New_gym_dataset/OHP\Test\Correct\PXL_20250420_135456945_Sports2D
94.81075536677798,68.8026961839263,174.83609659752315,126.92388479910895,38.74126372133654,160.5012451179687,123.93050835455857,88.30145106595762,0.7362560313252149,0.8870589113380759,-0.4215312740553406,-0.8683773487793104,0.6828483024097161,0.9229887097590254,-0.11331245432668378,-0.8775172570113675,0.8331398411452097,1.8005059667703929,132.15947885567022,1.968678157277838,2.1028618375526444,0.6578045427431367,0.4745049793087676,Correct,D:/ML Projects/AIL721/Course Project/New/New_gym_dataset/New_gym_dataset/OHP\Test\Correct\PXL_20250420_135456945_Sports2D
92.43131403693664,94.80869814082237,177.38377791819238,173.41013664068214,31.5942971983926,152.3793440791176,55.97438876467076,67.18804221993999,0.22913888727822854,1.2538301984247768,-1.019473435188747,-0.6553975643340813,0.6310733455817598,0.9824604987382386,-0.5180495062584264,-0.8662999265522823,0.826977364034047,1.8487604252905208,127.01088398356222,2.176786263908726,2.281267932949913,0.8419475349835146,0.7769744101687077,Correct,D:/ML Projects/AIL721/Course Project/New/New_gym_dataset/New_gym_dataset/OHP\Test\Correct\PXL_20250420_135456945_Sports2D
91.88660424156295,101.71825018637358,171.49561091150798,169.57672571215923,25.68970399353409,135.38263263013312,62.423691764902955,57.100882816506704,-0.19277082291559727,1.4461636280477912,-1.4407581976904653,-0.48017906810193367,0.582861306226446,1.0410812410227086,-0.7729824011598596,-0.9121680096557754,0.8271385179589693,1.953249250678484,117.4640893913881,2.377707886628444,2.2952709362092434,1.1360937579098578,1.161670409097545,Correct,D:/ML Projects/AIL721/Course Project/New/New_gym_dataset/New_gym_dataset/OHP\Test\Correct\PXL_20250420_135456945_Sports2D
95.69919143207075,104.71941525266078,164.04818083748825,164.06658672587614,18.188365246143622,129.92640231722066,66.11244332178562,54.64581756988146,-0.37756986201316123,1.5019922874676372,-1.6054489260827836,-0.39828612230058147,0.509111014160527,1.109299766667718,-0.8783783330218224,-0.9141137413442089,0.8276669267037141,2.023413508011927,111.57962792568938,2.4534320681342767,2.2624643711253714,1.271727213336199,1.3249303405718262,Correct,D:/ML Projects/AIL721/Course Project/New/New_gym_dataset/New_gym_dataset/OHP\Test\Correct\PXL_20250420_135456945_Sports2D
103.17156959173768,111.20805134551092,154.76429052794987,159.50986309677873,9.486278119671672,124.78787550505686,67.34215228859063,55.99592685056775,-0.4386050113568341,1.5216754874195846,-1.6593057092599999,-0.3691341547308552,0.4111221302004969,1.16696122829767,-0.9314202543262423,-0.860174384384247,0.8219255161392511,2.027135612681917,112.33754944380328,2.4313985371497684,2.250615759455698,1.325516483895985,1.3751445273956555,Correct,D:/ML Projects/AIL721/Course Project/New/New_gym_dataset/New_gym_dataset/OHP\Test\Correct\PXL_20250420_135456945_Sports2D
112.03095070828257,119.70161620205124,145.8474800456001,154.61185011029673,1.3810109422000154,119.07831921369676,66.58803834951729,58.77993541574799,-0.49818772628806146,1.5491634496584603,-1.7029427965473576,-0.34805034583089195,0.30969448747281847,1.1993613335108644,-0.9765230846972028,-0.7883335253316641,0.8137755373393271,1.9876948588425285,114.93595874867354,2.3675486256522724,2.247410724614127,1.3881511005873644,1.4135781752885523,Correct,D:/ML Projects/AIL721/Course Project/New/New_gym_dataset/New_gym_dataset/OHP\Test\Correct\PXL_20250420_135456945_Sports2D
120.81282962733012,128.24232607088825,138.84976108646012,148.72580773617668,5.291182616736176,112.86675143937296,64.4783529894061,61.1090775102612,-0.618635620328755,1.6311201467452927,-1.8081282649885602,-0.30791136258257557,0.2162817963834366,1.2324976911255603,-1.0517855850981244,-0.7252786214294217,0.8104604566938409,1.957776312554982,116.07327042824697,2.3325700362430464,2.2748045950951674,1.5276443358517948,1.5183536261118404,Correct,D:/ML Projects/AIL721/Course Project/New/New_gym_dataset/New_gym_dataset/OHP\Test\Correct\PXL_20250420_135456945_Sports2D
129.34350488188718,136.47655066277423,132.99471002263016,141.8989447013087,11.201094568659029,106.09474929259784,61.85758968677182,62.571299955372034,-0.8087038554537246,1.7824556283996869,-2.005483366265867,-0.2349857220335548,0.11799881007534326,1.2867606283156447,-1.1822497831025929,-0.6622327800235479,0.8110209840523637,1.9489934083391927,113.0373289254386,2.342908813806211,2.3457090185992064,1.7631354540200102,1.721441687238678,Correct,D:/ML Projects/AIL721/Course Project/New/New_gym_dataset/New_gym_dataset/OHP\Test\Correct\PXL_20250420_135456945_Sports2D
136.8161978350014,143.32319464591964,127.48589177593624,136.58867530539484,16.688298309855682,100.76286539118679,59.87210047485428,64.0860600371064,-0.9600414052099552,1.8865444397863174,-2.154921076541904,-0.16267746486250656,0.01894983429900068,1.318405991553596,-1.2721556529866855,-0.5915907703519279,0.8108002320033845,1.909996761905524,107.2822401602387,2.3054372708423005,2.3721399291472878,1.9398590268145823,1.8780109329793924,Correct,D:/ML Projects/AIL721/Course Project/New/New_gym_dataset/New_gym_dataset/OHP\Test\Correct\PXL_20250420_135456945_Sports2D
138.68639125523725,142.9600830720628,124.60102157216365,138.9052025127284,19.39096619627499,102.89719028116701,60.70457494103775,65.85727335322977,-0.7892440505491882,1.6803256410099094,-1.8953555945173497,-0.21177208771169886,0.0009193903648167239,1.236989556275311,-1.0693261464081572,-0.5820124072934298,0.8089347906804089,1.8190019635687409,111.94669838825737,2.1104960678592617,2.1916926250578794,1.673655238899715,1.6129581380411808,Correct,D:/ML Projects/AIL721/Course Project/New/New_gym_dataset/New_gym_dataset/OHP\Test\Correct\PXL_20250420_135456945_Sports2D
113.26370388794555,101.24527529212696,130.9818668669995,177.10558855433416,13.053107246370386,146.9293855590359,79.78940335842483,68.17466085116286,-0.12264577635994094,1.0428008552773491,-1.046624644779751,-0.4723186822330381,0.15739703584632156,0.9923597289351542,-0.4843216347860221,-0.6975123538661289,0.8093756356436637,1.6898720828012832,125.44241609919905,1.8076145906883163,1.7746335289946606,0.7618968457426768,0.7560101152718303,Correct,D:/ML Projects/AIL721/Course Project/New/New_gym_dataset/New_gym_dataset/OHP\Test\Correct\PXL_20250420_135456945_Sports2D
55.08082731943585,42.60498735821554,163.48012199506846,106.37314319654969,19.00761229872117,141.90063350020247,143.92678497928532,80.70435385801305,0.6241608410186301,0.3764274886685993,-0.16509861435284642,-0.7805187537067225,0.3905217176220348,0.6971415274692654,0.02704597795283626,-0.811968645123138,0.8138368055244799,1.5091101725924034,131.80995817976972,1.5522654819166548,1.4005195805984496,0.3350045642616304,0.3940995518549704,Correct,D:/ML Projects/AIL721/Course Project/New/New_gym_dataset/New_gym_dataset/OHP\Test\Correct\PXL_20250420_135456945_Sports2D
72.13706519088386,141.65987778665718,170.82677147160055,119.5638092097237,26.241390760316953,154.97842849844005,134.10432556943312,166.68144928821712,0.6763160823832521,0.3498732959929395,-0.16756540935303796,-0.8045776036588499,0.3955073668354609,0.6220369840077364,-0.14630898596666594,-0.7147864692603464,0.8149799628694248,1.336823453268083,131.84838675647984,1.4424499663320738,1.429997500627848,0.39084167857815505,0.41545917570407187,Correct,D:/ML Projects/AIL721/Course Project/New/New_gym_dataset/New_gym_dataset/OHP\Test\Correct\PXL_20250420_135456945_Sports2D
165.3155725345405,175.41535338850403,116.59148081778672,130.13760181865948,27.126962684308104,93.85604532075425,41.811390149767625,98.44069193225033,-0.10018921824136538,1.0446488886932868,-1.1272488716970162,-0.48026247803774935,0.05749392198149505,0.8683604365219866,-0.8659027658371106,-0.4414805653311047,0.8061188094361278,1.3098410018530913,127.77161575203131,1.6026056574247707,1.8385337114510458,0.753992973615021,0.8349489423944964,Correct,D:/ML Projects/AIL721/Course Project/New/New_gym_dataset/New_gym_dataset/OHP\Test\Correct\PXL_20250420_135456945_Sports2D
174.0535756144216,179.52738592668982,103.5027984985495,119.02886574835715,39.028994882730615,81.56065912963727,44.975419268309025,81.08804505632826,-0.9726885396838114,1.8216591211714128,-2.142318869008357,-0.11792200694257053,-0.32682137129281674,1.1752375418762826,-1.4080123697054159,-0.233068313735075,0.7936910193519706,1.4083058556113577,120.86791351308786,1.7754715874937765,2.264952551337833,1.9132269678937637,1.8591999135163546,Correct,D:/ML Projects/AIL721/Course Project/New/New_gym_dataset/New_gym_dataset/OHP\Test\Correct\PXL_20250420_135456945_Sports2D
176.47709721910763,178.69569565376224,100.6960897137606,117.88466145625385,41.22310688555292,79.80385805556737,44.74600966644534,78.49955370932946,-1.342572733135614,2.163280035920503,-2.552922522145926,0.03497768780959328,-0.4771396881006407,1.2901399018472564,-1.5000785419207954,-0.17923438122800733,0.7871417118723588,1.4693742830752636,115.65839368489173,1.7903811556252027,2.448390797387484,2.4202346212655246,2.2850815397649544,Correct,D:/ML Projects/AIL721/Course Project/New/New_gym_dataset/New_gym_dataset/OHP\Test\Correct\PXL_20250420_135456945_Sports2D
176.31188728819382,178.79517540261836,100.77793158025068,117.98015665101195,41.0808324058528,79.83892063711544,44.76894511765908,78.63409603973409,-1.2864633587545111,2.105019916158439,-2.4721055253380824,0.017905231647023765,-0.43647372361684006,1.2481470330828817,-1.3969008389324644,-0.19822828675634452,0.7864907348748378,1.4463753198392262,112.06328433705721,1.7362090339799283,2.4003739403443305,2.3398804671999427,2.202028864622601,Correct,D:/ML Projects/AIL721/Course Project/New/New_gym_dataset/New_gym_dataset/OHP\Test\Correct\PXL_20250420_135456945_Sports2D
174.43379946635045,178.175081941349,101.87975161268989,118.5742507305966,40.28347527733207,80.73747762061858,45.84967581098161,78.91255956196744,-1.1594685920748407,1.9604516665307505,-2.309372979355516,-0.03573660697952261,-0.3736573801506265,1.1976081314217848,-1.3197110167589265,-0.22967528444068633,0.7897614786542986,1.4272834158624712,109.80352911333134,1.7123537696795696,2.3037030457911176,2.1449203435736384,2.0346143162902317,Correct,D:/ML Projects/AIL721/Course Project/New/New_gym_dataset/New_gym_dataset/OHP\Test\Correct\PXL_20250420_135456945_Sports2D
173.2157698222384,176.45898034431474,102.89973822503839,119.5093047593847,39.8139956723414,82.22303865676449,46.59822585010292,78.68201900107938,-1.1352027457082408,1.9271761000156309,-2.273602256986086,-0.06724675094599544,-0.3639681801989336,1.197810588052223,-1.3075113359412238,-0.26060607745945946,0.7956187144677166,1.4584166655116824,111.51087294290375,1.7370241382866083,2.2964485528126986,2.099309134653357,1.9982351068360826,Correct,D:/ML Projects/AIL721/Course Project/New/New_gym_dataset/New_gym_dataset/OHP\Test\Correct\PXL_20250420_135456945_Sports2D
173.37760189224934,174.963626424238,103.43536849701555,120.34768967061473,39.65024049010627,83.43329865773657,46.272638597856826,78.39692508197449,-1.164163663684385,1.96994791301958,-2.3107309433816305,-0.07952079747581753,-0.37685574837418045,1.2168604769483604,-1.3261936888523234,-0.2816723365241443,0.7995338253812817,1.4985328134725047,113.45767534585534,1.7739343613237506,2.3483906238468952,2.1471266946949443,2.0357671295023057,Correct,D:/ML Projects/AIL721/Course Project/New/New_gym_dataset/New_gym_dataset/OHP\Test\Correct\PXL_20250420_135456945_Sports2D
172.7405898399576,174.18572172557822,104.01217416407904,120.71398570332092,39.11846679236142,83.84462665976139,46.37787695240373,78.0303483853396,-1.1514904619152757,1.9664358026171223,-2.2952667490981513,-0.08468106718873587,-0.3619273752235074,1.213963488588017,-1.333842993527546,-0.28850580074577886,0.8000056401945869,1.5024692893337959,112.06759727337081,1.7894227936668639,2.3484685666885188,2.135538792454817,2.0200327257246906,Correct,D:/ML Projects/AIL721/Course Project/New/New_gym_dataset/New_gym_dataset/OHP\Test\Correct\PXL_20250420_135456945_Sports2D
170.34881704969104,173.1970785801219,105.18539113643772,120.7436374376982,38.02611733960032,83.9551459137362,47.67730028990925,77.15222449385813,-1.1081488388138028,1.9125590829300054,-2.2297036524373843,-0.0852531278951576,-0.32627701570876283,1.2005440168473673,-1.323099414482711,-0.2920236915167054,0.800851675153615,1.4925677083640727,112.014055746573,1.7948295904482487,2.2910999170015156,2.065872457649644,1.9558335563777554,Correct,D:/ML Projects/AIL721/Course Project/New/New_gym_dataset/New_gym_dataset/OHP\Test\Correct\PXL_20250420_135456945_Sports2D
167.25829282115387,171.1941753836745,106.90593175114657,121.30243696296685,36.52481509460804,84.73318380872145,49.266522273454164,75.92735919239595,-1.1011678168401338,1.8992911786189772,-2.207690516999043,-0.084332827823976,-0.30105242336517085,1.210269579605844,-1.316887209190442,-0.307635004069174,0.8031373139363139,1.517904583675018,115.14974577109919,1.8264595909119654,2.271377706349994,2.0495255724022363,1.9359622686709945,Correct,D:/ML Projects/AIL721/Course Project/New/New_gym_dataset/New_gym_dataset/OHP\Test\Correct\PXL_20250420_135456945_Sports2D
163.97559347478645,168.52154300128544,109.31054049712534,122.58851857977092,34.461141143824186,86.36020022072042,50.48554766903774,74.88174322200578,-1.1150622992035575,1.9278225998746494,-2.226908831292806,-0.091880865135952,-0.2755462598715394,1.2354232505518825,-1.3138512719553237,-0.33855484757587584,0.8066683075660274,1.5739780981277582,116.15841290712703,1.885599202244258,2.305516167259453,2.076958660471802,1.9563574979605736,Correct,D:/ML Projects/AIL721/Course Project/New/New_gym_dataset/New_gym_dataset/OHP\Test\Correct\PXL_20250420_135456945_Sports2D
159.76730512220595,165.5315442086603,112.6097518286559,124.04422099021608,31.619223293068764,88.27319611194069,51.851918170862774,73.80474032060101,-1.0785492919151607,1.9116309578530442,-2.1962193257558913,-0.11072420360404897,-0.2194455752456922,1.2368426346972776,-1.283557873408586,-0.3757949869217563,0.8113595349562017,1.612637621619034,114.59208910045038,1.9320805060252042,2.310650709998741,2.0364294027595364,1.926657120970916,Correct,D:/ML Projects/AIL721/Course Project/New/New_gym_dataset/New_gym_dataset/OHP\Test\Correct\PXL_20250420_135456945_Sports2D
154.18386128756993,161.35727758018928,116.08271588797298,126.51799750210695,28.10474114859026,90.7054545386702,53.92087986102032,72.06273211885947,-0.9969052462234061,1.839521046996122,-2.110376096946364,-0.13158449537694386,-0.1397372822135364,1.2149417645102938,-1.228690988293292,-0.4169944772141471,0.810935742955364,1.631936241724441,116.46935349720745,1.9618960398141712,2.2638627154895072,1.9285353903329512,1.8383252722273296,Correct,D:/ML Projects/AIL721/Course Project/New/New_gym_dataset/New_gym_dataset/OHP\Test\Correct\PXL_20250420_135456945_Sports2D
147.73350188642752,154.98727056085028,119.01499165359074,131.27894910746238,24.26528380678378,94.55922456783689,56.53178192035629,69.54649512868717,-0.9320084614716251,1.7811683681197352,-2.0488726037989027,-0.1504675093280398,-0.06490323326945993,1.2079353811197142,-1.1876889708279512,-0.47165458147462774,0.8015698594037164,1.679589962594342,121.07567861702293,2.0203143950663787,2.2312782604282866,1.8495184673660938,1.7677346955718638,Correct,D:/ML Projects/AIL721/Course Project/New/New_gym_dataset/New_gym_dataset/OHP\Test\Correct\PXL_20250420_135456945_Sports2D
141.00841761318108,147.25089711060983,122.29756786854297,137.18736252250122,20.07910300717438,99.56403339821853,59.07068539399331,66.81493050882835,-0.8902079417168569,1.7592147426389242,-2.0299503929096905,-0.17365560779129416,0.002451329543684963,1.2243486926003606,-1.1704006255125972,-0.5417940050898477,0.7920411448613258,1.7661426976902084,122.41219057013606,2.1201041807146623,2.2438807113176233,1.8131131886685241,1.7389920395987526,Correct,D:/ML Projects/AIL721/Course Project/New/New_gym_dataset/New_gym_dataset/OHP\Test\Correct\PXL_20250420_135456945_Sports2D
133.73843891694992,139.84504590496746,127.50249907874635,142.08365439146547,14.954053076052835,104.5402065462646,61.21561415910292,64.38525245123206,-0.8300866033664881,1.7394713980728422,-2.005929381168133,-0.20637718182447204,0.07943533210989212,1.2397802072099677,-1.1514182097763224,-0.616060804722335,0.7928914836018495,1.8558410119323028,119.55029843220146,2.2269140762821884,2.2735287405257676,1.7582424187334162,1.7118325410879554,Correct,D:/ML Projects/AIL721/Course Project/New/New_gym_dataset/New_gym_dataset/OHP\Test\Correct\PXL_20250420_135456945_Sports2D
125.44868123321156,133.14833835250974,134.75589136774295,145.7815115029922,8.602531820217287,109.1399346909524,63.15385058700575,62.28827304346213,-0.7338566074463949,1.6966914458887696,-1.947280609135327,-0.24615325653208964,0.17176303500319992,1.2383141085843705,-1.113539502073159,-0.684094828371359,0.8023846119292878,1.9224089369557296,114.72206219732414,2.3125005368004095,2.2906425617279487,1.6564658898974853,1.656149860121029,Correct,D:/ML Projects/AIL721/Course Project/New/New_gym_dataset/New_gym_dataset/OHP\Test\Correct\PXL_20250420_135456945_Sports2D
116.51537487267017,126.62607483469674,142.54441932956576,149.6166403112267,1.633927969227605,113.79498761001975,65.11855309655716,60.42106244471648,-0.6240656253156135,1.6384005623807196,-1.8686455505109818,-0.28835575196571894,0.2692798499318052,1.2240749524746823,-1.0635164657764342,-0.7453413241657943,0.8108426991800708,1.9694162766404768,110.44326587134134,2.378013139127262,2.293767443546355,1.5364154407591393,1.5803552891771715,Correct,D:/ML Projects/AIL721/Course Project/New/New_gym_dataset/New_gym_dataset/OHP\Test\Correct\PXL_20250420_135456945_Sports2D
107.85178726457491,120.08701978502548,149.49722086631246,154.5157809071646,5.13316620488189,118.87983556859521,67.01504653054324,58.966855353620666,-0.5251740515831714,1.5771520509686177,-1.7883928138273848,-0.33318018111241987,0.3626600265238271,1.2005639782974462,-1.008895670834025,-0.8021632558438665,0.8127353977671367,2.0027272341413127,109.09704125670169,2.427360996087334,2.2902163387360424,1.4273726886323905,1.4988642209663559,Correct,D:/ML Projects/AIL721/Course Project/New/New_gym_dataset/New_gym_dataset/OHP\Test\Correct\PXL_20250420_135456945_Sports2D
99.6111563962003,113.68638969048872,156.0972197236291,160.08601720420805,11.77773954613984,124.4054973816973,68.61110405765987,58.09188707218604,-0.4409856551041561,1.514719853537428,-1.707545869035235,-0.38277988756683384,0.450013162709921,1.1657404178574582,-0.9480360645812602,-0.8556823288680234,0.8122818800162479,2.0214227467254817,110.20873503672163,2.45778183794019,2.281376786724166,1.3287876517551633,1.4161060347218817,Correct,D:/ML Projects/AIL721/Course Project/New/New_gym_dataset/New_gym_dataset/OHP\Test\Correct\PXL_20250420_135456945_Sports2D
91.10700430530376,107.47082911983811,163.87322657208847,165.2707095566617,19.016821801223582,130.1271143275266,69.87617389347265,57.59794344736472,-0.3620447452597263,1.4500070075412728,-1.6221420804046356,-0.43622350026687545,0.5335493457599446,1.1218437448891496,-0.8794831542210285,-0.9075665796503687,0.8177119704769845,2.0294103245395183,111.46939165401515,2.4728863927301776,2.2684159280487974,1.2273188582363743,1.334608909529642,Correct,D:/ML Projects/AIL721/Course Project/New/New_gym_dataset/New_gym_dataset/OHP\Test\Correct\PXL_20250420_135456945_Sports2D
82.31560085093378,101.32517865186401,172.87540586432982,169.99772437999283,26.878684190321845,135.9944460540008,70.80571495874439,57.31962470586479,-0.28112254938752435,1.3844955661919638,-1.5320562018569022,-0.4897208727254474,0.6134275916230683,1.0730802919925906,-0.803620656738858,-0.9570159266199367,0.8290055755318897,2.0300962186125275,112.09170062927443,2.4757456240515676,2.2533358078166335,1.1204099189442778,1.2546927020596566,Correct,D:/ML Projects/AIL721/Course Project/New/New_gym_dataset/New_gym_dataset/OHP\Test\Correct\PXL_20250420_135456945_Sports2D
74.3814227209677,94.99598943820946,178.56380654013327,175.57082520426397,34.49248587143331,142.51453279269805,71.12609140759898,57.510522230907505,-0.1994109711061628,1.3219970398402883,-1.439725588208108,-0.5396632685313397,0.6853086357347223,1.0195398557392037,-0.7177985836515176,-0.9993951264871391,0.8381350619787472,2.0189349822263427,112.53098468229989,2.458619192057011,2.236997866150768,1.0189210448522832,1.1732087703792429,Correct,D:/ML Projects/AIL721/Course Project/New/New_gym_dataset/New_gym_dataset/OHP\Test\Correct\PXL_20250420_135456945_Sports2D
68.02088350025072,88.04050251882022,171.5131743352108,176.7794606564598,41.33331085522285,150.3740541531064,70.64580564452643,58.41455667192662,-0.12111807181337358,1.2650993345334371,-1.3468585069771482,-0.5849489789825824,0.7464223341704138,0.9603694860208275,-0.6193411887818495,-1.0322658693915399,0.8401268283939997,1.9926353554123672,113.16852075535228,2.4157619212717028,2.219260772585986,0.9316626283238107,1.0882275633365222,Correct,D:/ML Projects/AIL721/Course Project/New/New_gym_dataset/New_gym_dataset/OHP\Test\Correct\PXL_20250420_135456945_Sports2D
62.66225244111802,80.27232616600698,165.5346113704608,167.2687443478721,47.666948932575764,159.52969534909133,69.67079862630622,59.802021515098296,-0.04712333825909678,1.2121224574210125,-1.254393933534296,-0.6268765602881591,0.800413367295707,0.8981179555858873,-0.5127448452432638,-1.058491607280534,0.8367494016740995,1.956609562866421,113.94071911379879,2.356417932510885,2.1998681045352315,0.8561675073166581,1.0025224217111988,Correct,D:/ML Projects/AIL721/Course Project/New/New_gym_dataset/New_gym_dataset/OHP\Test\Correct\PXL_20250420_135456945_Sports2D
57.56612825351012,72.55588237386573,159.76469156189475,157.52897688706014,53.92987596629726,168.77645558474782,68.50399578019264,61.33233795861355,0.03046480642212998,1.1601363667870757,-1.165668980448741,-0.6680510252583199,0.8538075866042345,0.8358793478882339,-0.4094425103732237,-1.0815183447142735,0.8320067256986811,1.9173976926025076,114.83671871827055,2.2961303793798336,2.1847208463617944,0.7840295971336857,0.9233528104577822,Correct,D:/ML Projects/AIL721/Course Project/New/New_gym_dataset/New_gym_dataset/OHP\Test\Correct\PXL_20250420_135456945_Sports2D
52.93349433700502,66.23769557251885,153.58051415127323,149.15661746431624,60.47716013215565,176.78570825225475,66.58934553083934,63.0234038247737,0.1289293232070719,1.108597279825101,-1.0843791264433218,-0.7120941687020078,0.9094270325683365,0.7706734301167834,-0.31863020703101674,-1.1018688197334325,0.8284742656266876,1.872542249850216,116.13396392845584,2.2393166504999895,2.1879293280937535,0.7106071084162242,0.85774283254099,Correct,D:/ML Projects/AIL721/Course Project/New/New_gym_dataset/New_gym_dataset/OHP\Test\Correct\PXL_20250420_135456945_Sports2D
49.89571370729159,61.578972540707,146.6206861239519,142.33991280926608,67.48324540475953,176.4438443379775,62.62104088794889,65.13512820272949,0.2572339415346071,1.0630361359314004,-1.0061180409410018,-0.7619186147838254,0.9635597429107153,0.6972406330184306,-0.23656262099859662,-1.1185610329625695,0.828021862678915,1.8158016659810001,117.77028230371381,2.176563662871971,2.2195761022733875,0.6494366570931789,0.8048490815738178,Correct,D:/ML Projects/AIL721/Course Project/New/New_gym_dataset/New_gym_dataset/OHP\Test\Correct\PXL_20250420_135456945_Sports2D
49.089695647242394,57.53233693978831,139.42703216850185,136.23345676752254,74.20699654497302,169.86748548099743,56.70330780778459,67.66485145879086,0.3836263985874233,1.035898212865243,-0.9217855094367258,-0.8111633092112598,1.010921303135068,0.6238943178079547,-0.14968497248073662,-1.128378278680633,0.832592427344935,1.7522725964885875,118.74243540708454,2.101776909998691,2.2617993978129043,0.6287193098633509,0.7561360978167464,Correct,D:/ML Projects/AIL721/Course Project/New/New_gym_dataset/New_gym_dataset/OHP\Test\Correct\PXL_20250420_135456945_Sports2D
48.11975057238177,52.96071852584847,133.40011569039123,130.3504467430459,79.33341747297852,163.0839799064157,52.54683195463972,69.8767386194328,0.45014720111479384,1.0276858891301803,-0.8341825027453164,-0.8436280821065375,1.0507769641095848,0.5675859709392761,-0.0548673220825063,-1.1291757560595241,0.8411944545702685,1.6967617269988002,118.68644951913451,2.0252036060103116,2.2696516841055443,0.6331491069716197,0.7048714344244303,Correct,D:/ML Projects/AIL721/Course Project/New/New_gym_dataset/New_gym_dataset/OHP\Test\Correct\PXL_20250420_135456945_Sports2D
45.13425220014035,47.83702634915852,128.79984486242336,124.7716204483856,83.18055433620344,156.7520196470124,51.685193463656205,71.08500670214613,0.4642589174151321,1.0130844045754475,-0.7493483880235872,-0.8576661782032756,1.0854330022585832,0.5222499725960312,0.037225661348792766,-1.1272006497051124,0.848229331124773,1.6494506223011436,118.6695374280696,1.954335177226978,2.22992162077082,0.6218226481320633,0.6501845476122403,Correct,D:/ML Projects/AIL721/Course Project/New/New_gym_dataset/New_gym_dataset/OHP\Test\Correct\PXL_20250420_135456945_Sports2D
42.001288171028364,43.15088399091895,124.68109493730408,119.38593471496651,87.28468551131947,151.35171516359011,50.71402631765219,71.79916882732887,0.5021635523141637,0.9726971310032,-0.6639637693833448,-0.8700749872971928,1.1229005135350296,0.4648835261187004,0.11964762609181484,-1.127725901635213,0.8483644359044503,1.5926094277539136,118.88731789145412,1.8822648978116219,2.180748039181675,0.5977077362179016,0.598520557182761,Correct,D:/ML Projects/AIL721/Course Project/New/New_gym_dataset/New_gym_dataset/OHP\Test\Correct\PXL_20250420_135456945_Sports2D
40.04843576683993,40.06389158734889,121.10901168729917,114.61335138322325,91.44108363491769,147.16344670544015,48.510480598242374,72.90044488190875,0.5739763321816769,0.9241784156020666,-0.5913296347579449,-0.8857891691215665,1.1679759307575313,0.3988456356936303,0.18470972724034493,-1.1245234541630307,0.8429213472475752,1.523369089856661,118.76837783360017,1.8131370083117857,2.152654327646543,0.5879833903351035,0.565230468503236,Correct,D:/ML Projects/AIL721/Course Project/New/New_gym_dataset/New_gym_dataset/OHP\Test\Correct\PXL_20250420_135456945_Sports2D
38.31041891487643,39.161535227903386,118.73667016061661,111.79146789144038,94.22868859298649,144.75682664504342,47.4608924921371,74.40470858285997,0.6053655394673247,0.8969798004170612,-0.5574768989804163,-0.8976282569978575,1.2005465414623047,0.35084907495875783,0.21885738170402838,-1.114315911562046,0.8389997054729351,1.4651649865208036,118.27165393447574,1.7636388644258827,2.1384154452289286,0.5823020917710517,0.5568358723423995,Correct,D:/ML Projects/AIL721/Course Project/New/New_gym_dataset/New_gym_dataset/OHP\Test\Correct\PXL_20250420_135456945_Sports2D
36.83742770895858,39.52237642243663,117.02599700082384,110.79148962063476,95.98480157624667,143.80228819770522,47.17777071479475,75.72008822473143,0.5910315356803353,0.8889860051648868,-0.5461227973836755,-0.9078810736307159,1.2031611425258417,0.32170647818534015,0.22967667419461005,-1.1053402330083335,0.8385679045372622,1.4270467111936735,117.60893162008952,1.7274647104965184,2.126464501482613,0.5675799513585436,0.5600465277940632,Correct,D:/ML Projects/AIL721/Course Project/New/New_gym_dataset/New_gym_dataset/OHP\Test\Correct\PXL_20250420_135456945_Sports2D
37.18844785647556,38.988173654842896,115.32206715620076,109.37910155132276,97.90099798990373,142.60216669742724,44.91055415362074,76.38600695741565,0.6035922730155543,0.8819059080656877,-0.5108460526527058,-0.9175479889682326,1.1929168812338453,0.2907384031649945,0.2483008472636846,-1.1014012178848462,0.8365438171106042,1.392139621049841,116.88803749885963,1.6823650543595792,2.116602728257912,0.5688765279199511,0.5526267613003547,Correct,D:/ML Projects/AIL721/Course Project/New/New_gym_dataset/New_gym_dataset/OHP\Test\Correct\PXL_20250420_135456945_Sports2D
39.109288846098536,37.064622189098955,113.9500237683466,106.78923589274419,99.7447802914489,140.48403995253963,41.145930862452566,76.58058223655937,0.6525433603508817,0.8712311289396253,-0.45369928318246505,-0.9205303133169342,1.1867692210549952,0.2598266324503219,0.28390717266810406,-1.0965171443331365,0.8320044354778151,1.3563437767834585,116.71680162621469,1.629364391177305,2.1057497126508067,0.5898962113906242,0.5344487868940981,Correct,D:/ML Projects/AIL721/Course Project/New/New_gym_dataset/New_gym_dataset/OHP\Test\Correct\PXL_20250420_135456945_Sports2D
39.91573442080559,36.56750174641613,113.09385076950686,104.88593453044767,100.8337670033348,138.8135523032893,39.25049857585962,77.75394944312686,0.6819122241493578,0.8524377769631409,-0.4303511154580359,-0.9241001522355945,1.1803480558152664,0.2423936235525318,0.30644370538068344,-1.0840208081729128,0.829743343788276,1.3264144317254447,117.57936312850926,1.5884218767059415,2.096000179035375,0.594763724738244,0.5312239126639086,Correct,D:/ML Projects/AIL721/Course Project/New/New_gym_dataset/New_gym_dataset/OHP\Test\Correct\PXL_20250420_135456945_Sports2D
37.8186101922299,38.237693748932436,112.06077622214386,104.24540370754875,101.72489509069777,138.03107502039038,40.45649471707234,80.20661872854208,0.6666458587710247,0.8222322722836531,-0.4498749072436854,-0.934080987616379,1.171586341558472,0.23011310373882515,0.30561371222800826,-1.064486656339181,0.8311235632349901,1.2945997600780061,118.58484867654961,1.5575291758241794,2.0811667131305827,0.5624876681882915,0.5462490868872095,Correct,D:/ML Projects/AIL721/Course Project/New/New_gym_dataset/New_gym_dataset/OHP\Test\Correct\PXL_20250420_135456945_Sports2D
33.907825247694234,38.04740790257792,110.77256848608057,102.65025824163153,102.99761138686304,136.4204381145752,43.09456336544275,81.62696978800271,0.6262603914355936,0.7891115134105341,-0.4411641341285128,-0.9312106821642206,1.167878639706744,0.210215540294809,0.31918995966152136,-1.0431243196845703,0.8312738859961014,1.2533398599793792,118.72184462423893,1.5136489950612835,2.024574912015582,0.5107017281714311,0.5407967878718303,Correct,D:/ML Projects/AIL721/Course Project/New/New_gym_dataset/New_gym_dataset/OHP\Test\Correct\PXL_20250420_135456945_Sports2D
30.859980207174907,34.52799437960286,110.26421462338952,98.97076873420185,104.24267774186605,133.47766109945746,44.89734205095905,81.05033328014542,0.6380394037803749,0.7215760953018199,-0.3463145779259181,-0.9108828980338735,1.171015397708469,0.18668678454182167,0.36017656474659265,-1.0221439821029827,0.8240580471229607,1.2088307666448044,117.73230393447295,1.455586285805841,1.9062725739577795,0.4708428667999737,0.5028240153122333,Correct,D:/ML Projects/AIL721/Course Project/New/New_gym_dataset/New_gym_dataset/OHP\Test\Correct\PXL_20250420_135456945_Sports2D
33.15191730231189,31.96879626340422,111.19053867588697,95.28325987050528,105.16696609382777,131.64076464022003,41.68111660386035,80.3280316231842,0.8489502471601021,0.5280446898627592,-0.17981849987916176,-0.909864883909367,1.171887753796403,0.1653469798963292,0.3816709272850552,-1.0055593211911757,0.8053337038525155,1.170906301087505,115.3995874136451,1.4126090042287316,1.7680353721660307,0.5665857048032029,0.5204263880737796,Correct,D:/ML Projects/AIL721/Course Project/New/New_gym_dataset/New_gym_dataset/OHP\Test\Correct\PXL_20250420_135456945_Sports2D
136.60367252549847,33.818565685409894,113.01472437245448,93.1001307339233,106.0040885221995,132.11894362857728,62.60776104769796,81.69962205683261,1.2711242726404055,0.2006696337757311,0.007831778191030358,-0.945493129494849,1.163672394354821,0.14499033480874324,0.3577300409339274,-0.9965401229031082,0.7769392841347585,1.1415304577118515,111.5062772090593,1.397367118162381,1.705754087329172,0.9746016408551783,0.6437068707089676,Correct,D:/ML Projects/AIL721/Course Project/New/New_gym_dataset/New_gym_dataset/OHP\Test\Correct\PXL_20250420_135456945_Sports2D
130.56029554140653,118.71725396379914,15.71731503693302,25.312333074583776,63.385202496736255,157.64444561478047,112.82490695532975,141.07280834901866,0.8913321308512437,-0.2603263591068723,0.5744781225316852,-0.8427432773407354,0.2888523052435967,-0.006758921970222916,0.11733318655157784,-0.276747196521222,0.673426948495265,0.26998827455099905,56.146965058938925,0.3198632152528835,0.6630278495155398,1.2632706116800836,1.197114137079964,Correct,D:/ML Projects/AIL721/Course Project/New/New_gym_dataset/New_gym_dataset/OHP\Test\Correct\PXL_20250420_135502228_Sports2D
135.81766159498864,125.03730012692698,18.9592151551641,28.80985852035526,66.6556369460333,161.11343672948607,110.83797535104465,143.9238633974409,1.020690042540298,-0.24593815790595805,0.5723280621120596,-0.9780518324998584,0.39336053945026767,-0.007162126230756842,0.1284755891144843,-0.36884534943502395,0.6730587032913072,0.3616832232042671,55.80036425375962,0.4483065813277986,0.8584980477676788,1.3934324938270009,1.3300915460061338,Correct,D:/ML Projects/AIL721/Course Project/New/New_gym_dataset/New_gym_dataset/OHP\Test\Correct\PXL_20250420_135502228_Sports2D
143.430501810662,134.27379644509048,23.185899637979492,33.420094497483035,70.92457972361429,165.68141441184824,107.4940779129523,148.59238203324227,1.2580672132356596,-0.21936103034642232,0.5685949713281464,-1.2268021802286637,0.5831571332065746,-0.006639390601698096,0.1472276986084762,-0.5366981158076526,0.6725130390413644,0.5300587252059545,55.08795487581753,0.6862920108204519,1.2207823896325771,1.6323009034195128,1.575619093687503,Correct,D:/ML Projects/AIL721/Course Project/New/New_gym_dataset/New_gym_dataset/OHP\Test\Correct\PXL_20250420_135502228_Sports2D
156.0292752492275,149.49007452656758,28.94059894297858,39.76206045688271,76.73995732622161,171.96270207363958,100.7106820769941,157.52737245292803,1.8571465255769322,-0.15233942321908617,0.5610346179333334,-1.856155248437603,1.0534617829240462,-0.00032642262079471575,0.18815948189150508,-0.9547372366961598,0.671728885051462,0.9544108140753652,52.760711042648865,1.2882732917344095,2.14076959138544,2.2350924899729985,2.200293716962925,Correct,D:/ML Projects/AIL721/Course Project/New/New_gym_dataset/New_gym_dataset/OHP\Test\Correct\PXL_20250420_135502228_Sports2D
174.89665616273652,178.70255222616524,37.415258687031674,49.82915917213976,85.60998200765559,178.36556414848476,80.50663817039207,179.66301192231774,6.376960310606422,0.34628039521211723,0.5138871317129607,-6.602442204024545,4.592549706782426,0.047884992495401894,0.49915872140048906,-4.098300143586319,0.6666011223544988,4.146185136081721,77.52084556085256,5.826379745765899,9.091775011635637,6.7837926862829665,6.937179502380457,Correct,D:/ML Projects/AIL721/Course Project/New/New_gym_dataset/New_gym_dataset/OHP\Test\Correct\PXL_20250420_135502228_Sports2D
87.33296051277362,110.0063669156925,127.76170731500541,116.22999429355941,99.23628812026782,163.2279897288328,6.5692486330414,126.77837718685973,2.557756759484654,0.6332480537300293,-0.6168756396220304,-2.7619343713848785,2.484425392087042,-0.0035295961436049767,0.18362233579408926,-2.1635564104276797,0.6820239469718686,2.1600268142840746,118.86940414080317,3.155853377816086,4.648177553543648,2.211485599774292,2.4339211330998856,Correct,D:/ML Projects/AIL721/Course Project/New/New_gym_dataset/New_gym_dataset/OHP\Test\Correct\PXL_20250420_135502228_Sports2D
35.04521002738958,57.161324225631,114.49523845349201,101.60220907986708,112.18722922575027,148.28467675910917,32.767560746860156,88.87664746652182,1.0241421917659108,0.4672156081199262,-0.621865969064181,-1.137660624217924,1.3675820634413736,-0.06636196416858563,0.13648146608981768,-1.1525308414161466,0.6860410168946877,1.086168877247561,121.15032175186492,1.6417586639639168,2.298906389273429,0.6719380588146551,0.8355001744446519,Correct,D:/ML Projects/AIL721/Course Project/New/New_gym_dataset/New_gym_dataset/OHP\Test\Correct\PXL_20250420_135502228_Sports2D
21.262997483278966,39.00894241474718,108.93886397279621,96.5210283589731,117.11483787888567,142.57473021065505,41.622164637835446,76.43421220409213,0.7671831201363383,0.45520183150296156,-0.6620062225761544,-0.8547037287331593,1.2835068475324718,-0.12589464854469748,0.18492100839056233,-1.059061754913283,0.6939838468521722,0.9331671063685856,122.34301976111841,1.4414200270467497,1.9386682939741064,0.42132091979062725,0.5907468863951624,Correct,D:/ML Projects/AIL721/Course Project/New/New_gym_dataset/New_gym_dataset/OHP\Test\Correct\PXL_20250420_135502228_Sports2D
19.14239164687134,35.9199591743707,108.49976917199864,98.59668097903771,116.94130612352401,144.0377562745603,43.91630222960464,71.88220289981038,0.7307392195543452,0.4921167608018736,-0.72908357678644,-0.8189156229839927,1.356046476222761,-0.15730369132779676,0.20512861620358588,-1.124584451132563,0.7016424217392877,0.967280759804766,123.20620048619512,1.5034107851148348,1.9621132760499536,0.40024449987031807,0.598419881621279,Correct,D:/ML Projects/AIL721/Course Project/New/New_gym_dataset/New_gym_dataset/OHP\Test\Correct\PXL_20250420_135502228_Sports2D
20.249550776374804,38.07455537345865,109.48164857152801,103.25246465104134,115.61483034480892,148.34894356737834,44.135618878816274,69.72561180608032,0.7092715122217494,0.5529284185341982,-0.8093292012894165,-0.8212093776536088,1.3809534338347191,-0.13933190143463176,0.15381828273013756,-1.1769990821412881,0.7059151000185311,1.0376671807066564,123.83651592278267,1.6070512925828364,2.048024123390275,0.4075547751625234,0.6530310037812713,Correct,D:/ML Projects/AIL721/Course Project/New/New_gym_dataset/New_gym_dataset/OHP\Test\Correct\PXL_20250420_135502228_Sports2D
21.553997389350982,41.286849630421194,110.4817931802164,108.3722776963207,114.48780913698346,153.34188001352055,43.95819347366559,67.94496961690066,0.6522650810958208,0.6148909094263931,-0.8861600702695106,-0.7966403399465138,1.3353927720505243,-0.09354225756277464,0.061793135094230275,-1.180697802648306,0.7074818298375477,1.0871555450855312,124.36483331017405,1.6745038711407694,2.087863121545491,0.39691323957052205,0.6928417355719201,Correct,D:/ML Projects/AIL721/Course Project/New/New_gym_dataset/New_gym_dataset/OHP\Test\Correct\PXL_20250420_135502228_Sports2D
22.418564629757686,44.29130925553803,111.28033930124971,113.44177502440928,113.59167272576175,158.31378705142072,43.989762644480564,65.9775222041173,0.5799294270347374,0.6708821893779423,-0.957085707288547,-0.7544989097273097,1.2737846652275684,-0.04788290689332042,-0.029167561374517075,-1.16807095688082,0.7086845589545414,1.1201880499874997,124.92712176150012,1.7182857073671214,2.0962172599292566,0.3896180429471957,0.7247976135006405,Correct,D:/ML Projects/AIL721/Course Project/New/New_gym_dataset/New_gym_dataset/OHP\Test\Correct\PXL_20250420_135502228_Sports2D
23.161867556770858,47.28405404659695,112.08034245661491,118.62436984512594,112.6609287675032,163.36564106924405,44.17720367572595,63.9184129773529,0.5092035986072925,0.7246570112305986,-1.0266603795491744,-0.7113805941196707,1.22068198025625,-0.007554917512841045,-0.11171667683520153,-1.1592423466496133,0.7102926211233206,1.1516874291367722,125.57052277903351,1.7611559033347308,2.1026369547258374,0.40157916593410475,0.762976120389734,Correct,D:/ML Projects/AIL721/Course Project/New/New_gym_dataset/New_gym_dataset/OHP\Test\Correct\PXL_20250420_135502228_Sports2D
24.052628698651088,50.56629462283976,112.93802463277595,124.0734972283123,111.67030602300024,168.6818278840885,44.277065278348694,61.884466738751236,0.4416314487732417,0.7790773922790576,-1.0970359926838975,-0.6711816291061721,1.1723998513148082,0.029631256653282957,-0.19116351684177682,-1.155188136685414,0.711923947256351,1.184819393338697,126.28473007354502,1.8064058386226525,2.114414511043069,0.43268635285380297,0.8097788203420829,Correct,D:/ML Projects/AIL721/Course Project/New/New_gym_dataset/New_gym_dataset/OHP\Test\Correct\PXL_20250420_135502228_Sports2D
25.046643878105282,54.07149974213143,113.63978915618009,129.67636501073187,110.86744715699875,174.1836013239109,44.08590896489596,59.88789841822062,0.3748936031912421,0.8338494414165936,-1.1677827204870324,-0.6328104996254277,1.1220617033426759,0.06245224945953669,-0.2692795639889685,-1.1539081378224614,0.7131619203845948,1.2163603872819981,127.04033274631209,1.8480701052527309,2.1286008602588935,0.47789148050124586,0.8627017692690049,Correct,D:/ML Projects/AIL721/Course Project/New/New_gym_dataset/New_gym_dataset/OHP\Test\Correct\PXL_20250420_135502228_Sports2D
26.05817085404809,57.70245932614561,114.30657381437376,135.3970175459033,110.08020251857292,179.78379387884934,43.86162662737898,57.918665447295666,0.3089219057256627,0.8874221032363422,-1.2385167302079234,-0.5957987701955378,1.072161785478311,0.09323461820774247,-0.34673987169330156,-1.1548045847364092,0.7146341404730949,1.2480392029441516,127.84333922250788,1.8896782172660564,2.1434809286214858,0.5316749147289265,0.9202071628598006,Correct,D:/ML Projects/AIL721/Course Project/New/New_gym_dataset/New_gym_dataset/OHP\Test\Correct\PXL_20250420_135502228_Sports2D
27.768413140242792,62.0525028569255,116.71219486629296,141.9959955575946,107.34811840255982,173.94369117355268,44.88346845719738,55.99619403047816,0.24542281380690853,0.9395659547687405,-1.3097947446738227,-0.5585495500454187,1.0381335901213309,0.14362407833766766,-0.4316963672029201,-1.150919254798589,0.7186081592823695,1.2945433331362566,128.83666319235454,1.9586328254206653,2.1594100397959046,0.5892079617340242,0.9825021233644298,Correct,D:/ML Projects/AIL721/Course Project/New/New_gym_dataset/New_gym_dataset/OHP\Test\Correct\PXL_20250420_135502228_Sports2D
31.697095146002106,68.31943324952071,123.51858403928522,150.69421471426776,99.94453667559041,165.84266457085653,48.35836817840749,54.162097820377255,0.18274473022690524,0.9948574320627387,-1.3811527164462036,-0.5144719897850004,1.0284650376948243,0.24289219061000225,-0.5361226003237706,-1.1247771110983986,0.7258172904331136,1.367669301708401,130.22856361767842,2.0780889768910646,2.173442092020374,0.6521843288717118,1.0482241416393265,Correct,D:/ML Projects/AIL721/Course Project/New/New_gym_dataset/New_gym_dataset/OHP\Test\Correct\PXL_20250420_135502228_Sports2D
38.62669766987023,76.92538358733422,134.58334298600082,161.41522639133223,88.42860784748981,155.57282277517717,52.944694482639974,52.49820636251142,0.11035820846389471,1.0678662627624258,-1.4547893763529471,-0.4544811982203628,1.0159026518134346,0.3841181471976698,-0.6588543926296627,-1.0652631801991113,0.7312114335431851,1.449381327396781,131.95662918254368,2.2148402628899073,2.1833984414711707,0.7391889597061911,1.1172544785614023,Correct,D:/ML Projects/AIL721/Course Project/New/New_gym_dataset/New_gym_dataset/OHP\Test\Correct\PXL_20250420_135502228_Sports2D
49.56861405261869,87.01201690242695,148.61058031100129,172.46324096171867,74.73454754716917,144.191631180111,55.69683840021214,51.203648082537924,0.01020010542031126,1.1826792973399156,-1.5521730381834224,-0.3735222209646925,0.9628664119703636,0.5327373712249043,-0.791511498681107,-0.9850300638108078,0.7272323610622652,1.517767435035712,133.91923599344216,2.319797370512499,2.205169609220066,0.8841665230806257,1.2090179434454735,Correct,D:/ML Projects/AIL721/Course Project/New/New_gym_dataset/New_gym_dataset/OHP\Test\Correct\PXL_20250420_135502228_Sports2D
66.80107697790939,97.62088258991895,167.75227823011176,177.91378152322002,57.18713452060981,132.9743687724984,56.011788501480815,50.595251362417336,-0.13714819901967873,1.353133670194327,-1.708964889847141,-0.26740857800862206,0.8601026505795452,0.6807779700249522,-0.9391413549957259,-0.8998556166514323,0.7078541136394888,1.5806335866763845,136.1409634522071,2.394928292648445,2.257601578617109,1.1130296226832475,1.3585433132985485,Correct,D:/ML Projects/AIL721/Course Project/New/New_gym_dataset/New_gym_dataset/OHP\Test\Correct\PXL_20250420_135502228_Sports2D
89.07911205282808,107.58577485726573,167.52184347589701,170.87166715757022,35.35611602170868,123.03739461175859,55.564771925463255,50.62316946902433,-0.3124447709948188,1.5325663067144941,-1.8977252435079688,-0.14152793559961527,0.7183855412630933,0.8258107193990928,-1.090656546516498,-0.8039152504269936,0.6712773430043478,1.6297259698260864,137.68946028221845,2.4348798763149526,2.305581425298349,1.3781110996911339,1.5394092757234,Correct,D:/ML Projects/AIL721/Course Project/New/New_gym_dataset/New_gym_dataset/OHP\Test\Correct\PXL_20250420_135502228_Sports2D
105.36155619762803,113.63603959899483,148.50944109056758,167.6773000325981,19.325568884599154,116.86117223856652,55.31287491777281,50.49721183756135,-0.3563822657827764,1.555880537687527,-1.9332009015791283,-0.06693570456844856,0.5921827727222146,0.899378266596565,-1.157932482590063,-0.7060810366131177,0.6318111438466424,1.6054593032096827,136.77935140812795,2.37495325872727,2.2627172970401044,1.4460255076945574,1.56556320161504,Correct,D:/ML Projects/AIL721/Course Project/New/New_gym_dataset/New_gym_dataset/OHP\Test\Correct\PXL_20250420_135502228_Sports2D
104.50490922517469,109.63804310466129,148.67196433883478,171.70631988788705,20.79741871946362,119.58086550725822,54.69767205536169,49.21890861191951,-0.02147021779018865,1.2283798560096444,-1.5860963541858923,-0.17399738848704754,0.5822695753010186,0.8008714259966306,-1.0202723559043168,-0.6620777941345805,0.6139345788236057,1.462949220131211,133.0512564124259,2.1698758171733803,2.101122767135391,1.011029592129061,1.1988150832698174,Correct,D:/ML Projects/AIL721/Course Project/New/New_gym_dataset/New_gym_dataset/OHP\Test\Correct\PXL_20250420_135502228_Sports2D
153.50530769746834,74.0074167888454,171.37751680922383,160.92974194830543,59.99104309551725,147.70169814695348,33.49635079298559,41.70911493579888,0.748606216600793,0.533303445629767,-0.8182167846741266,-0.5202076055439608,0.7332087557390768,0.5100372003724204,-0.6449780405838431,-0.7145842429412577,0.6243083489738693,1.224621443313678,125.6490040105479,1.8436638861198398,1.8880730526834282,0.42081269402143345,0.4755541478638294,Correct,D:/ML Projects/AIL721/Course Project/New/New_gym_dataset/New_gym_dataset/OHP\Test\Correct\PXL_20250420_135502228_Sports2D
166.63809619655638,143.59019840013212,122.58044420651075,106.5302477577061,106.978042843876,156.08873480809282,120.33994664731961,119.67893320822495,1.6200836440434716,-0.2350738383949996,0.10980712614360533,-0.9961573547120315,0.9737419392223341,0.14322251078314016,-0.1477439031737216,-0.8493783218867662,0.6486714940760198,0.9926008326699064,104.82348665896342,1.4976604781163794,1.6912076393303226,1.3599344687289785,0.8317324976869229,Correct,D:/ML Projects/AIL721/Course Project/New/New_gym_dataset/New_gym_dataset/OHP\Test\Correct\PXL_20250420_135502228_Sports2D
179.11706372783098,169.6535875788374,108.64539754248645,88.43062421822825,119.38586795718477,136.46188971789934,120.26880422935479,126.11547729673674,2.0909474704763653,-0.652406421563082,0.805962658882809,-1.4038785069469808,1.1819904501661382,-0.12191850446435513,0.2795899673572282,-1.019823097423832,0.6687249830929353,0.8979045929594769,14.251849298568562,1.273011896814589,1.4885886809785143,1.9822552550995767,1.5908749839436451,Correct,D:/ML Projects/AIL721/Course Project/New/New_gym_dataset/New_gym_dataset/OHP\Test\Correct\PXL_20250420_135502228_Sports2D
177.584249626791,176.21636714708234,106.42426381587315,85.10161775837815,121.1201291983128,132.64601077256415,118.7043788251038,128.86237791964638,2.0609990171266994,-0.6409269681949936,1.1310390329049533,-1.6504598458082342,1.2929536464129523,-0.2203581151915929,0.5361622066494833,-1.171099352689887,0.6750187592639599,0.9507412374982941,66.27558259587552,1.2151716685222103,1.3725823120074732,1.9546190967579262,1.9934033403886544,Correct,D:/ML Projects/AIL721/Course Project/New/New_gym_dataset/New_gym_dataset/OHP\Test\Correct\PXL_20250420_135502228_Sports2D
177.5054449703529,178.20413016031546,111.64060900660206,85.90128418279917,117.40958170719058,134.95147489659192,114.9150266775436,133.15560505690723,1.6308121837753664,-0.2982318515163399,0.9284450653881119,-1.6029269871720824,1.1883939518067326,-0.0927270968271659,0.4564935888312678,-1.1604227125261557,0.6553976568895009,1.0676956156989896,134.8025686051581,1.2944698023153967,1.481738494470388,1.4007943222848955,1.8253959217478153,Correct,D:/ML Projects/AIL721/Course Project/New/New_gym_dataset/New_gym_dataset/OHP\Test\Correct\PXL_20250420_135502228_Sports2D
137.8400440088774,175.84728465279198,149.8709553901716,101.9483054454584,82.93774499553034,154.7570058311603,40.77778900440773,158.90972117836816,0.773698741587268,0.3925335745086443,-0.058453724840430724,-1.0635753414671087,0.7314126676732879,0.34350627567127173,-0.1442940325910313,-0.8410025544566893,0.6044781545241561,1.184508830127961,169.66976013426776,1.4730659841089717,1.6771198235563807,0.3860947537006461,0.8337480306686134,Correct,D:/ML Projects/AIL721/Course Project/New/New_gym_dataset/New_gym_dataset/OHP\Test\Correct\PXL_20250420_135502228_Sports2D
158.00382275371126,154.95625783256594,98.93330412775086,158.21715436456995,24.925287275190264,102.07574576751102,46.92146452147898,77.03200360007696,-0.2122273940566158,1.198117420913587,-1.3570686874181208,-0.2872991667662043,0.14165665533674024,0.8672071659324141,-0.9231068750016813,-0.3872318612406279,0.557145099916295,1.2544390271730421,147.6461684316114,1.645399236791359,1.8753996976484557,1.1132104096933038,0.9419015339665087,Correct,D:/ML Projects/AIL721/Course Project/New/New_gym_dataset/New_gym_dataset/OHP\Test\Correct\PXL_20250420_135502228_Sports2D
169.0457005399478,168.72223049199386,86.48079012243718,135.9255667086338,36.35514681279751,78.76150364386848,47.30944627284972,67.48373413586235,-0.9009794338857722,1.7826339035772194,-2.2433278829267924,0.27219140820144316,-0.2513700332047691,1.183389868510969,-1.4046161634155163,-0.07549335028309699,0.5422353220654446,1.258883218794066,139.15490118162657,1.7072678745315195,2.0207265748932572,2.0074778838928133,1.9024447519137002,Correct,D:/ML Projects/AIL721/Course Project/New/New_gym_dataset/New_gym_dataset/OHP\Test\Correct\PXL_20250420_135502228_Sports2D
174.38199585882413,172.52941953142178,83.38041811324028,131.16720511277032,39.43383079203205,73.98145401804256,45.05183493320796,66.51087354946421,-1.178539435138739,2.0428419292872486,-2.5559801362188264,0.49316575445751637,-0.3880847363704931,1.2538161714811835,-1.5324899375202647,0.04837049138297483,0.5419172342998235,1.2054456800982087,137.7377957600943,1.6621559951117952,2.073364206266452,2.3865433558314018,2.268341861364935,Correct,D:/ML Projects/AIL721/Course Project/New/New_gym_dataset/New_gym_dataset/OHP\Test\Correct\PXL_20250420_135502228_Sports2D
177.31116443588388,174.59923550227757,81.66882536204449,130.3646956317215,40.39931611990721,72.4328371136732,43.088151684023124,67.03207261595072,-1.1622718161291665,2.045621424023575,-2.5046323955566336,0.502296853597212,-0.3750917919389778,1.2040737565566746,-1.488416789379349,0.0716101060428513,0.53092746708038,1.1324636505138233,141.19647584336244,1.5880700455775552,2.0454296993254406,2.3841760400323455,2.2180396800548015,Correct,D:/ML Projects/AIL721/Course Project/New/New_gym_dataset/New_gym_dataset/OHP\Test\Correct\PXL_20250420_135502228_Sports2D
177.05073270469762,175.1879920629104,81.07322508799456,131.09693390123314,39.83353301554871,72.0036920047764,42.7828003108513,67.19168406768675,-1.0598437620406573,1.9545103724212556,-2.3657657681791213,0.4618792824807501,-0.32285890608774415,1.1581597298531727,-1.429912484663039,0.06832294453529301,0.5136424582349074,1.0898367853178796,145.6096908578851,1.5534837766994467,1.9832750330636675,2.258054609004224,2.065813081050712,Correct,D:/ML Projects/AIL721/Course Project/New/New_gym_dataset/New_gym_dataset/OHP\Test\Correct\PXL_20250420_135502228_Sports2D
175.14553675369615,175.18173027962897,81.8362803991652,131.59750892726566,38.56123505382696,71.99502438025789,43.41569830013083,67.17675465988691,-1.0216548562812848,1.9312059319570822,-2.324632954988834,0.4490988979620634,-0.290797616911245,1.158770116448722,-1.419593388084917,0.06822315775431251,0.5059963620117367,1.0905469586944097,148.928213446011,1.5695453361203655,1.9734216949068568,2.2197669962496422,2.01934937444491,Correct,D:/ML Projects/AIL721/Course Project/New/New_gym_dataset/New_gym_dataset/OHP\Test\Correct\PXL_20250420_135502228_Sports2D
174.50482477427917,175.51693312579442,83.12526817450147,131.2677848917711,37.711733655928846,72.10478672220133,43.20690888164974,67.62171984799586,-1.0588364257887017,2.006071113513555,-2.399604216746578,0.4637486388100892,-0.29416380721086305,1.1919742239864977,-1.4557237746923415,0.0751277240077437,0.5125974775950264,1.116846499978754,150.6651646135658,1.611386875511392,2.0436283628011935,2.297019067992048,2.097739192040408,Correct,D:/ML Projects/AIL721/Course Project/New/New_gym_dataset/New_gym_dataset/OHP\Test\Correct\PXL_20250420_135502228_Sports2D
174.9061639508007,175.45046455168387,84.35795961902085,130.40141817825844,37.487395667080925,72.2467734643602,42.58123171628034,67.69723801604405,-1.086110264283046,2.066052978668447,-2.4576381269439764,0.4743039603329888,-0.30863227213836547,1.2199959476959308,-1.4883665419355399,0.0767221274548249,0.5276284045936845,1.143273820241106,149.44584345184697,1.6428170851870776,2.1011315083609485,2.3517495637441734,2.1627535212020796,Correct,D:/ML Projects/AIL721/Course Project/New/New_gym_dataset/New_gym_dataset/OHP\Test\Correct\PXL_20250420_135502228_Sports2D
174.26256876998505,174.3408160524798,85.1081376646765,130.11280834097767,37.205928591918116,72.42687459757225,42.943359821932944,66.76769065005212,-1.0504389999891612,2.0250847249177815,-2.4005275333165406,0.4634278854617131,-0.2988490990538008,1.2175041271918279,-1.474115549419906,0.065748679003556,0.5345598471702488,1.151755448188272,145.5790951123965,1.6455369463453295,2.064342784530222,2.293386016599173,2.1086176640866334,Correct,D:/ML Projects/AIL721/Course Project/New/New_gym_dataset/New_gym_dataset/OHP\Test\Correct\PXL_20250420_135502228_Sports2D
172.15672250529306,172.85619389064982,85.43525043023529,131.0299553288137,36.35593739480014,72.82114315384912,44.19921488950707,65.67733704449893,-1.0278161303605855,1.9873680091178498,-2.350512530647758,0.46044278240250835,-0.2714478635224108,1.209556127577156,-1.4503548285640937,0.05357728014896305,0.5268250745213432,1.155978847428193,142.57269224174067,1.6510931917748326,2.0201550473447187,2.2544753295527076,2.057089111783492,Correct,D:/ML Projects/AIL721/Course Project/New/New_gym_dataset/New_gym_dataset/OHP\Test\Correct\PXL_20250420_135502228_Sports2D
169.9777328414163,171.65993109270028,86.12568995752015,132.28609244499356,35.208360556085495,73.62014295859919,45.2306277146692,65.28007405129944,-1.1104172083021828,2.0775236106584014,-2.459242989881146,0.5002424033741285,-0.26052359951792003,1.2344446139633032,-1.4802932348399591,0.04956328148282394,0.5200268194988291,1.1848813324804792,144.25834639182105,1.7005239590533197,2.0753667135964755,2.3805935220126053,2.169722511723674,Correct,D:/ML Projects/AIL721/Course Project/New/New_gym_dataset/New_gym_dataset/OHP\Test\Correct\PXL_20250420_135502228_Sports2D
168.16966419414672,170.47476336885353,87.61868577554958,133.08245105937456,34.1054796090424,74.80661644396652,45.93581541489569,65.28137981282008,-1.2138074494176518,2.1981411929731123,-2.607578516500223,0.5308275176736782,-0.2602164070302754,1.2752023518371645,-1.5422748178737127,0.04042305203431002,0.5258304471197753,1.2347792998028544,152.42090840651204,1.7799869909738182,2.1731389001343184,2.5360905784127943,2.3221520574061008,Correct,D:/ML Projects/AIL721/Course Project/New/New_gym_dataset/New_gym_dataset/OHP\Test\Correct\PXL_20250420_135502228_Sports2D
165.71100537985055,169.75520906290376,90.55953983660036,134.23589679244122,32.06138824307059,76.8568248721122,46.35038286322006,66.61203393501599,-0.9534000733819095,1.964468846714488,-2.3118609913554202,0.3362009750049611,-0.17601081988108624,1.2228863033271555,-1.4864291717605034,-0.02078945649320372,0.5390784665042815,1.2436757598203592,154.25503156220674,1.8066337903701224,2.120535858622274,2.182226660283646,1.985394998593741,Correct,D:/ML Projects/AIL721/Course Project/New/New_gym_dataset/New_gym_dataset/OHP\Test\Correct\PXL_20250420_135502228_Sports2D
164.45702235928837,147.31911398936336,98.9183918037068,138.71421641529588,25.129247233067794,82.76185545207053,40.672224873779406,115.44274146270719,-0.04858277697644279,1.1360056505836205,-1.282280980844862,-0.23045676201857096,0.0864559644074965,0.9788545981539292,-1.1814836212596416,-0.18250247777117645,0.5598820200586645,1.1613570759251057,145.64179759761063,1.7194246278052043,1.8409863615146,0.9731877163026088,0.869404210899617,Correct,D:/ML Projects/AIL721/Course Project/New/New_gym_dataset/New_gym_dataset/OHP\Test\Correct\PXL_20250420_135502228_Sports2D
52.47826871427891,50.94294495225003,126.54290008416105,158.6165928062104,0.7673908969591811,104.39210199341228,128.28912218268027,126.55084295883779,0.9472435945110027,0.24281595145059745,-0.21459817059310413,-0.8152446170077454,0.41066779384197355,0.6664126005305391,-0.7877427944975066,-0.3903523146939591,0.5846109361256111,1.0567649152244982,140.7355416258009,1.5977922343952045,1.5714224300507542,0.543843147890831,0.5567484065550226,Correct,D:/ML Projects/AIL721/Course Project/New/New_gym_dataset/New_gym_dataset/OHP\Test\Correct\PXL_20250420_135502228_Sports2D
70.40490482150416,66.51904037682647,144.10240215590633,175.78297843079505,18.362744512591863,121.52263607410946,127.9578396910877,124.996404302717,1.0597956821279046,0.15584759541818863,-0.18340651227448196,-0.8362617050040432,0.5044351425991739,0.5890850804990208,-0.7016096691769964,-0.4734604114542115,0.5841031603802248,1.0625454919532322,138.94981350617127,1.6073415973222227,1.590544736922291,0.6679894699976674,0.5879125698220083,Correct,D:/ML Projects/AIL721/Course Project/New/New_gym_dataset/New_gym_dataset/OHP\Test\Correct\PXL_20250420_135502228_Sports2D
48.327633386728046,44.76779345463316,116.30016135907388,157.225172432981,7.523645369551961,101.04897916160694,124.14872124372008,123.71881429302627,0.4884336445315072,0.6644470240789955,-0.8347610985480924,-0.45822441122395924,0.35217328095860595,0.7568713055518919,-0.9483769784150904,-0.3823981246287533,0.5566408463350946,1.1392694301806452,138.25362182137673,1.7289782565726848,1.7352911801074435,0.3929772000752378,0.4563428317683553,Correct,D:/ML Projects/AIL721/Course Project/New/New_gym_dataset/New_gym_dataset/OHP\Test\Correct\PXL_20250420_135502228_Sports2D
33.83240890112449,27.662719186410833,109.9403013636928,147.4086032833339,13.443296593970498,90.79220124099723,132.72429450490503,116.87051794541358,0.3674930852116141,0.7499078541370956,-0.870040691664881,-0.39797309923158186,0.2860293020536154,0.8251444499403224,-1.0940419937235069,-0.28447564306764855,0.5502417259325956,1.109620093007971,136.5588457483483,1.7708341345916516,1.6879338055791129,0.477413499291076,0.468917155878642,Correct,D:/ML Projects/AIL721/Course Project/New/New_gym_dataset/New_gym_dataset/OHP\Test\Correct\PXL_20250420_135502228_Sports2D
49.28692900097344,31.679085960087015,127.70685371769054,145.38988319704328,2.268411594878215,90.82832531985562,132.98148259390481,120.8507606402314,0.7930959607853676,0.35803936346286536,-0.3264394081996831,-0.6975789069912962,0.4237040859807994,0.7022797288438336,-0.9947117525779027,-0.2984057738872544,0.5798279450755923,1.000685502731088,134.87226222473575,1.7358787303410212,1.5387297928243053,0.39169629986220006,0.41562046914130996,Correct,D:/ML Projects/AIL721/Course Project/New/New_gym_dataset/New_gym_dataset/OHP\Test\Correct\PXL_20250420_135502228_Sports2D
65.05581984438798,42.091966847946736,149.3439353419454,152.80838389404707,22.24005509757095,99.91226413842165,137.18423525318298,122.17970270952509,0.8675206679584229,0.3093317278177244,-0.32435214029750065,-0.7741130167121358,0.5444871039608451,0.6579837669999539,-0.9282007047505325,-0.3941479621714893,0.6032620011703703,1.0521317291714432,134.43223560622408,1.8099145166157462,1.6107182576444696,0.46881238046298174,0.4783069122557707,Correct,D:/ML Projects/AIL721/Course Project/New/New_gym_dataset/New_gym_dataset/OHP\Test\Correct\PXL_20250420_135502228_Sports2D
10.753146107686927,39.59838130239127,141.4982167817775,161.6140298180652,14.782635742093087,108.32961085774969,154.46421815021998,111.26877044464159,0.4796479119656705,0.6809420964090188,-0.8792660450868071,-0.5486079807115883,0.528725539899115,0.7836703299774085,-1.0058040696650719,-0.4993523044315375,0.5978431600993497,1.283022634408946,133.96673001633084,2.000232037298395,1.8326048496114251,0.3900713211445336,0.5396913830656632,Correct,D:/ML Projects/AIL721/Course Project/New/New_gym_dataset/New_gym_dataset/OHP\Test\Correct\PXL_20250420_135502228_Sports2D
19.34420883738787,8.771357756985761,142.98140550458672,171.62274537519565,16.569093079848166,118.03505779993401,144.086698082764,70.73629995705176,0.47269448240489315,0.688978115267727,-0.8670647152788928,-0.5614471768729462,0.5514013414157806,0.7976542492296763,-0.9611076000764497,-0.5943136535234484,0.5935918384207968,1.3919679027531249,130.8782843943572,2.055543222700238,1.8326260172232058,0.3984351407074862,0.5347609419153275,Correct,D:/ML Projects/AIL721/Course Project/New/New_gym_dataset/New_gym_dataset/OHP\Test\Correct\PXL_20250420_135502228_Sports2D
78.38841792915875,70.03852451035861,174.34685427355092,167.37468642309622,46.702471022479465,140.26969682797525,148.3140530933207,109.76882768238336,0.8756551039738338,0.32277770345153783,-0.3003201438727424,-0.8373257961813463,0.7060210051839498,0.5975894588068085,-0.7143427361476226,-0.6885228906081678,0.6107587151665582,1.2861123494149764,119.02598930711497,1.916120594588747,1.6518952489211542,0.48006209852741555,0.5404665808842535,Correct,D:/ML Projects/AIL721/Course Project/New/New_gym_dataset/New_gym_dataset/OHP\Test\Correct\PXL_20250420_135502228_Sports2D
74.39980229281583,80.69113001045316,159.08226793755983,153.1361572878017,71.82811835379361,155.9534564208449,177.4283160609779,104.73767358960826,0.8426637402190916,0.3700358891627911,-0.3228705618078369,-0.8231850843761969,0.8384834659395621,0.46310767276772546,-0.5840581075651979,-0.7544802247294707,0.6305351192720157,1.2175878974971963,117.10128195359299,1.87247024448482,1.6680067448588838,0.4578707453672143,0.5120864475090114,Correct,D:/ML Projects/AIL721/Course Project/New/New_gym_dataset/New_gym_dataset/OHP\Test\Correct\PXL_20250420_135502228_Sports2D
54.696127916421574,72.35507907375613,168.76082435823412,167.3278893655446,61.703797849169376,142.2074884270519,63.60007423440907,34.562567500808015,0.41067996605791224,0.7691201914761341,-0.8956577530864854,-0.5334505400508646,0.8333370984919644,0.5593120514155616,-0.7342123165794784,-0.7678064436715708,0.636554545508314,1.3271184950871324,129.26141286309414,2.053887696222254,1.8447787799869577,0.4515390876474582,0.5535722951539261,Correct,D:/ML Projects/AIL721/Course Project/New/New_gym_dataset/New_gym_dataset/OHP\Test\Correct\PXL_20250420_135502228_Sports2D
37.19522081167027,22.629454782996078,178.3314644065885,178.73693487327787,48.649913593335626,130.94461593997525,94.15486559499412,26.42592927702869,0.4858607928051539,0.6514499407230735,-0.8001692351919919,-0.5697081675960568,0.7871278626028813,0.6733350240076144,-0.8962022507590331,-0.7629457963633064,0.6385200384769314,1.4362808203709208,134.13031502138895,2.212804298964642,1.773443080119544,0.3472216906998489,0.48502960483351343,Correct,D:/ML Projects/AIL721/Course Project/New/New_gym_dataset/New_gym_dataset/OHP\Test\Correct\PXL_20250420_135502228_Sports2D
75.87845835431767,53.105479278177214,178.59770840738827,179.50193727896573,48.53349813343069,130.5622729949927,152.65503977911303,102.54320628318453,1.1322216234660705,-0.026035737064024546,0.07186930757475717,-0.987980746819933,0.7736556186927525,0.6673376414875979,-0.9065916295726316,-0.7702869361883328,0.6436456970785766,1.4376245776759307,135.03103160378026,2.2113333628472422,1.4316721816150393,0.8263446754321774,0.8064520285531409,Correct,D:/ML Projects/AIL721/Course Project/New/New_gym_dataset/New_gym_dataset/OHP\Test\Correct\PXL_20250420_135502228_Sports2D
92.61881180434256,64.11723151784399,174.3814253644964,175.1676205194088,55.137796916300886,135.3131571997938,142.51898511195836,108.8040743180502,1.7085662112650228,-0.6234944162167726,0.8658810990232413,-1.3648934073925738,0.7722210708120539,0.5976118960867669,-0.836072186933496,-0.785366192569416,0.6491929015992884,1.3829780886561829,134.80254414459617,2.1211401643014782,1.1224039658297897,1.6319117002987558,1.6233344566166594,Correct,D:/ML Projects/AIL721/Course Project/New/New_gym_dataset/New_gym_dataset/OHP\Test\Correct\PXL_20250420_135502228_Sports2D
101.41418732359466,69.5765957757108,167.86776780896778,170.73394843636513,61.325879929956955,140.07240382471005,139.9116926063623,109.50419195100075,1.8721162738498371,-0.7925202218523194,1.1071077227735415,-1.4604436983599085,0.7561340163326631,0.5333003647098599,-0.7706463474079472,-0.7953414928900513,0.6535045264040711,1.328641857599911,134.60768373591958,2.023943542905892,1.0155588873570243,1.8664876279477194,1.8687352950423488,Correct,D:/ML Projects/AIL721/Course Project/New/New_gym_dataset/New_gym_dataset/OHP\Test\Correct\PXL_20250420_135502228_Sports2D
108.54096388348249,71.74272494017166,162.6624100240068,167.35230069451072,66.26304279595642,143.72224648552606,137.72207891247393,108.02047845464558,1.7277223936603954,-0.6127231879282784,0.9075230601227812,-1.3327861848069174,0.7305383064690845,0.48401654197412686,-0.7243796781252071,-0.8019039216558829,0.6570404213205749,1.2859204636300097,134.50260234734117,1.9417460649318528,1.0914291851555893,1.6463855899839035,1.630448967125825,Correct,D:/ML Projects/AIL721/Course Project/New/New_gym_dataset/New_gym_dataset/OHP\Test\Correct\PXL_20250420_135502228_Sports2D
122.2765706052735,72.98809817093209,153.1063833058247,160.98526674806888,75.69212947198918,150.21622047411722,133.41555886671566,102.77187769681487,1.371318480124032,-0.17551391308973724,0.3717540918943407,-1.0691226263209581,0.7397333279794314,0.4220714413879226,-0.6650770640599465,-0.8340954803461166,0.658708990273277,1.2561669217340392,134.11635175121012,1.8845284749349376,1.3407704869140562,1.11586516987282,1.051993618941913,Correct,D:/ML Projects/AIL721/Course Project/New/New_gym_dataset/New_gym_dataset/OHP\Test\Correct\PXL_20250420_135502228_Sports2D
137.35175064732132,37.544181421402804,137.58965389575545,147.6444470460934,91.31338711608386,163.45251194206728,48.665137763405184,54.09166947933552,0.8877834236878255,0.3597364465459369,-0.360810905594432,-0.7856751690753029,0.8403786058728413,0.31803916340954047,-0.5541860644767755,-0.9256982922067496,0.6573352489868705,1.2437374556162901,133.21487844441697,1.8686073633297657,1.6943894382094895,0.5119279333299634,0.45728713023009276,Correct,D:/ML Projects/AIL721/Course Project/New/New_gym_dataset/New_gym_dataset/OHP\Test\Correct\PXL_20250420_135502228_Sports2D
32.811985303542215,53.497128116717825,126.59301418963072,132.7541083019615,102.45707688375192,178.19580062465596,44.73093781270586,51.692928741373834,0.509419682169246,0.6977449949157015,-0.9210058145395214,-0.6406759598918977,1.0156245231134071,0.1867633898849504,-0.40045309989058514,-1.0518880472672907,0.6553989703675746,1.238651437152241,132.09862596953397,1.8813647219855987,1.9589506767406397,0.39280935299447556,0.6270559236087625,Correct,D:/ML Projects/AIL721/Course Project/New/New_gym_dataset/New_gym_dataset/OHP\Test\Correct\PXL_20250420_135502228_Sports2D
23.961016769483773,51.43129527179964,121.70695046258123,122.96583223148771,107.22715068581707,171.89993337988602,48.81183254469919,59.53136189191358,0.3972980017861189,0.7591480965074077,-1.085367052089015,-0.6543797346427024,1.1707266309038102,0.0823446015742669,-0.26162034254573724,-1.1389964834781703,0.6569266255486061,1.2213410850524373,132.00253990209225,1.8823633810683693,2.048501059657643,0.4311639080617863,0.7797676680149015,Correct,D:/ML Projects/AIL721/Course Project/New/New_gym_dataset/New_gym_dataset/OHP\Test\Correct\PXL_20250420_135502228_Sports2D
22.475467595570528,47.91019856285893,119.42012092728675,117.49768335409397,109.0073120235745,165.92511630495525,48.517220380854994,61.98508225790366,0.4751174236673165,0.7193972214188169,-1.0121152419789228,-0.7170002713560526,1.2577932031902044,0.027363436482214197,-0.16439913077151103,-1.1680220760662392,0.6635680943419612,1.1953855125484534,132.735131268111,1.8578421780092624,2.0676311951155966,0.40057083159687634,0.7453245292499002,Correct,D:/ML Projects/AIL721/Course Project/New/New_gym_dataset/New_gym_dataset/OHP\Test\Correct\PXL_20250420_135502228_Sports2D
24.146629271289367,44.48821881745491,117.3996902601804,113.69700959217269,110.17123727865932,161.26793713101242,45.68213345005131,63.220281686442505,0.652366173039171,0.6289496711279365,-0.9126958171631687,-0.7617839758573054,1.3019822277132838,-0.005379681800849063,-0.08315404777668481,-1.1804471719276002,0.6746770005121034,1.175067490126751,131.85523847802185,1.8164212363961738,2.093695085257875,0.406572771024584,0.6897083556231967,Correct,D:/ML Projects/AIL721/Course Project/New/New_gym_dataset/New_gym_dataset/OHP\Test\Correct\PXL_20250420_135502228_Sports2D
27.043224616768605,41.02912778164057,114.80338794276652,110.10679071712836,112.09708272788237,157.0072613877772,40.85969265534906,64.02186639386336,0.9183473006855827,0.41951081925144623,-0.8378240240795088,-0.7850675551467114,1.3216415261959353,-0.04672713434646789,-0.004661877280052083,-1.1910343511382264,0.6832677755553463,1.1443072167917585,129.75775004055134,1.7517190769280582,2.129588406710293,0.5587174218379249,0.648164022413206,Correct,D:/ML Projects/AIL721/Course Project/New/New_gym_dataset/New_gym_dataset/OHP\Test\Correct\PXL_20250420_135502228_Sports2D
33.71803567454457,38.368431130599724,112.62780794584333,106.42986281265668,114.55221838255213,153.60988914105212,31.729745942903286,64.75854198954758,1.1232595980154758,0.22814579386593192,-0.7780413105136799,-0.7909011784171569,1.3248165867455755,-0.09782413104454918,0.050995583103063645,-1.1817492819952866,0.6796970458489486,1.0839251509507375,128.4031548456707,1.6725769585237014,2.1571745122945254,0.7647153690141578,0.6104194743407942,Correct,D:/ML Projects/AIL721/Course Project/New/New_gym_dataset/New_gym_dataset/OHP\Test\Correct\PXL_20250420_135502228_Sports2D
30.787032026444212,37.093978299640185,111.68942083924844,103.59402442370148,116.2577696153036,151.54121487825347,32.95519835825219,65.5527634213867,1.0867084509802216,0.24295014813499055,-0.7459926500427161,-0.7885086084012097,1.335453960313846,-0.14074084298618417,0.07752356017136354,-1.162891075260527,0.6698152789540691,1.022150232274343,127.92310820308343,1.6208577941760098,2.10302175265162,0.7213300949131582,0.5883667951525584,Correct,D:/ML Projects/AIL721/Course Project/New/New_gym_dataset/New_gym_dataset/OHP\Test\Correct\PXL_20250420_135502228_Sports2D
22.82406988958572,36.83125322964169,110.82843083891301,102.5028312482114,117.14306062234812,150.47432270947257,40.03286948806616,66.3569305201691,0.9469116408630724,0.31827002747741834,-0.7365921488392827,-0.795895628671919,1.357964519713839,-0.1710333744807481,0.0962768858488267,-1.1605129787148627,0.6695002884988916,0.9894796042341146,126.50891863893386,1.6034106063772915,2.01879917755206,0.5757416560755851,0.5882313794308194,Correct,D:/ML Projects/AIL721/Course Project/New/New_gym_dataset/New_gym_dataset/OHP\Test\Correct\PXL_20250420_135502228_Sports2D
16.5731132351139,36.543662469752306,109.21450915695033,102.18777121067588,117.99545551356078,149.3977358811869,45.43143125132533,67.14592658856542,0.9459852431878428,0.21624065674045284,-0.712127882816121,-0.806268804980404,1.3526879519291757,-0.184382854764379,0.1153213704840808,-1.155015710867456,0.6793136863966157,0.9706328561030769,124.48347543034782,1.572642425417786,1.9480412567333663,0.592067113804612,0.5804243593412911,Correct,D:/ML Projects/AIL721/Course Project/New/New_gym_dataset/New_gym_dataset/OHP\Test\Correct\PXL_20250420_135502228_Sports2D
8.263201635377152,35.80505891409128,108.35190523528435,101.10867595352748,118.48135533305802,147.94193652186985,53.25544303156487,67.86312239222147,1.0138189448214265,0.04547664373817317,-0.6714093652684543,-0.7816091618017966,1.2862646248410634,-0.15792788362511448,0.10957095100079992,-1.0993180842297332,0.6841238196359684,0.9413902006046188,125.04542492510915,1.5069251845563205,1.877249420523042,0.7136808581216898,0.53598776483837,Correct,D:/ML Projects/AIL721/Course Project/New/New_gym_dataset/New_gym_dataset/OHP\Test\Correct\PXL_20250420_135502228_Sports2D
6.040667751488058,35.60723282740695,109.53120363188249,99.51394405583174,117.8771210094686,146.922268697183,56.082211239043374,68.68496413022396,0.9481194126890001,0.06991131150299255,-0.6538218931003732,-0.7386865981030833,1.2153414100927973,-0.10977487150518389,0.07883359408189847,-1.0245585526361984,0.67676901322577,0.9147836811310145,127.04401064428386,1.4589308411016173,1.7944488085798043,0.6391424173043642,0.4918130458168232,Correct,D:/ML Projects/AIL721/Course Project/New/New_gym_dataset/New_gym_dataset/OHP\Test\Correct\PXL_20250420_135502228_Sports2D
14.415076568922828,37.107112928698456,111.0286451073563,98.40695002586233,117.48477432251681,146.92036945573548,48.10014910856039,70.18674347296299,0.8498025428118686,0.23722785108478436,-0.6425913047282572,-0.781217061841462,1.2562669435611236,-0.12746988827277098,0.09064228723806912,-1.0453890517239175,0.6624446147007942,0.9179191634511465,126.66388636253586,1.4836631794511488,1.806784280660248,0.4844530519944133,0.5237733287679256,Correct,D:/ML Projects/AIL721/Course Project/New/New_gym_dataset/New_gym_dataset/OHP\Test\Correct\PXL_20250420_135502228_Sports2D
20.164408559814056,39.80173311663881,111.33521466576835,97.40617177538883,118.5393987888104,147.28078522996756,41.296192651375534,72.52094788667124,0.8893240633863966,0.38068792041213356,-0.5953188657390601,-0.965937994952273,1.4513827048097447,-0.2591757535853003,0.19014629534957656,-1.213278522846117,0.6444624869824445,0.9541027692608167,121.1630844005767,1.5814643134952924,2.0043866849820278,0.5103649358362975,0.6780322750067149,Correct,D:/ML Projects/AIL721/Course Project/New/New_gym_dataset/New_gym_dataset/OHP\Test\Correct\PXL_20250420_135502228_Sports2D
11.311815219596173,38.564200295221454,114.94131238771573,105.30577615502492,119.56878840361257,159.81587694635314,49.11939637679123,58.74832334886832,0.7847427474441282,0.35268856238137225,-1.0845933363847735,-0.5730978775000926,1.7122818185662576,-0.4502215356086956,-0.07874906371624694,-1.1834994387002329,0.580559424581403,0.7332779030915373,132.91957688658172,1.9353263560578013,2.0860244309626794,0.38275600251498393,0.7341465947448139,Correct,D:/ML Projects/AIL721/Course Project/New/New_gym_dataset/New_gym_dataset/OHP\Test\Correct\PXL_20250420_135508146_Sports2D
11.626250335822633,42.93201085139164,119.0429725729494,110.48602014454951,118.75563518545817,168.2846279029571,49.61811447871926,54.64738294843456,0.6662884356136446,0.41076482644187345,-1.170994844067833,-0.5202885127020018,1.586744876758146,-0.3721033514483738,-0.23236791012496003,-1.1861683760297883,0.532896837730198,0.8140650245814144,132.85502374063162,1.9929558940549486,2.0597257511931257,0.2827943629333312,0.789807752821395,Correct,D:/ML Projects/AIL721/Course Project/New/New_gym_dataset/New_gym_dataset/OHP\Test\Correct\PXL_20250420_135508146_Sports2D
11.115271920182849,47.89965628017298,122.25149538728027,116.97948744759641,117.31746559327014,176.54844842814677,51.567262486546994,51.35120785202608,0.5559715406223591,0.4501413986139745,-1.2559316218151666,-0.4623149094295574,1.4995938631990564,-0.2986427033368995,-0.37607275220149033,-1.1659246120851845,0.5065009420359725,0.8672819087482849,132.3638976959115,2.0664711857101254,2.0286866648498334,0.23313948303402074,0.850895198983117,Correct,D:/ML Projects/AIL721/Course Project/New/New_gym_dataset/New_gym_dataset/OHP\Test\Correct\PXL_20250420_135508146_Sports2D
12.102757921521805,56.82720828150978,124.6111878715263,128.24366494092206,114.71229575807338,172.43285142947852,53.18494632040481,49.260059710988244,0.4222532606428772,0.5496694276284949,-1.3933807078714306,-0.38379723606690697,1.4316121820081538,-0.20584121121706192,-0.5442865116547877,-1.1151638784239213,0.5101904502623203,0.9093226672068594,132.83662824925125,2.1750961727507856,2.041540281222401,0.29467685650385433,0.9719091487239753,Correct,D:/ML Projects/AIL721/Course Project/New/New_gym_dataset/New_gym_dataset/OHP\Test\Correct\PXL_20250420_135508146_Sports2D
17.640385636357795,71.63896835184092,128.6083907321892,145.11186716509542,109.91357791374121,156.36616418897424,52.446036449901044,48.00513254081513,0.24004470795243715,0.7720888589114543,-1.6172954015702923,-0.2581926963018715,1.3308665184520374,-0.06656163035667777,-0.7620636055473493,-1.0281081530063425,0.5221716025877344,0.9615465226496647,135.0387515916012,2.3032429787505597,2.1239567710889724,0.5439301026172357,1.190878695414833,Correct,D:/ML Projects/AIL721/Course Project/New/New_gym_dataset/New_gym_dataset/OHP\Test\Correct\PXL_20250420_135508146_Sports2D
26.958575211982804,83.88910032892042,137.47062755854404,157.7730068992139,101.83835843976978,142.91800710247225,51.203066348247454,46.807107431392666,0.08197398656124827,0.9852744453295238,-1.8001633157134154,-0.12547300603389258,1.187648935828466,0.09638638387404277,-0.9413214320002921,-0.9317787540978435,0.5104080564810392,1.0281651379718864,138.08281854300193,2.3642416073729997,2.1854520642933517,0.8087653373579451,1.3763249496387737,Correct,D:/ML Projects/AIL721/Course Project/New/New_gym_dataset/New_gym_dataset/OHP\Test\Correct\PXL_20250420_135508146_Sports2D
35.27897796155627,76.86718064241116,149.45891064618473,149.92869966346655,91.92756135732108,148.68482833302775,52.79346068112263,45.552008975438916,0.16161286932682978,0.8860018639903907,-1.6075776883959203,-0.16933009633045884,1.0398497488005993,0.21922579058494004,-0.8489786793062792,-0.9134508926499981,0.47889914347047824,1.1326766832349382,140.63668465931016,2.2024144250274067,2.060039022933785,0.7035178823583385,1.1707444461467411,Correct,D:/ML Projects/AIL721/Course Project/New/New_gym_dataset/New_gym_dataset/OHP\Test\Correct\PXL_20250420_135508146_Sports2D
24.490772112505297,43.215559501437276,158.32962683194611,115.31264040041103,84.65065758923703,178.29292482159445,70.85857029825767,44.92263467984294,0.5617619886338612,0.3859910742114415,-0.9262954126211275,-0.46934090531884726,0.897455669720364,0.2694748051579433,-0.42317200511453923,-0.97382486528875,0.45429706977285783,1.2432996704466934,141.47785028669082,1.8137947860970103,1.7163646537484254,0.19688884642727694,0.5384174742761181,Correct,D:/ML Projects/AIL721/Course Project/New/New_gym_dataset/New_gym_dataset/OHP\Test\Correct\PXL_20250420_135508146_Sports2D
92.07483593960528,23.617932848096896,172.5436037188564,92.17121901494676,71.36374985585834,156.07857258966166,159.2889139162531,47.53936025843521,0.8454692189455842,0.006455820364712986,-0.41495428919757393,-0.6527243418835699,0.7290593335517148,0.3143454632019422,-0.14916542683418763,-0.8959392731899054,0.43982390970033425,1.2102847363918476,139.41566488611647,1.4953487462454902,1.4223873966615348,0.45024221103960255,0.43415266380230727,Correct,D:/ML Projects/AIL721/Course Project/New/New_gym_dataset/New_gym_dataset/OHP\Test\Correct\PXL_20250420_135508146_Sports2D
16.26164334489899,55.62019729647319,133.13963660499655,119.61515943535902,18.162291116509483,175.3621860531281,178.09935222838962,50.982383349601314,0.5343711427512201,0.3123464766320858,-0.7831399692681074,-0.34852135382864174,0.5397651197093625,0.47489039904281743,-0.48404341458691397,-0.5908772735168298,0.4222598784071194,1.0657676725596472,135.8441088225103,1.4778513615283162,1.473968052446278,0.1297207393881725,0.3573682976842967,Correct,D:/ML Projects/AIL721/Course Project/New/New_gym_dataset/New_gym_dataset/OHP\Test\Correct\PXL_20250420_135508146_Sports2D
118.06366484038912,117.00749262693822,106.23602011968433,178.173324315563,7.437319743960608,111.84666417920793,69.37365490357145,48.85415680614614,0.05641152477926214,0.8315126122806987,-1.407358798621984,0.038039849536105425,0.3920797152636662,0.7051670546629557,-0.9213988378370088,-0.38657524259512305,0.40152166879894213,1.0917422972580788,137.99369478002302,1.7079599389557676,1.664999274740901,0.7477036075323951,0.979004983198817,Correct,D:/ML Projects/AIL721/Course Project/New/New_gym_dataset/New_gym_dataset/OHP\Test\Correct\PXL_20250420_135508146_Sports2D
95.71199176402274,97.07511203333797,102.13401573430173,162.2091548292594,10.883236814393253,130.80809771943547,95.17124505037047,47.88320975277345,0.10670807703090598,0.7765860617069839,-1.2918091790038075,-0.03611588867830752,0.3443363361004622,0.7980916869981963,-0.7953949424311941,-0.4849248818247996,0.3910082874664766,1.283016568822996,139.17523188214744,1.71613487323629,1.617508879600641,0.6801530674887944,0.8467521022632455,Correct,D:/ML Projects/AIL721/Course Project/New/New_gym_dataset/New_gym_dataset/OHP\Test\Correct\PXL_20250420_135508146_Sports2D
17.848823660129046,32.34032592805114,107.58023525253819,95.34852235090113,5.924910788151265,161.84337631021165,156.2262655517197,50.49694961783948,0.5863907931640415,0.263108137776572,-0.6012452498609616,-0.40991025003012516,0.41045256203193436,0.6625092897020151,-0.3110125346546924,-0.6491855903719614,0.3988314333915582,1.3116948800739765,137.76774482928388,1.4970154789277657,1.3650762326764072,0.1428624422039239,0.25432399122317256,Correct,D:/ML Projects/AIL721/Course Project/New/New_gym_dataset/New_gym_dataset/OHP\Test\Correct\PXL_20250420_135508146_Sports2D
58.639656298199576,37.2156654113287,135.06041459618532,69.69517954401911,20.4220570575419,135.0568220053757,141.78240075934235,82.15884340595302,0.9690750799329738,-0.12381580694387902,-0.08358206322369287,-0.65156235666441,0.5356930164015072,0.4265666050692994,-0.0008710239686249995,-0.6629528933424677,0.4168894009927375,1.089519498411767,135.92084090391975,1.2144767214062808,1.1775412866565147,0.6125410776424471,0.5778559556901652,Correct,D:/ML Projects/AIL721/Course Project/New/New_gym_dataset/New_gym_dataset/OHP\Test\Correct\PXL_20250420_135508146_Sports2D
110.27567338595945,123.96549535713257,176.31124308627204,65.25238697358033,68.27536577839653,129.83899583824902,137.99969239243708,174.12649951888355,1.1500175522101346,-0.293618584188471,0.12697346882443492,-0.766498846766312,0.6288497286248215,0.2851906737660925,0.13352901309895077,-0.7027739195660008,0.4291462486705401,0.9879645933320933,134.62458383259192,1.105177202491487,1.1270469995906,0.8637253227487475,0.799618360559647,Correct,D:/ML Projects/AIL721/Course Project/New/New_gym_dataset/New_gym_dataset/OHP\Test\Correct\PXL_20250420_135508146_Sports2D
115.32696786607175,127.2853422346549,170.56550599265975,67.18642334892603,73.9077762068141,131.65970554839984,138.58080834074235,175.6256366862552,1.3698525668198067,-0.5262182594756533,0.3758255895762172,-0.9872986869010876,0.6619011343415325,0.2762529941846086,0.3784060608227359,-0.9535651529211381,0.4309319377685625,1.2298181471057466,133.77333744699968,1.262070573169361,1.0957576338054182,1.180691464270669,1.131231274412845,Correct,D:/ML Projects/AIL721/Course Project/New/New_gym_dataset/New_gym_dataset/OHP\Test\Correct\PXL_20250420_135508146_Sports2D
106.28652804979126,33.93269971939326,178.88910588894882,67.72314628078679,65.72746365404258,132.33971582377816,139.44093560425134,81.59298389561512,1.6329567223152357,-0.8106213498180707,0.6895698426091271,-1.2575058135366677,0.6710754664857981,0.31324882580027963,0.6937867207752427,-1.2581290355718515,0.42867387715400446,1.571377861372131,132.91609183423694,1.571541976621004,1.0438795566130634,1.5639171618506778,1.5462101518542584,Correct,D:/ML Projects/AIL721/Course Project/New/New_gym_dataset/New_gym_dataset/OHP\Test\Correct\PXL_20250420_135508146_Sports2D
103.68092712168037,9.73910179641355,178.77372708103502,67.01110099143851,63.41097647717843,131.6483503875823,139.73004935549807,38.61254781600412,1.828476695016185,-1.005679484759272,0.9262399188551006,-1.4375526882001781,0.6928551526998397,0.3348240601742608,0.932275820790228,-1.4451103367475795,0.42834776229488547,1.7799343969218402,131.50252829303903,1.7959645635853627,1.0002727948454149,1.8393644919144154,1.842734100578672,Correct,D:/ML Projects/AIL721/Course Project/New/New_gym_dataset/New_gym_dataset/OHP\Test\Correct\PXL_20250420_135508146_Sports2D
109.79125882999827,91.28738188302759,174.81211309182214,66.1170818516747,69.55772546278756,130.48692040628416,139.7664666327893,140.80046147674344,1.958132352556691,-1.1033999078868575,1.0693643292459145,-1.5267413762856297,0.7478989201786633,0.3270189858261521,1.0754783504123615,-1.5192447224092922,0.4325604284599652,1.8462637082354443,128.6021060279776,1.8750994542848995,0.9844422777013253,2.0033968635686037,2.0070414946991475,Correct,D:/ML Projects/AIL721/Course Project/New/New_gym_dataset/New_gym_dataset/OHP\Test\Correct\PXL_20250420_135508146_Sports2D
115.88355413855807,139.0499526926404,168.48588504019236,65.93751423527539,75.59248520960107,130.01588448506908,139.708931071043,170.96593179242862,1.9510480682059554,-1.0312220868892454,1.0064915770267775,-1.4691318937126518,0.8124711076468819,0.3117661052655151,1.001356450025084,-1.4368342819828352,0.4371413496131488,1.7486003872483504,122.5518333113131,1.7587725796277391,1.0411301378506117,1.9534683904015968,1.9194756607952805,Correct,D:/ML Projects/AIL721/Course Project/New/New_gym_dataset/New_gym_dataset/OHP\Test\Correct\PXL_20250420_135508146_Sports2D
101.13931348668407,129.26003429242573,175.9284764464629,67.59987744312421,60.87570135660527,132.5471023532666,139.7363878699212,176.71293193915915,1.5291665073644658,-0.5426038114229514,0.4201452238691031,-1.0449917114350142,0.7500686003310185,0.3772605622223419,0.4218851156545435,-1.014697521936002,0.4234528816128212,1.3919580841583439,116.30330748336904,1.4301229694219169,1.2175063898494465,1.3142437327783416,1.2069142926881042,Correct,D:/ML Projects/AIL721/Course Project/New/New_gym_dataset/New_gym_dataset/OHP\Test\Correct\PXL_20250420_135508146_Sports2D
32.346477392021,96.26416016402202,105.29974447497015,146.11522711445772,6.719378270896346,145.90389563140863,140.93414433708267,62.168055795430654,0.6172687549104953,0.3619948668459316,-0.6742236001666282,-0.2585899777069808,0.41337053364188925,0.6131972861880847,-0.5544788925972651,-0.3218095449727602,0.3749160246797186,0.9350068311608448,125.79740745672201,1.3457229604152947,1.4328566057046381,0.23259171630932668,0.2223776236623579,Correct,D:/ML Projects/AIL721/Course Project/New/New_gym_dataset/New_gym_dataset/OHP\Test\Correct\PXL_20250420_135508146_Sports2D
174.6125859122503,167.81255809551806,74.74413221172307,141.21623590877434,33.92619015387989,69.8865582743773,39.31360424162963,57.69911636989533,-0.13718695279682777,1.038161298086988,-1.4504752040074382,0.284687306270088,-0.023896232789060716,0.8998141190870679,-1.1232518499390347,0.07781822550411265,0.3201223187846312,0.8219958935829552,134.92139568476742,1.37268351123864,1.514083579962585,1.069686026614334,1.073272670550238,Correct,D:/ML Projects/AIL721/Course Project/New/New_gym_dataset/New_gym_dataset/OHP\Test\Correct\PXL_20250420_135508146_Sports2D
18.840444196071218,153.44089326562147,69.92463068194881,161.86804062718682,38.21011983182867,90.00279114096438,122.94943597210015,63.44368440658581,-0.025277091759963087,0.8832367825923383,-1.1459991487831287,0.011361821233497998,-0.17298039710502128,0.9789712149542629,-0.8118624810145878,-0.1556428374471224,0.31125287058829276,1.1346140524013852,134.68307879134483,1.3021211022970651,1.4199238984335445,0.8830955030583075,0.6913070660062947,Correct,D:/ML Projects/AIL721/Course Project/New/New_gym_dataset/New_gym_dataset/OHP\Test\Correct\PXL_20250420_135508146_Sports2D
12.311776052886783,158.4411750524378,75.37338107275076,81.58005697273482,34.89355401623491,151.31312188374923,132.79466993087834,172.87194683131145,0.6112029152373939,0.2711726824076382,-0.24095856198062235,-0.7179478058104943,0.017069291293730113,0.8212437945104895,-0.26169385455907945,-0.5521368713631553,0.3463943460402908,1.3733806658736447,128.70107728868012,1.4013862225957876,1.305579765264179,0.17265056209216434,0.5905729804499483,Correct,D:/ML Projects/AIL721/Course Project/New/New_gym_dataset/New_gym_dataset/OHP\Test\Correct\PXL_20250420_135508146_Sports2D
17.172516498381707,156.45362542791045,82.54762319220595,99.48452228225115,29.01417786628323,167.9227212237619,133.8133056353351,144.37634665167235,0.6892698795339319,0.21700399295509087,-0.11176952572881071,-0.8597202826238964,0.17054301133795535,0.7146764679131777,-0.40918638384501044,-0.4446549336908637,0.3675045914447525,1.1593314016040415,127.9132972133327,1.296200397463447,1.342013149862841,0.2267107984935237,0.7627005670108514,Correct,D:/ML Projects/AIL721/Course Project/New/New_gym_dataset/New_gym_dataset/OHP\Test\Correct\PXL_20250420_135508146_Sports2D
165.98348960466882,71.42263455473616,78.1373203162038,142.4241241329278,31.952751923851135,72.51419637298275,45.96926231918232,178.9084381817538,-0.05781825705667344,0.9535005849024548,-1.1110906069802526,-0.14119944512845628,0.04242125753036383,0.8565964321858287,-1.1143788981756662,0.03138117236372702,0.3434969705958999,0.8252152598221018,136.22392435175126,1.4209739002827444,1.5191283023047184,0.9430174912580741,0.6422406791512357,Correct,D:/ML Projects/AIL721/Course Project/New/New_gym_dataset/New_gym_dataset/OHP\Test\Correct\PXL_20250420_135508146_Sports2D
168.59390587410618,174.6908577053499,73.62022856279685,138.91795741681892,34.46945750587801,67.00764348549373,45.87555163177182,61.69850119084361,-0.8442154844647766,1.7394675299206088,-2.163046978669601,0.6241084192897068,-0.15012803335104077,1.066275457483638,-1.609313705757485,0.3259350859789777,0.31050532030268396,0.7403403715046601,143.19952977217986,1.6362538593494302,1.7272354951696327,2.061751791163705,1.8590162500471201,Correct,D:/ML Projects/AIL721/Course Project/New/New_gym_dataset/New_gym_dataset/OHP\Test\Correct\PXL_20250420_135508146_Sports2D
168.38852563255014,168.36011922361095,73.44327349308442,140.2109084913539,34.19210047997545,67.84628246441376,45.803574847425324,56.20640168802472,-1.2461163705674398,2.1746299148392816,-2.692697573171828,0.9908615426777774,-0.22049104839494366,1.1773773694673124,-1.7770595672198546,0.3780434654989721,0.30295832566356423,0.7993339039683404,150.59980420235544,1.7498114880838007,1.8691989553437744,2.657170051119515,2.49328408680394,Correct,D:/ML Projects/AIL721/Course Project/New/New_gym_dataset/New_gym_dataset/OHP\Test\Correct\PXL_20250420_135508146_Sports2D
166.77396559053093,164.6270384089218,75.65809604504811,141.42160247460575,32.9497891699399,70.02948768959378,46.175823579408984,54.65652609851558,-1.3005798020454968,2.252646064823241,-2.778473692209754,1.029363842160475,-0.19509630904905603,1.1916297089594194,-1.7621344100778118,0.30859713749348866,0.3190897409746522,0.8830325714659308,160.7106567190421,1.7987092406349459,1.9184863165703314,2.7440330199376874,2.593209944308594,Correct,D:/ML Projects/AIL721/Course Project/New/New_gym_dataset/New_gym_dataset/OHP\Test\Correct\PXL_20250420_135508146_Sports2D
162.4933432152392,157.5193849530213,78.94838737379494,146.47560147515333,30.926538296451785,76.35052714539997,48.4331950812126,53.869912098421274,-0.9495705860757633,1.876421687826137,-2.3427036033304502,0.7241237761562793,-0.1016213153275579,1.1244551661655726,-1.4407857410720402,0.06570820266084598,0.3399680197033725,1.0587469635047266,159.93447314387296,1.7071339994007584,1.807929777674969,2.2198492276913737,2.0750010121830074,Correct,D:/ML Projects/AIL721/Course Project/New/New_gym_dataset/New_gym_dataset/OHP\Test\Correct\PXL_20250420_135508146_Sports2D
131.33357719761977,113.83938429802024,85.44803324851293,169.93822411207978,25.535183523443294,121.0449926598765,74.20160632582358,54.88437695789672,-0.14318525740958885,1.0312575625955744,-1.2921910314738385,0.016434238569917575,0.0914293511917434,0.9648754244292688,-0.761766332040715,-0.35657059868715024,0.3580944673794928,1.321446023116419,148.93935979517005,1.5729470639206842,1.5329972758682477,1.04804414478856,0.8481821189201021,Correct,D:/ML Projects/AIL721/Course Project/New/New_gym_dataset/New_gym_dataset/OHP\Test\Correct\PXL_20250420_135508146_Sports2D
18.424051663225633,148.19751598405435,99.66373970469746,86.13019874539413,12.51856749960558,153.94789154109088,149.05738083716878,174.2496244429634,0.6476991075330469,0.24826119585546993,-0.240551211055496,-0.7213307992511001,0.33336822895492724,0.772584341343255,-0.23407742532068018,-0.6570438035470205,0.3775548622505033,1.4296281448902755,143.67805358438534,1.5381258736588117,1.3149514308321,0.19404751903889814,0.5771427120533262,Correct,D:/ML Projects/AIL721/Course Project/New/New_gym_dataset/New_gym_dataset/OHP\Test\Correct\PXL_20250420_135508146_Sports2D
25.890880816530053,143.05914180936466,109.96448855833783,109.13690514759517,2.9262778948024395,176.24613869445477,151.18284128866742,139.30528050381946,0.6925087460959759,0.23974403267848715,-0.21866653516667686,-0.8156596988093997,0.43432066936062835,0.7090534257754069,-0.4364866641815172,-0.5623732221983555,0.38897549072207654,1.2714266479737624,141.83446791668115,1.541048712185497,1.3943161153851125,0.23625969416573933,0.6666318590535728,Correct,D:/ML Projects/AIL721/Course Project/New/New_gym_dataset/New_gym_dataset/OHP\Test\Correct\PXL_20250420_135508146_Sports2D
47.3906491209568,165.99370735887277,102.14286286355059,175.74985633524557,10.481745628006102,116.87475215631105,143.0910965070493,102.86845951518386,0.25569715100753654,0.6579491025676708,-0.8999282610960025,-0.40355620358094674,0.35172659763487196,0.7858069322558832,-0.8605397364064045,-0.39455784445575587,0.38469180525339003,1.180364776711639,141.49607634486577,1.6919960610921623,1.569160160111499,0.5090681978090498,0.4866306285519351,Correct,D:/ML Projects/AIL721/Course Project/New/New_gym_dataset/New_gym_dataset/OHP\Test\Correct\PXL_20250420_135508146_Sports2D
30.82231202331272,87.05372311086154,98.83984026660404,148.39583964758694,13.709530069797749,144.15353068881498,162.887218046485,51.20725379967648,0.257273350009899,0.6120661925348995,-0.9990976213691328,-0.27716511993410436,0.31416132263534,0.7968367590371476,-0.6982176607417463,-0.5190161087141516,0.3834793740235502,1.3158528677512993,141.96572923102568,1.6602349157733498,1.5392206939874604,0.4674346817977849,0.544071139160843,Correct,D:/ML Projects/AIL721/Course Project/New/New_gym_dataset/New_gym_dataset/OHP\Test\Correct\PXL_20250420_135508146_Sports2D
23.577269571471163,33.45568699325545,110.06335998127452,96.47279693613078,3.405506480953329,163.00393047390284,153.01722394757545,50.45175651935267,0.6384823637508257,0.26732545318709355,-0.6250784086242976,-0.4407322348419501,0.43024138108829035,0.6763252992838691,-0.30366693549829393,-0.7061382556146456,0.3982506954637657,1.3824635548985147,141.65509337318383,1.5651922877964843,1.4484238036784167,0.1923412057506193,0.29338744963358676,Correct,D:/ML Projects/AIL721/Course Project/New/New_gym_dataset/New_gym_dataset/OHP\Test\Correct\PXL_20250420_135508146_Sports2D
41.560168405206866,44.033251095637105,132.263464206667,109.10239310791876,17.80734288860413,174.64627178985577,156.2471744833973,49.38697930578136,0.6642286078638086,0.33358028548388796,-0.7599464267513705,-0.37579145595725777,0.5668643547290252,0.5548277849758084,-0.41130473098303916,-0.6747509914255772,0.4139962477782887,1.2295787764013855,140.62482823082513,1.5712029555787834,1.5910634169562161,0.24442050837574353,0.3484229861606659,Correct,D:/ML Projects/AIL721/Course Project/New/New_gym_dataset/New_gym_dataset/OHP\Test\Correct\PXL_20250420_135508146_Sports2D
93.79090088028987,82.68152407000967,138.0585440684529,149.6125929132005,23.810152564718212,144.635798590534,62.39894655499191,47.31732266054366,0.3519227499996393,0.6458095960446333,-1.228594707371958,-0.18359618038342038,0.5943255687139082,0.5190787899083803,-0.7522351472324631,-0.6229015481809405,0.4106932560489906,1.1419803380893208,139.21224463519937,1.7656004231741118,1.7849227924559097,0.4525661798460048,0.7730139795119392,Correct,D:/ML Projects/AIL721/Course Project/New/New_gym_dataset/New_gym_dataset/OHP\Test\Correct\PXL_20250420_135508146_Sports2D
65.91634451291654,59.98192384125444,134.35457955007644,126.77031422127841,20.880044149646082,166.70422117915192,93.2036113374374,46.686145020406364,0.4126512093481757,0.49092156398417497,-1.0526177414816564,-0.33724603321932173,0.5733419459943409,0.4999157309158108,-0.5935307949341804,-0.7700773318898365,0.39834145036364477,1.2699930628056473,138.45940339421966,1.7246664527080324,1.6831145734393038,0.29534988258356315,0.6098358535098424,Correct,D:/ML Projects/AIL721/Course Project/New/New_gym_dataset/New_gym_dataset/OHP\Test\Correct\PXL_20250420_135508146_Sports2D
57.28671420866169,28.211258374897717,147.05129138954987,92.51347154496904,33.37379785730177,158.8359780127208,156.0870836486401,49.37528036217695,0.757602729868359,0.09092035799774202,-0.49535834264385126,-0.634240004193143,0.6079122604167623,0.4285106186101725,-0.18803139171679942,-0.8978811431790261,0.4015880624318825,1.3263917617891985,138.86585982149128,1.546881185842651,1.4476771049249082,0.31919873551274064,0.43506065600815186,Correct,D:/ML Projects/AIL721/Course Project/New/New_gym_dataset/New_gym_dataset/OHP\Test\Correct\PXL_20250420_135508146_Sports2D
58.05680737415876,34.22947792507696,172.8332641580081,94.98879514192726,72.2163771520308,160.03843645196633,165.84043022212796,54.19104147311066,0.6884374919182319,0.1655626056632204,-0.5651061355698487,-0.5868523268569267,0.721586886500335,0.29695754547616254,-0.22861906088875694,-0.8296144463104654,0.42183287424988314,1.126571991786628,139.012582816163,1.4737896034141684,1.4620191027121614,0.23943538620568602,0.39219915475588385,Correct,D:/ML Projects/AIL721/Course Project/New/New_gym_dataset/New_gym_dataset/OHP\Test\Correct\PXL_20250420_135508146_Sports2D
24.50571605225186,69.75487148651347,142.64863754709557,132.98544416456625,101.4457542021639,162.92016408617442,54.048529745584254,52.67503557268788,0.22293061651011967,0.603086287455177,-1.204779480441585,-0.3095626223726679,0.870841352977531,0.13318953323842303,-0.6157500454773326,-0.7586885264383576,0.4368898371860244,0.8918780596767806,138.83378578838628,1.733609084912976,1.694486398159572,0.44654162417298515,0.7605002381517679,Correct,D:/ML Projects/AIL721/Course Project/New/New_gym_dataset/New_gym_dataset/OHP\Test\Correct\PXL_20250420_135508146_Sports2D
15.480991940761276,82.5101758390098,131.43719171944602,146.84692203317752,112.6040446460156,149.11184160136068,51.9149634132232,51.62201744037045,-0.04869134527959887,0.8145044728394787,-1.605578144180742,-0.19258874362669415,1.0081107931555895,-0.013688661383414987,-0.8105088643694945,-0.8222555827935031,0.4377241619339112,0.8085669214100881,138.77540843932772,1.9902657925853122,1.8542203890705198,0.7765558174755559,1.156322010283343,Correct,D:/ML Projects/AIL721/Course Project/New/New_gym_dataset/New_gym_dataset/OHP\Test\Correct\PXL_20250420_135508146_Sports2D
11.46334222659678,74.34432499730877,127.96621083847234,137.87619128732445,116.28533210307349,157.87226577112952,52.25132567032977,52.21659076843832,0.0007210973060346154,0.7566992546956437,-1.6177796254743053,-0.2532026776336893,1.1329765587635134,-0.11994469034804868,-0.7412801003538663,-0.9326789822480815,0.4344210019745906,0.8127342919000329,138.92645677886236,2.0428840039209493,1.9077333415765956,0.7022953325417272,1.1679793512364374,Correct,D:/ML Projects/AIL721/Course Project/New/New_gym_dataset/New_gym_dataset/OHP\Test\Correct\PXL_20250420_135508146_Sports2D
10.885043612684793,63.402313802342334,127.18341138876065,125.20628403109149,117.0357726643342,170.57453191581388,52.07918372298103,53.97684571815616,0.16990468906140505,0.6549984012797347,-1.5159214299512345,-0.3535143954116537,1.26563954952297,-0.19864744635061962,-0.5851706512170413,-1.0303192689000507,0.434929625847637,0.8316718225494311,138.78390596354237,2.0290826546954595,1.9644611893940547,0.5196336859199838,1.074338388727883,Correct,D:/ML Projects/AIL721/Course Project/New/New_gym_dataset/New_gym_dataset/OHP\Test\Correct\PXL_20250420_135508146_Sports2D
11.635852170466004,55.430916103336685,126.7388596107328,115.56843387980165,117.19166063765168,179.4989541281858,51.17248719188231,55.93196197515064,0.32626891359044646,0.5973264722590584,-1.447780785834001,-0.4358587160225338,1.4067006047645745,-0.272217437133955,-0.44128865380137794,-1.1164865917345543,0.4394607471909594,0.8442691546005991,138.32527297016077,2.0317122594464867,2.052979291009152,0.3970817054080451,1.0217695729697611,Correct,D:/ML Projects/AIL721/Course Project/New/New_gym_dataset/New_gym_dataset/OHP\Test\Correct\PXL_20250420_135508146_Sports2D
11.99273114854502,50.34207461886524,125.6730032605012,109.31673196275055,117.79979776678793,172.78953299003965,50.20747108466705,57.55254162882555,0.44465941689793054,0.5575273197579824,-1.402092707780204,-0.502934409103273,1.5332379024181115,-0.3492016280972061,-0.32537818252068906,-1.1874899151493126,0.44662259856508585,0.8382882870521065,137.62953136646325,2.0389166249265784,2.12957096345311,0.33422694101052886,0.9948373193995509,Correct,D:/ML Projects/AIL721/Course Project/New/New_gym_dataset/New_gym_dataset/OHP\Test\Correct\PXL_20250420_135508146_Sports2D
11.512371755730827,46.80416806609155,123.87189304302363,104.97303405576342,118.98092357805292,167.82585067684002,49.506704666216244,58.97831738925157,0.5372891184957234,0.504000431055529,-1.3392128581918923,-0.5669848399595142,1.6273499122134554,-0.4267788564600438,-0.22759897617619929,-1.2354825232229627,0.45627784765984036,0.8087036667629188,136.66204623829447,2.023570359333672,2.160617763336147,0.29091557049323913,0.9563360459523877,Correct,D:/ML Projects/AIL721/Course Project/New/New_gym_dataset/New_gym_dataset/OHP\Test\Correct\PXL_20250420_135508146_Sports2D
10.614682769492642,43.97558285782882,121.69631526123779,101.41677698714174,120.41580776128383,163.52890000966315,48.96950946922348,60.44668284816566,0.6198830717690849,0.4344327963340372,-1.2535914354831972,-0.6328309595514435,1.6971430292957943,-0.5030219391816106,-0.1367425625168516,-1.2660863440718624,0.4677428107712287,0.7630644048902517,135.53182308894654,1.986304017482856,2.1561443954315687,0.26812561516441724,0.9044110036121256,Correct,D:/ML Projects/AIL721/Course Project/New/New_gym_dataset/New_gym_dataset/OHP\Test\Correct\PXL_20250420_135508146_Sports2D
9.870465842113285,41.49051175909624,119.70134654440008,98.2109419879374,121.67289765240346,159.58518618474073,48.456636505483274,61.90532557435551,0.6998319465868478,0.36339473949094736,-1.1622764583219567,-0.6956120283547672,1.7582816953820297,-0.5744715549168586,-0.0476841049523795,-1.2906157899938338,0.4790864836014615,0.716144235076975,134.5145334104286,1.9427750866766562,2.142181842415587,0.28884788676840983,0.8551582317581269,Correct,D:/ML Projects/AIL721/Course Project/New/New_gym_dataset/New_gym_dataset/OHP\Test\Correct\PXL_20250420_135508146_Sports2D
9.598271138626925,39.15134828048461,118.34135088986478,95.35922396687651,122.45186252594164,156.15243738268305,47.949866335431444,62.99891089780161,0.7720179909545304,0.3070996818723715,-1.0814123811473868,-0.7419834513314941,1.8111530307305155,-0.6301893959270533,0.035221401297901724,-1.3109635174231644,0.4879630517991188,0.6807741214961112,133.8990412091781,1.9019428374475351,2.1297369707554714,0.3414700034947145,0.8148652808660828,Correct,D:/ML Projects/AIL721/Course Project/New/New_gym_dataset/New_gym_dataset/OHP\Test\Correct\PXL_20250420_135508146_Sports2D
9.796566595738893,36.790567382578104,117.72196665930774,92.86732652928121,122.72176997774226,153.31106316633122,47.481663426518864,63.4795042162469,0.8300023690102755,0.27257963774231386,-1.0166440075474883,-0.7634108331497138,1.8496311448011376,-0.6623384819550661,0.10664030939989741,-1.3239615296331073,0.4932779952446487,0.6616230476780411,133.78206495242458,1.8643395907161047,2.117399134748336,0.39591724014764623,0.7780986412551588,Correct,D:/ML Projects/AIL721/Course Project/New/New_gym_dataset/New_gym_dataset/OHP\Test\Correct\PXL_20250420_135508146_Sports2D
10.260266799500961,34.39608509185827,117.55849037719447,90.61789316355242,122.6935829272261,150.86996646797297,47.04615027327291,63.52611862388529,0.8772365223181837,0.25270439351227175,-0.9623728167452128,-0.7673254991777014,1.876700892043296,-0.6778072432255734,0.1693349909844304,-1.33093020511085,0.4961850867179885,0.6531229618852765,133.98871123420724,1.8280229548450286,2.1034789046601787,0.44315213554998584,0.7407200363514244,Correct,D:/ML Projects/AIL721/Course Project/New/New_gym_dataset/New_gym_dataset/OHP\Test\Correct\PXL_20250420_135508146_Sports2D
10.78216693243423,32.07559591254312,117.48682484830516,88.50517121152238,122.60778704451089,148.5997831043385,46.61004602305495,63.475812808204644,0.9219308389674837,0.23592109555224886,-0.9100268295921525,-0.7672052145457628,1.9007918238698667,-0.6894166652204077,0.2300550834994694,-1.3362301344156007,0.49856926070252705,0.6468134691951931,134.2683991429217,1.7915716339448502,2.088619470704348,0.48868865715933296,0.7038402509026972,Correct,D:/ML Projects/AIL721/Course Project/New/New_gym_dataset/New_gym_dataset/OHP\Test\Correct\PXL_20250420_135508146_Sports2D
11.29049375465753,29.887834136129275,117.36558469428422,86.49895052831117,122.55418624867116,146.41872147126642,46.15531999667136,63.46911266486287,0.9678979624286159,0.2174787847209801,-0.8561667431779393,-0.7688272885424227,1.9259948986798678,-0.702738432004139,0.29197136881214064,-1.342040846908961,0.5012121711931113,0.6393024149048222,134.51685076960126,1.754633999973933,2.0736469613692208,0.5362599429295662,0.6692602654761843,Correct,D:/ML Projects/AIL721/Course Project/New/New_gym_dataset/New_gym_dataset/OHP\Test\Correct\PXL_20250420_135508146_Sports2D
44.04785122012957,8.620830297820577,117.20010550837794,96.06121839438866,22.445767809880987,55.70709171264778,113.50638096998944,115.67207798953173,-0.7859929595043457,0.8299565612477624,0.21427625964018995,-0.2524880379850607,0.0035657235655812444,1.1733710094194874,1.2236995673228896,0.23270887312231622,0.7620569744030571,0.9406621362971711,62.33254871433646,1.5406400784560752,1.473846946319843,0.6443604258608485,0.1688438300379494,Leg_Drive,D:/ML Projects/AIL721/Course Project/New/New_gym_dataset/New_gym_dataset/OHP\Test\Leg_Drive\PXL_20250420_135903793_Sports2D
37.436036076819654,6.489189817419714,108.84696862089773,98.2954726325657,31.153582151151642,58.29602340461514,111.4103817720287,115.21478677796513,-0.6984435447893725,0.8499673030418127,0.29948950852533013,-0.247072282056601,0.16571815905772774,1.1888092154375132,1.3175533681013243,0.2323131637622824,0.7660506220631207,0.9564960516752307,59.6506853882595,1.4972004026391428,1.483026038264637,0.600170064937844,0.13770571156723171,Leg_Drive,D:/ML Projects/AIL721/Course Project/New/New_gym_dataset/New_gym_dataset/OHP\Test\Leg_Drive\PXL_20250420_135903793_Sports2D
33.498086256363955,4.019137182777311,101.49351280234593,101.74205027928208,37.182011064880484,60.41757414650846,109.31990267875557,115.56328867071426,-0.6070695767526955,0.865484908893285,0.37834034777084896,-0.2567053048998688,0.2764918669340375,1.1752483278742936,1.4017840922552156,0.2328407371504228,0.7509821194409212,0.9424075907238708,56.67647936050435,1.467792444258472,1.4934334920854768,0.562825179511003,0.1281845509540289,Leg_Drive,D:/ML Projects/AIL721/Course Project/New/New_gym_dataset/New_gym_dataset/OHP\Test\Leg_Drive\PXL_20250420_135903793_Sports2D
34.08510075752936,2.198891790399823,96.67205393357642,104.82468496402062,39.8968293994494,61.39356829704631,106.01806984302125,116.40753991255409,-0.514510511288599,0.902035378002092,0.44222274673122625,-0.26004895236549064,0.30305559817688194,1.1367477558325678,1.4534623520101912,0.24210062543321845,0.7262014146576038,0.8946471303993495,54.62231053476006,1.4573363329022861,1.5052503173516034,0.5653430857588486,0.1425423385535506,Leg_Drive,D:/ML Projects/AIL721/Course Project/New/New_gym_dataset/New_gym_dataset/OHP\Test\Leg_Drive\PXL_20250420_135903793_Sports2D
37.867859931409484,1.4978605196019714,95.54548363319189,105.52828766565885,40.1985914567973,61.272362755648196,101.93354861179323,117.22977672475011,-0.4557477242328362,0.9556983542082466,0.49968881017930655,-0.24267869012505605,0.28905491931141974,1.1131084190040352,1.4782437279320106,0.26087327699712154,0.7162297816503622,0.8522351420069136,54.20442950077101,1.4630361443997222,1.532633847882301,0.607054806603369,0.18987641401937008,Leg_Drive,D:/ML Projects/AIL721/Course Project/New/New_gym_dataset/New_gym_dataset/OHP\Test\Leg_Drive\PXL_20250420_135903793_Sports2D
39.83394200463713,1.3105207789320623,96.57855499887471,104.42864536025563,39.760563559954925,60.76776391908529,100.40549443540795,117.92171530198273,-0.4672588899783894,0.991318023998133,0.5510309056374835,-0.21820159323258206,0.2951114933272513,1.1313147448639385,1.5060546212960548,0.28792095722208205,0.7234386757121374,0.8433937876418564,54.079788915433404,1.475701982179243,1.5810919683311757,0.6413222778815146,0.2509303524484987,Leg_Drive,D:/ML Projects/AIL721/Course Project/New/New_gym_dataset/New_gym_dataset/OHP\Test\Leg_Drive\PXL_20250420_135903793_Sports2D
38.094466781787325,1.3066294211513485,97.30543228122474,103.36574272924285,39.74170653919906,60.412881549666714,102.1638266790136,118.28048902918194,-0.5236075352690396,0.9943149807263494,0.5835042257187917,-0.19905400954523386,0.33575958719233673,1.1795488886542096,1.5588562547088587,0.32569059609065454,0.7319145529251829,0.853858292563555,53.30684556827193,1.4916566099037576,1.6278286145228542,0.6544380986533441,0.2946378466915126,Leg_Drive,D:/ML Projects/AIL721/Course Project/New/New_gym_dataset/New_gym_dataset/OHP\Test\Leg_Drive\PXL_20250420_135903793_Sports2D
34.96849425418617,1.2985203600096837,96.98922439247166,102.94750748982007,40.39132214162858,60.328054023920245,104.64018360418525,118.37342561607021,-0.5662651578259906,0.9741919283949143,0.598356395626174,-0.18945176731540375,0.38971748727271605,1.223922842860927,1.6261665317494958,0.365667177481758,0.7358672270077699,0.858255665379169,52.98496086414686,1.5051275782281652,1.6463322912862095,0.6476090255325083,0.3151958365276398,Leg_Drive,D:/ML Projects/AIL721/Course Project/New/New_gym_dataset/New_gym_dataset/OHP\Test\Leg_Drive\PXL_20250420_135903793_Sports2D
32.14868286897873,0.9861879874180582,96.33533855502564,102.36483909842296,41.641730035267564,60.341907688716326,106.2095870957537,118.6719043238656,-0.5797004689747518,0.9447515655845781,0.6081066403547697,-0.19177221183611445,0.43813677092991254,1.2406453148143597,1.6708628179076452,0.3893926419403766,0.7428769607581778,0.8512526728739831,54.472065095345364,1.4980803115896182,1.6439501286889313,0.6234631251387583,0.327144477507073,Leg_Drive,D:/ML Projects/AIL721/Course Project/New/New_gym_dataset/New_gym_dataset/OHP\Test\Leg_Drive\PXL_20250420_135903793_Sports2D
30.22521990584305,0.3325784421950474,95.21093049546329,101.99145595206181,43.24405353549448,60.44643998301945,106.53072655866248,119.2209815747867,-0.5597092465823081,0.9132006464956821,0.6258065204315272,-0.19940045624609862,0.45994098691589264,1.2158296971033657,1.6724173139027014,0.3860336271382969,0.748434884432527,0.8297960699650687,56.83154638154686,1.4692380206191562,1.6258317402673097,0.5852647554350042,0.34222217781788955,Leg_Drive,D:/ML Projects/AIL721/Course Project/New/New_gym_dataset/New_gym_dataset/OHP\Test\Leg_Drive\PXL_20250420_135903793_Sports2D
29.960143703498627,0.5853550912647839,93.74739882134685,103.16056929829614,43.99343358884654,60.901401708489644,106.04642270765486,119.68395338277433,-0.47829937015646934,0.8786036947101185,0.6776442159057915,-0.19287449967544465,0.39811614828791997,1.1306804630112641,1.6309801596849112,0.3505449153467686,0.7401105362119916,0.7801355476644954,57.45885396927795,1.4589602953225502,1.576157065524317,0.5280166880611432,0.3846401894768898,Leg_Drive,D:/ML Projects/AIL721/Course Project/New/New_gym_dataset/New_gym_dataset/OHP\Test\Leg_Drive\PXL_20250420_135903793_Sports2D
32.61242689512498,1.554987303729339,94.06014228578819,105.42743638327937,42.12392497972155,61.611503648788904,105.2636481251535,119.94348365494066,-0.3663411128652545,0.8444531696553177,0.7587090267567089,-0.16650127167821122,0.24113702457206138,1.010226188841206,1.5640612602376498,0.29741046434860907,0.7215677299376089,0.7128157244925971,55.36398762447821,1.5027424231701478,1.5125365116635654,0.4840896532356642,0.4559962555184706,Leg_Drive,D:/ML Projects/AIL721/Course Project/New/New_gym_dataset/New_gym_dataset/OHP\Test\Leg_Drive\PXL_20250420_135903793_Sports2D
36.50190616890462,1.873802747377516,95.50597166354972,107.51538425047094,38.8342970134873,61.85565292750799,104.66379681760809,120.01814981986965,-0.30923302781250117,0.8316130028911571,0.7949761935075984,-0.1467146260029746,0.12120668911893177,0.9442460981708212,1.5241241552176057,0.27456716924798696,0.6989181167785111,0.6696789289228343,52.0271793328936,1.5545569415521447,1.475263689618217,0.48457390791400845,0.48208142226996065,Leg_Drive,D:/ML Projects/AIL721/Course Project/New/New_gym_dataset/New_gym_dataset/OHP\Test\Leg_Drive\PXL_20250420_135903793_Sports2D
36.93795087908551,1.1828834922898261,92.51378641805871,109.19501755945991,39.46807110089133,61.176875078410006,103.59397802002317,120.00600841387974,-0.32678606978988173,0.8706068750232864,0.7322050811844123,-0.15846326181065715,0.1683902252169096,0.9903475390811778,1.555675557674094,0.31708278583657773,0.6688952589598864,0.6732647532446001,49.68047999765846,1.5420265956241974,1.4766338762080773,0.5380353630267222,0.40118578477334504,Leg_Drive,D:/ML Projects/AIL721/Course Project/New/New_gym_dataset/New_gym_dataset/OHP\Test\Leg_Drive\PXL_20250420_135903793_Sports2D
37.173074154545105,0.21938734501189894,87.83048503082829,110.03167597366206,42.08998490901621,59.95214591350649,100.73694093643869,120.2672414315054,-0.3444254624493629,0.9781495759608119,0.5968656805444562,-0.20270439214324734,0.3248598974767831,1.1050593341232127,1.6288600372769273,0.39955316702766946,0.6417236740687385,0.7055061670955433,48.737152296897435,1.4826177243000436,1.5101142704662165,0.6584462687921289,0.2439257387597118,Leg_Drive,D:/ML Projects/AIL721/Course Project/New/New_gym_dataset/New_gym_dataset/OHP\Test\Leg_Drive\PXL_20250420_135903793_Sports2D
40.91510106972788,0.5904031143540409,88.62719873217497,108.62983864127555,41.25371884611429,58.51075621956482,97.83118008415784,120.89884066608171,-0.33382032400327627,1.0984036708453713,0.43247417175646713,-0.2738067750522033,0.38526314548101287,1.1973045478143691,1.6330850954875662,0.44471104498702857,0.641194090809545,0.7525935028273406,47.32577351235481,1.4572084955201448,1.571677053997449,0.7794036621451946,0.06759649436044293,Leg_Drive,D:/ML Projects/AIL721/Course Project/New/New_gym_dataset/New_gym_dataset/OHP\Test\Leg_Drive\PXL_20250420_135903793_Sports2D
44.48193784212854,1.5232288647312702,98.31163985582161,105.05066599931216,33.48849845955707,56.850804314690826,102.0295636983144,121.62596682057782,-0.4677885797058702,1.090067647769058,0.2527141317524982,-0.3656620482725492,0.2257351666037455,1.2378547264840445,1.486229602237984,0.39397256683624254,0.6665342698703806,0.8438821596478019,44.211214570604795,1.5168992457103785,1.6242761788428255,0.7627462106756239,0.12431800431683272,Leg_Drive,D:/ML Projects/AIL721/Course Project/New/New_gym_dataset/New_gym_dataset/OHP\Test\Leg_Drive\PXL_20250420_135903793_Sports2D
49.42693965536086,2.6228499169328217,116.87231261938851,101.5211839330351,16.869189670972638,55.262686223396294,113.70387067366656,122.11446385967098,-0.8662993968288546,0.9022390097522299,0.05702399850815046,-0.47992570854989103,-0.0889829447167594,1.2435197093457224,1.2238605403559322,0.2524400077452515,0.6914059122021139,0.9910797016004709,41.48966645568421,1.644930694960213,1.6621989654959592,0.7515478589972455,0.3325041659570961,Leg_Drive,D:/ML Projects/AIL721/Course Project/New/New_gym_dataset/New_gym_dataset/OHP\Test\Leg_Drive\PXL_20250420_135903793_Sports2D
64.9518431560343,3.59328994694937,140.3317074349761,100.25885392218645,6.249902587534841,54.340658769627744,121.29805943150056,122.06605128342296,-1.3446734569952903,0.6379321125587032,-0.20341168992963243,-0.6522163852724089,-0.45048008281228175,1.1815687251520284,0.8872844779476058,0.031075805483320746,0.6956847094979466,1.1504929196687077,40.923015032989085,1.7644398482897972,1.722487029681705,1.027308121872512,0.6396450517858683,Leg_Drive,D:/ML Projects/AIL721/Course Project/New/New_gym_dataset/New_gym_dataset/OHP\Test\Leg_Drive\PXL_20250420_135903793_Sports2D
87.90346673275786,3.52211908339398,165.42388111599624,102.39272370554025,32.837018131541754,54.979586689994676,124.93355139878389,121.49829422661134,-1.711300264371119,0.3763088236273751,-0.5930224051775048,-0.918850210110787,-0.8023548362557109,1.0111895534218174,0.4642470229323668,-0.27099796700025347,0.6767071764785829,1.282187520422071,42.072644357572074,1.8022999492938996,1.7111347968632462,1.3437102919900086,1.122845866186798,Leg_Drive,D:/ML Projects/AIL721/Course Project/New/New_gym_dataset/New_gym_dataset/OHP\Test\Leg_Drive\PXL_20250420_135903793_Sports2D
112.82954063173847,175.05245364838623,170.10234878060137,76.76957475419367,59.35320537977154,126.22512891456644,126.52366474803308,121.2775825629526,-1.9776272246466966,0.11127993430737389,-1.0658986060679736,-1.2525167022507573,-1.1072029299651795,0.7559165572956161,-0.013225339453715552,-0.613045313907278,0.6500377197287658,1.3689618712028941,43.34398964931493,1.7523822566291287,1.640484788049782,1.6119099659145986,1.717769847372378,Leg_Drive,D:/ML Projects/AIL721/Course Project/New/New_gym_dataset/New_gym_dataset/OHP\Test\Leg_Drive\PXL_20250420_135903793_Sports2D
134.20164935572643,175.77620610132277,150.70457970649775,75.42939339813461,80.02029874631026,126.15427185094264,125.81864939058386,121.93047795226553,-2.1999163834971043,-0.14862567132899762,-1.4809533443134344,-1.5677392083849415,-1.3263953597290226,0.4818098823781602,-0.4233489308573172,-0.908657631850757,0.6330448030645848,1.3904675142289171,42.94161664299126,1.6579785163939504,1.5908460273601752,1.8715821583229237,2.248334562899043,Leg_Drive,D:/ML Projects/AIL721/Course Project/New/New_gym_dataset/New_gym_dataset/OHP\Test\Leg_Drive\PXL_20250420_135903793_Sports2D
151.43453418879088,175.87672176563905,137.58120263175664,75.00407001983095,93.95248416476636,126.53775681635393,122.51794997597554,122.41447858199295,-2.4127837404369563,-0.3654726755849359,-1.7820511417900062,-1.8038545974089117,-1.4683342548148717,0.23662405718898566,-0.6715274918954077,-1.0987011468863859,0.6220543981138597,1.3353252040753716,42.243362207747644,1.554990166551907,1.5705942073068933,2.1315000680802108,2.636816594332778,Leg_Drive,D:/ML Projects/AIL721/Course Project/New/New_gym_dataset/New_gym_dataset/OHP\Test\Leg_Drive\PXL_20250420_135903793_Sports2D
165.0720450783145,175.61347682288203,129.95944917517423,73.81930090290352,102.80831376834408,126.58706384642198,117.73626869002956,122.20054066930415,-2.6564266307341247,-0.5283127507134754,-2.049120869048607,-1.9795904519629746,-1.5929740363430982,0.030871355043888285,-0.8095311526537169,-1.198962810501703,0.6050471809455458,1.229834165545591,44.97996310739666,1.458175170117347,1.5732219342230318,2.4063149505930777,2.9667183611460866,Leg_Drive,D:/ML Projects/AIL721/Course Project/New/New_gym_dataset/New_gym_dataset/OHP\Test\Leg_Drive\PXL_20250420_135903793_Sports2D
173.05177110814162,177.38639146783532,126.79086255409382,71.10783662020337,107.37487067512869,125.27356984942597,114.32309956698708,122.65996131726118,-2.892820110115768,-0.6467732200953127,-2.323702312638705,-2.132184500424909,-1.7341939457919906,-0.12307099940690754,-0.9531519183583328,-1.2536586648642067,0.585442641638003,1.1305876654572993,47.73065602698271,1.3741379544652221,1.5907047932082037,2.658970315872803,3.2911075727993255,Leg_Drive,D:/ML Projects/AIL721/Course Project/New/New_gym_dataset/New_gym_dataset/OHP\Test\Leg_Drive\PXL_20250420_135903793_Sports2D
174.1353198089201,178.9698032723185,126.21344023376194,68.65212041947431,108.70942944417854,123.57499009741477,114.5741096352585,124.60518682509755,-3.0069522552630374,-0.7293137854417593,-2.5049589735348814,-2.258140363522472,-1.8530387256779157,-0.20164151173831543,-1.1136100973301457,-1.298127157265353,0.5746786408223011,1.0964856455270375,34.173122355947626,1.3225110461796183,1.6091326734443578,2.789615464243339,3.5179992270985507,Leg_Drive,D:/ML Projects/AIL721/Course Project/New/New_gym_dataset/New_gym_dataset/OHP\Test\Leg_Drive\PXL_20250420_135903793_Sports2D
171.62900183164913,176.93526282363538,126.44383987787387,68.6655092713461,108.5975970529849,123.70694620220499,116.9685952213357,126.7716833785695,-2.982704696221288,-0.7692009726042748,-2.5024618333761266,-2.3350544862035236,-1.8806731895564524,-0.20844852249791135,-1.1834708282198296,-1.3493394571779447,0.5729838667356728,1.1408909346800333,21.60463905916258,1.3370576866719115,1.6378432261253915,2.781081067242734,3.5605870844417282,Leg_Drive,D:/ML Projects/AIL721/Course Project/New/New_gym_dataset/New_gym_dataset/OHP\Test\Leg_Drive\PXL_20250420_135903793_Sports2D
170.0601680456516,178.81020493415946,127.25816451309669,70.68650849512959,107.88651243518026,125.83118544340654,117.82634438952869,127.02098050924687,-2.8742367603940258,-0.7314599821141665,-2.352746701345935,-2.321134256092546,-1.7917068354339667,-0.16007043877992755,-1.0957175453982007,-1.3731729705570206,0.5715061780693229,1.2131025317770932,30.6148533221355,1.3985774359857528,1.6730260544996514,2.665654198031529,3.431792153925034,Leg_Drive,D:/ML Projects/AIL721/Course Project/New/New_gym_dataset/New_gym_dataset/OHP\Test\Leg_Drive\PXL_20250420_135903793_Sports2D
168.20348679019082,176.77237301968194,128.93020550766215,73.52026033755338,106.09294811039639,128.5434139556118,117.88946132020556,125.31578697529373,-2.6781332650098495,-0.6196537981820631,-2.1254870429210304,-2.1989903078368767,-1.6320597093346363,-0.06603268645300514,-0.9087301936512839,-1.3369750078293698,0.5732453645591175,1.2709423213763646,39.175191952343006,1.4623610951212616,1.6732368802765774,2.442777797539521,3.1755758714865903,Leg_Drive,D:/ML Projects/AIL721/Course Project/New/New_gym_dataset/New_gym_dataset/OHP\Test\Leg_Drive\PXL_20250420_135903793_Sports2D
162.70977267225942,172.41705288226913,130.93124754737056,77.23988908602354,102.89559915494607,131.06673578834014,120.18582648268666,123.48378867060919,-2.4468904740655013,-0.5080849078084256,-1.8924201853051645,-2.051152618030176,-1.496052218626831,0.045001327818709205,-0.7269627135402955,-1.2802272758267754,0.590227490773401,1.3252286036454846,38.678232883035946,1.5322302433885102,1.6396631542627795,2.1954699995222766,2.890582307107795,Leg_Drive,D:/ML Projects/AIL721/Course Project/New/New_gym_dataset/New_gym_dataset/OHP\Test\Leg_Drive\PXL_20250420_135903793_Sports2D
154.3898652938022,168.75653019623664,132.95012766564668,81.56978564046929,98.86296135133252,133.3828746574484,124.47309605753036,122.13940485368497,-2.2851655255204384,-0.43566285013019646,-1.7145378711325265,-1.9445210409416984,-1.4376771799984678,0.14621401964915093,-0.5896450129856966,-1.2377985471750683,0.6182288530111624,1.3840125668242194,34.64579891806991,1.6231602944305104,1.613154970835477,2.0334667629668006,2.6676331766459334,Leg_Drive,D:/ML Projects/AIL721/Course Project/New/New_gym_dataset/New_gym_dataset/OHP\Test\Leg_Drive\PXL_20250420_135903793_Sports2D
146.91789442957517,165.45354962264153,135.96177623418447,84.67921577354419,94.53074036687096,135.1717323745996,127.61284593729583,120.6252819972411,-2.2217921689463456,-0.377097053846128,-1.6058560598870522,-1.8596282435574063,-1.426534713709668,0.23561772419803043,-0.48981188467507203,-1.1989366870951796,0.6361789967009516,1.43455441129321,34.72163229417704,1.7132997453438743,1.6053896782120658,1.9632266796380347,2.5185152471583137,Leg_Drive,D:/ML Projects/AIL721/Course Project/New/New_gym_dataset/New_gym_dataset/OHP\Test\Leg_Drive\PXL_20250420_135903793_Sports2D
141.72109606190688,162.94878000700697,140.86839153857514,85.25689538709682,89.99227741843369,136.11756434410555,128.27118135652682,119.06634435111255,-2.1961973483269834,-0.3126306744956508,-1.5292577136440215,-1.7726201245978421,-1.3997180136205072,0.3157405802741155,-0.42106133146854585,-1.1566582726207038,0.6312083806616686,1.4723988528948193,37.529240102516816,1.7679726478446052,1.6051098625080906,1.9144074738543924,2.4079101298686245,Leg_Drive,D:/ML Projects/AIL721/Course Project/New/New_gym_dataset/New_gym_dataset/OHP\Test\Leg_Drive\PXL_20250420_135903793_Sports2D
136.36162402604043,161.53445386540233,146.56687102548858,85.35654642469908,85.10510615246304,137.0285236026508,128.74348212642263,118.56297746805312,-2.1415707645009814,-0.24540823614713425,-1.4356899199655344,-1.7015715831619123,-1.34734440524112,0.391877274075551,-0.3570246297811166,-1.1143680434185015,0.6201627843269627,1.5062453174940524,40.04275556152078,1.8026392357152083,1.6182334380031074,1.8354124430487817,2.2972941083270793,Leg_Drive,D:/ML Projects/AIL721/Course Project/New/New_gym_dataset/New_gym_dataset/OHP\Test\Leg_Drive\PXL_20250420_135903793_Sports2D
127.80762236758561,159.83675074734256,152.51384113107625,88.36368965551452,78.70134997895244,139.57888076554303,130.89372761136684,119.4156315128856,-2.0573200016598374,-0.1627513116417143,-1.3130527096445104,-1.656561015400977,-1.298173239544382,0.49469678992471966,-0.2382611075104198,-1.0505606871353708,0.6263971596595597,1.5452574770600904,41.688990402284965,1.8738288070266438,1.6689521362247526,1.7341600904107406,2.1689090887376676,Leg_Drive,D:/ML Projects/AIL721/Course Project/New/New_gym_dataset/New_gym_dataset/OHP\Test\Leg_Drive\PXL_20250420_135903793_Sports2D
115.43381032493409,155.66968903433053,160.53437141202522,95.92861213355563,68.63539951585291,145.09838306143388,133.20158919091884,120.76807209576442,-1.9656365957734996,-0.03591340646099665,-1.1589270793432538,-1.5851645940955144,-1.2261383903179548,0.6585602311259288,-0.031009874641186562,-0.9136425944087967,0.6538199012270213,1.5722028255347253,40.63830580181152,1.9748807289563413,1.7466995981811195,1.628250153043684,1.986541976028357,Leg_Drive,D:/ML Projects/AIL721/Course Project/New/New_gym_dataset/New_gym_dataset/OHP\Test\Leg_Drive\PXL_20250420_135903793_Sports2D
101.2830749197003,146.2241570220911,171.42445072548796,110.60988801469856,54.10628848079733,156.14062722098373,132.82321356109705,122.36478424307484,-1.8634143870727964,0.13999635589013285,-0.9478663465922611,-1.4130634554112338,-1.0753913798489307,0.8703069264324692,0.21180941875867185,-0.6781102818798157,0.7005265043238114,1.548417208312285,38.09973442511457,2.013574370847439,1.8028374834984944,1.5212032500028323,1.6827753775172902,Leg_Drive,D:/ML Projects/AIL721/Course Project/New/New_gym_dataset/New_gym_dataset/OHP\Test\Leg_Drive\PXL_20250420_135903793_Sports2D
87.12501821139759,39.677910265195344,174.79812462127606,137.41795864283375,36.64764326302378,95.56844000108596,129.52262505162622,124.1094702641094,-1.7200022789476,0.3443359255166335,-0.6562393135228334,-1.114636804386254,-0.847923359929864,1.0638008746090621,0.4262391665813032,-0.38148280985779787,0.7448996617588289,1.4452836844668602,37.26093735353287,1.9267420877095678,1.8056004744155272,1.3866990441762526,1.2371742471761626,Leg_Drive,D:/ML Projects/AIL721/Course Project/New/New_gym_dataset/New_gym_dataset/OHP\Test\Leg_Drive\PXL_20250420_135903793_Sports2D
72.70438026613607,8.639821156303315,154.7770332633536,88.49638369907768,16.9023625343355,46.37105442809558,124.19798226819942,124.9891244156011,-1.4698574825848432,0.5663496399517245,-0.2922276762585168,-0.733111509255031,-0.5787864924404046,1.1718749875854029,0.6393505221659931,-0.08107692131421812,0.7416793868344982,1.2529519088996208,37.41765721399325,1.7474971451677368,1.7536850455671686,1.151203484622242,0.7246577489581946,Leg_Drive,D:/ML Projects/AIL721/Course Project/New/New_gym_dataset/New_gym_dataset/OHP\Test\Leg_Drive\PXL_20250420_135903793_Sports2D
58.1903997281271,10.472312171811085,127.33583469902058,91.72457646530464,5.389609520117746,44.450020684443025,116.41999075175511,125.07766714374593,-1.087498618870179,0.7788926873337655,0.08763486446558579,-0.37462908892208785,-0.2883694196368832,1.175931452795328,0.8749693510274693,0.1782605070088948,0.6784859678284182,0.9976709457864331,36.749926205314694,1.532548339008347,1.6466788369179057,0.8437821337128162,0.2819015809801648,Leg_Drive,D:/ML Projects/AIL721/Course Project/New/New_gym_dataset/New_gym_dataset/OHP\Test\Leg_Drive\PXL_20250420_135903793_Sports2D
48.94637134060249,7.61651332402755,104.10458092306777,97.95622018157518,23.615003082386135,45.67580418702915,107.43862557701136,126.70768248894333,-0.7445447900854544,0.9271493191988299,0.3760100032223808,-0.16070900431389887,-0.02508996213329238,1.1531455562399702,1.0866701827915644,0.369149013015526,0.6117974489150404,0.7839965432244442,35.722909163206836,1.3603900909780313,1.5617550309959274,0.712586499021359,0.14649299217392944,Leg_Drive,D:/ML Projects/AIL721/Course Project/New/New_gym_dataset/New_gym_dataset/OHP\Test\Leg_Drive\PXL_20250420_135903793_Sports2D
44.529715152972294,3.5200524682385517,94.23232791185283,100.60240699694405,31.930053106367595,46.76478801516448,103.54023174066012,129.7151595165971,-0.6031018293853091,0.999661483445401,0.5194858744548424,-0.10695884524704,0.14817539323714182,1.1805852156516108,1.2423116576340278,0.49346581980479093,0.5900757103134104,0.6871193958468198,36.3899523825419,1.2920012496964821,1.5763285522658244,0.73230180499394,0.22087578875899136,Leg_Drive,D:/ML Projects/AIL721/Course Project/New/New_gym_dataset/New_gym_dataset/OHP\Test\Leg_Drive\PXL_20250420_135903793_Sports2D
43.00223960630976,1.1190795944051803,92.92551803858373,101.36681112114591,33.2748827398598,47.56721189958935,103.72287765383044,131.31370850600558,-0.5674697850842303,1.0129055297241631,0.5556352621989851,-0.1294443361941695,0.18861193290186729,1.197538252695433,1.315300232132052,0.53825975050957,0.5906113122149156,0.659278502185863,38.06137586685074,1.3054021093389734,1.6019763304732895,0.736099758541345,0.22508172373356028,Leg_Drive,D:/ML Projects/AIL721/Course Project/New/New_gym_dataset/New_gym_dataset/OHP\Test\Leg_Drive\PXL_20250420_135903793_Sports2D
44.6159087643589,0.2677799382928402,94.2620505180633,103.16422757823699,31.575536452531697,49.00181454883206,103.80855478310943,130.73040551287772,-0.5169529654051647,0.9930392268522236,0.5585953400578633,-0.15328539322309248,0.12152071497065468,1.1499644892160883,1.3228225607912665,0.5047596424772075,0.585489620239403,0.6452048467388807,38.715416118764885,1.3636038350735713,1.57189830840777,0.7091330869566355,0.20721038375005318,Leg_Drive,D:/ML Projects/AIL721/Course Project/New/New_gym_dataset/New_gym_dataset/OHP\Test\Leg_Drive\PXL_20250420_135903793_Sports2D
45.90604422402063,0.4231659421823987,96.96299830534556,106.05979307010153,28.72082023909632,51.74361161454346,105.37313553688304,128.67955432763927,-0.5248417950506394,0.968676987305166,0.5567566237861366,-0.18246940095457914,0.051715703924211286,1.1271965760975073,1.3527139938277593,0.4547464940761102,0.5833118397197199,0.6724500820213971,37.628033294661044,1.4645086763630115,1.5795547305597455,0.6873510058519907,0.18604257138419295,Leg_Drive,D:/ML Projects/AIL721/Course Project/New/New_gym_dataset/New_gym_dataset/OHP\Test\Leg_Drive\PXL_20250420_135903793_Sports2D
44.44874989213373,1.5709023810475813,99.61078482777246,108.3321559319021,26.799057050388043,54.74199781006263,108.75219305747824,126.82890457098482,-0.6295600023154104,0.972952016566371,0.5394460160750277,-0.23791825124265906,0.05686095083299272,1.2059898338394661,1.4460504294612246,0.4410220975912866,0.5935571370142169,0.7649677362481796,36.25756227107965,1.5858824184131821,1.6830870079995797,0.7133120280921796,0.14915516797434794,Leg_Drive,D:/ML Projects/AIL721/Course Project/New/New_gym_dataset/New_gym_dataset/OHP\Test\Leg_Drive\PXL_20250420_135903793_Sports2D
43.123773142564694,2.6199850988625117,99.74515231143276,108.9623889601402,27.514212623507564,56.221753895080575,109.36201423392775,126.398231203782,-0.6671870355648374,1.0209267985769983,0.5265233224189342,-0.2846099411980014,0.12029793545522624,1.2976573405858955,1.5202965801838868,0.4480155396599545,0.6054240856476032,0.8496418009259411,36.94629181166476,1.6376469079513944,1.7690027127339514,0.7670203345300041,0.12983987155126295,Leg_Drive,D:/ML Projects/AIL721/Course Project/New/New_gym_dataset/New_gym_dataset/OHP\Test\Leg_Drive\PXL_20250420_135903793_Sports2D
42.67106304213885,3.2051482745172977,96.27146875125224,108.92395401160945,30.655456846216627,55.85087960907832,106.67348011164454,127.35426866543881,-0.4845580009744858,1.049585755553651,0.5533373160638128,-0.2734023070585968,0.1585035929881311,1.2421890866985899,1.4618479571506107,0.42005820982938746,0.6007959630839013,0.8221308768692024,39.989607108863,1.540975570960105,1.6815243390877632,0.7539781141900218,0.15598981149912447,Leg_Drive,D:/ML Projects/AIL721/Course Project/New/New_gym_dataset/New_gym_dataset/OHP\Test\Leg_Drive\PXL_20250420_135903793_Sports2D
46.14041993406662,3.860157961561944,89.91060110359413,108.83049950456525,35.60421593089834,54.34531653905782,98.25536413503505,129.51484142250408,-0.1822449027287168,1.0152568850038195,0.6066818829293605,-0.22237175714717877,0.14611732530912744,1.0628985307841676,1.3066448055333084,0.35493773372304904,0.5809134714788204,0.7079607970611185,44.31717453815051,1.3594235993725066,1.4676955164479142,0.7588427474995822,0.21098659762851693,Leg_Drive,D:/ML Projects/AIL721/Course Project/New/New_gym_dataset/New_gym_dataset/OHP\Test\Leg_Drive\PXL_20250420_135903793_Sports2D
15.182818473912384,2.5947737388078287,79.15099932564964,124.9122231450479,32.24965983541169,56.3128823061093,132.5675216906759,126.28189143269844,-0.5258443048220921,0.42381670446827974,0.6186933376417431,-0.14068374612686413,-0.020199936774809572,0.8882518235154401,1.5126998810001848,0.5155944284729761,0.3648874956738032,0.37265739504246403,45.127389065534395,1.5775472688367997,1.2761767799716441,0.24879554884947258,0.15875827399896747,Leg_Drive,D:/ML Projects/AIL721/Course Project/New/New_gym_dataset/New_gym_dataset/OHP\Test\Leg_Drive\PXL_20250420_135908641_Sports2D
24.334494746142862,1.4759596702111477,84.63523129789874,123.18695257694337,26.871395805426992,54.69357968026919,128.79410944843013,126.78237998994194,-0.7375221479652361,0.4410316349892138,0.6121554009494727,-0.11562011989665741,-0.05769446112049146,0.9875120632574408,1.5358034619963212,0.5749140000573632,0.36660884080917555,0.41259806320007764,44.15494587537027,1.6460476277234661,1.4599625550889777,0.37495257192483217,0.16180452215580202,Leg_Drive,D:/ML Projects/AIL721/Course Project/New/New_gym_dataset/New_gym_dataset/OHP\Test\Leg_Drive\PXL_20250420_135908641_Sports2D
26.788034961364215,1.4567032615288185,86.14591266316444,121.95625795567334,25.669485961757566,53.771656580595426,127.54247907687824,127.68504668093348,-0.7776059701378234,0.47304733952312555,0.648486200864099,-0.08584424978109256,-0.061733041477409295,1.0231996853074106,1.5288564930420265,0.594216296345281,0.37161735892687947,0.4289833889621297,43.78777974237548,1.6474227797770036,1.5316979757079956,0.4251279126903016,0.2096589461766775,Leg_Drive,D:/ML Projects/AIL721/Course Project/New/New_gym_dataset/New_gym_dataset/OHP\Test\Leg_Drive\PXL_20250420_135908641_Sports2D
24.123689030136735,2.988695766613355,84.30521074627322,121.3969019268911,27.84443882829958,53.546551501463846,128.0318721415637,129.44214426514938,-0.6112573892068313,0.5484314558647644,0.727513728991747,-0.05906912903138781,-0.03480716989173671,0.9993203510763969,1.5123656171348654,0.5865828810884366,0.3770270038245259,0.4127374699879604,43.91643893310648,1.6012794422110481,1.4701581777386536,0.3892187171284419,0.2943974634218287,Leg_Drive,D:/ML Projects/AIL721/Course Project/New/New_gym_dataset/New_gym_dataset/OHP\Test\Leg_Drive\PXL_20250420_135908641_Sports2D
23.03891860770963,4.486271970049204,82.67056881813666,120.93460636364814,29.24160099275519,52.84677617454,127.7194803995352,131.63949579550916,-0.4648997217272272,0.6405734001769697,0.8024256654896947,-0.024262460375102757,-0.014860313675352226,0.9886478610910656,1.5198046072857485,0.6135412273247958,0.3731848496144308,0.37510663376626985,44.95545995158839,1.579842209312058,1.4311255565325272,0.45398212396761833,0.37545332268807935,Leg_Drive,D:/ML Projects/AIL721/Course Project/New/New_gym_dataset/New_gym_dataset/OHP\Test\Leg_Drive\PXL_20250420_135908641_Sports2D
27.776865322089296,4.06376677452814,82.37619898973769,120.33528800643,28.445237576517442,51.156724572684915,123.7778971013933,132.90704220184324,-0.5096614747311603,0.6784179371356708,0.8296730107124614,0.026470864728837574,-0.017939729357923425,1.007322324383109,1.5346215367828862,0.6817109431388413,0.3554566919733642,0.3256113812442678,47.07965984753519,1.5863383172314012,1.4895810985368911,0.5024745110720671,0.415906128805218,Leg_Drive,D:/ML Projects/AIL721/Course Project/New/New_gym_dataset/New_gym_dataset/OHP\Test\Leg_Drive\PXL_20250420_135908641_Sports2D
32.98718707467314,1.9188432208964836,82.67261633274646,119.79088624842267,26.885344771514415,49.3488473526837,120.12746815381246,132.56999586821294,-0.6862658278554435,0.6386445891985656,0.7934247894458272,0.06629749420828486,-0.04293072302654913,1.0119850795392848,1.5116795300560342,0.726072747842784,0.33476027581437495,0.28591233169650093,48.678927644186565,1.5806830486867454,1.5865262431088965,0.5180388856294831,0.3980768818430617,Leg_Drive,D:/ML Projects/AIL721/Course Project/New/New_gym_dataset/New_gym_dataset/OHP\Test\Leg_Drive\PXL_20250420_135908641_Sports2D
35.499438941386515,0.5543249829582785,83.92436949120845,118.73710725208957,25.314442403883422,47.97591914718145,119.18611865473007,131.46975586985968,-0.8319506147020531,0.5667758761694799,0.7147646338071577,0.06639030631685197,-0.0844158174274979,0.984321307090041,1.4305864665565735,0.699022667020973,0.3295062874067315,0.2852986400690679,48.512830786703844,1.5416313549296448,1.6256425740265446,0.5395660467414469,0.3351488211999719,Leg_Drive,D:/ML Projects/AIL721/Course Project/New/New_gym_dataset/New_gym_dataset/OHP\Test\Leg_Drive\PXL_20250420_135908641_Sports2D
36.24886113702925,2.662208961050395,86.68371702071677,116.40761658427203,23.37975001056365,46.471083615552494,120.3713888524071,130.8667074233973,-0.8998549848694599,0.5052113981849531,0.6267915061779669,0.03609149210088553,-0.13047837032165144,0.9560856883673852,1.3156498154934946,0.6320990152507506,0.3430608389362566,0.3239866731166346,47.16380995397285,1.481976414848155,1.5970983047113116,0.5444388414349733,0.2603809500590109,Leg_Drive,D:/ML Projects/AIL721/Course Project/New/New_gym_dataset/New_gym_dataset/OHP\Test\Leg_Drive\PXL_20250420_135908641_Sports2D
36.44021269219472,4.630202535873197,89.81938704765513,113.39317670147022,21.203021968441625,44.41558571756688,122.35676533936369,130.9542117465599,-0.9280390787247734,0.4630525932186855,0.5418532270099908,-0.0006326145219273585,-0.1704732678418724,0.9430169831360709,1.210057079251779,0.5792912626978785,0.3587330558062958,0.36372572043819235,45.95911038979983,1.427641565293894,1.5412940544671276,0.5415653116904022,0.19388346773783846,Leg_Drive,D:/ML Projects/AIL721/Course Project/New/New_gym_dataset/New_gym_dataset/OHP\Test\Leg_Drive\PXL_20250420_135908641_Sports2D
36.98235909995537,6.316098037547488,91.46828253750166,111.63577290831248,19.564861631034763,42.66891707684887,123.4527792690099,131.01498488560364,-0.9446635169755813,0.43697473110413065,0.45847599303059056,-0.039996365191320056,-0.20040775164540714,0.9287052541381059,1.1481479167473385,0.5598430384431743,0.35890794236900864,0.36886221569493166,45.03924509142071,1.3980921732566773,1.481992547633639,0.5429355284149625,0.13969909088456262,Leg_Drive,D:/ML Projects/AIL721/Course Project/New/New_gym_dataset/New_gym_dataset/OHP\Test\Leg_Drive\PXL_20250420_135908641_Sports2D
39.52315802666523,6.714455685044955,92.40430997050062,111.82524068455136,17.979267691703313,42.20881834675526,122.49757428163146,131.07672596819978,-0.9864066436475136,0.4210747649419166,0.37794404666329817,-0.10244117811509801,-0.23276477458400763,0.9011527318352653,1.121926889843728,0.5460444136043723,0.3483033856205188,0.35510831823089306,42.7704640150795,1.4004611466751806,1.4613424474730294,0.5735857073520967,0.11566068804225899,Leg_Drive,D:/ML Projects/AIL721/Course Project/New/New_gym_dataset/New_gym_dataset/OHP\Test\Leg_Drive\PXL_20250420_135908641_Sports2D
47.48879945710276,6.130152262550602,97.3773000776805,111.94306822297149,12.873409294278618,42.19377759493056,119.6377912486186,131.6760701425188,-1.114057076260223,0.41099546998297415,0.282359840513596,-0.20994376233530299,-0.31018976270669885,0.8683572491159334,1.0767662422440691,0.49725157638714124,0.3461286726818484,0.37110567272879214,37.82591647649417,1.4357459315632706,1.5282492387317295,0.6874512392975469,0.1903406448947888,Leg_Drive,D:/ML Projects/AIL721/Course Project/New/New_gym_dataset/New_gym_dataset/OHP\Test\Leg_Drive\PXL_20250420_135908641_Sports2D
64.87343454213783,6.545948924325105,112.32107294724257,110.18253361376166,1.39763039511085,41.10597616589322,116.52419585297307,132.34807490978173,-1.3592996380594549,0.38974392574979044,0.11989962834632913,-0.38003565895548835,-0.4828544428641175,0.8271856042073642,0.9568562902832116,0.38282100234009286,0.35712019894824143,0.44436460186727134,33.17740336951475,1.5067272130456388,1.6675104433749255,0.9169215398331548,0.40136187335903384,Leg_Drive,D:/ML Projects/AIL721/Course Project/New/New_gym_dataset/New_gym_dataset/OHP\Test\Leg_Drive\PXL_20250420_135908641_Sports2D
92.19150389794638,8.977834449781284,138.67503223654668,107.78057846471482,27.38148075291669,39.07412994834468,115.18997685497031,131.9480356018741,-1.6689391301826164,0.29537578827321664,-0.14870918133534644,-0.6381911171167928,-0.7489347823008153,0.7281004087732537,0.7534826931267754,0.17266568925512762,0.36314636833497904,0.5554347195181261,33.27683740855259,1.601800860942581,1.783997271357681,1.2084435705295697,0.7656387233077148,Leg_Drive,D:/ML Projects/AIL721/Course Project/New/New_gym_dataset/New_gym_dataset/OHP\Test\Leg_Drive\PXL_20250420_135908641_Sports2D
122.38599002237726,18.777335429570282,169.66307050548423,100.13013985907503,59.19615414867177,30.597056215887534,116.81016412629454,130.62560835454224,-1.9440381391034678,0.06387890406010631,-0.49937519027585175,-0.9882377206842482,-1.0446639359495584,0.518385779637187,0.4886736551112216,-0.14061111842143995,0.3496664710552827,0.6589968980586269,35.60047312807274,1.66895209032823,1.7871766638412545,1.4797666091357415,1.264233970989735,Leg_Drive,D:/ML Projects/AIL721/Course Project/New/New_gym_dataset/New_gym_dataset/OHP\Test\Leg_Drive\PXL_20250420_135908641_Sports2D
143.11956842363998,170.64837547498686,166.14170923529173,68.08046028793541,84.65465981068549,138.87682933391267,121.5350913870455,129.52520480889947,-2.142842919742151,-0.27289816552764073,-0.8534269047717378,-1.3515004658824654,-1.303376934498212,0.24223472915544164,0.1808565220699321,-0.4981385597122407,0.3289264931944841,0.7403732888676824,35.557053513434866,1.658644494900872,1.681064121915907,1.726964698098628,1.7794058269554613,Leg_Drive,D:/ML Projects/AIL721/Course Project/New/New_gym_dataset/New_gym_dataset/OHP\Test\Leg_Drive\PXL_20250420_135908641_Sports2D
151.8624728394438,171.41607802836714,152.92885185759638,66.04983686844753,98.7455758699341,137.72426459597807,126.8831030304903,129.14034262434518,-2.30028208726739,-0.6142295228217175,-1.1256605845127603,-1.6263114798386387,-1.4778697294250387,0.0028759647312621636,-0.10807588043716408,-0.7981524437688672,0.31441617259259524,0.8010284085001294,31.32182434843005,1.5868149545392072,1.5504984883748663,1.9819372961351054,2.172380061192603,Leg_Drive,D:/ML Projects/AIL721/Course Project/New/New_gym_dataset/New_gym_dataset/OHP\Test\Leg_Drive\PXL_20250420_135908641_Sports2D
157.86070400153764,172.62435816577113,145.69572970213562,64.58740945674087,106.64389653477937,136.92703569365597,128.78319253324176,129.55139385942704,-2.468789816801519,-0.8992461632625902,-1.3041107974455717,-1.8140240347781798,-1.5664258068775365,-0.1741625919729702,-0.31064675152215493,-0.9935776868972861,0.30337411967349803,0.8194150949243159,27.342236472334452,1.4994739523109697,1.480977978344892,2.2525397480916878,2.4359208260377687,Leg_Drive,D:/ML Projects/AIL721/Course Project/New/New_gym_dataset/New_gym_dataset/OHP\Test\Leg_Drive\PXL_20250420_135908641_Sports2D
165.64595505142307,173.71667314218962,139.92721754959211,63.88088408288371,112.90790432894035,136.71600596141616,127.2619492775173,130.43267910360578,-2.662825677995668,-1.1274250011392415,-1.4441307597813664,-1.9738312141766776,-1.623074597108439,-0.33643762102122526,-0.4222779030368371,-1.1031608099945232,0.29512241612828277,0.7667231889732978,31.059061870157095,1.424702477362439,1.4837859620409326,2.5298684073899507,2.651190271762549,Leg_Drive,D:/ML Projects/AIL721/Course Project/New/New_gym_dataset/New_gym_dataset/OHP\Test\Leg_Drive\PXL_20250420_135908641_Sports2D
172.89999965484643,174.7920332711695,135.32595436004772,63.179813189275485,117.77950909026171,136.28527663958494,124.87950943541523,131.07730991075445,-2.826105261388326,-1.2835846486478073,-1.5524809894762994,-2.079234965965902,-1.6976554045242642,-0.4969669387961994,-0.4609363766823058,-1.1277808759447274,0.2906109551295253,0.630813937148528,38.59423906674681,1.3883083868965085,1.501725079184544,2.74833586522945,2.804397392430257,Leg_Drive,D:/ML Projects/AIL721/Course Project/New/New_gym_dataset/New_gym_dataset/OHP\Test\Leg_Drive\PXL_20250420_135908641_Sports2D
176.65941180184382,176.45895569467604,133.6175523899062,61.28236419887449,120.02307711398925,134.92299370276984,123.36366531214544,131.38194939744585,-2.8552659449519022,-1.3204690333069469,-1.5605546515985302,-2.046174491315199,-1.7567167855657666,-0.5971084557823702,-0.44672127622840396,-1.0648217516589342,0.2816611185139574,0.467713295876564,44.207477345265794,1.3909866863574845,1.484225638142573,2.7889853662015636,2.791631606563173,Leg_Drive,D:/ML Projects/AIL721/Course Project/New/New_gym_dataset/New_gym_dataset/OHP\Test\Leg_Drive\PXL_20250420_135908641_Sports2D
177.30704811452497,178.39514141066527,134.01763046850934,59.007209854858736,120.35464559844087,133.37948592180905,123.047597483916,131.77462733247427,-2.771053380574738,-1.2727184395452782,-1.4914372403365534,-1.9441739720712639,-1.7460125127506927,-0.6058378097238767,-0.42868601398451867,-0.9948112265745193,0.26938583835580854,0.3889734168506426,46.50209945713359,1.3735535749900731,1.4450847720870306,2.6875243984789434,2.6770817734826515,Leg_Drive,D:/ML Projects/AIL721/Course Project/New/New_gym_dataset/New_gym_dataset/OHP\Test\Leg_Drive\PXL_20250420_135908641_Sports2D
176.1901783150645,179.18631973830566,134.7998687862548,58.6119038201947,119.77270355988666,133.1844761663363,123.58252524482214,132.37079590464234,-2.703772971231645,-1.2305742675673843,-1.4455391876783534,-1.915333109394173,-1.6964608664880667,-0.5617604533350931,-0.43050061927696354,-0.9894238452655753,0.2660176022752708,0.42766339193048225,46.58114299755292,1.3362452335990884,1.4324967453836663,2.6068572337880047,2.625266826253067,Leg_Drive,D:/ML Projects/AIL721/Course Project/New/New_gym_dataset/New_gym_dataset/OHP\Test\Leg_Drive\PXL_20250420_135908641_Sports2D
173.68783379604793,178.41609890198663,135.69334326169314,60.33093525537956,118.39195859240019,134.4162371094729,124.70412479635229,132.83233601145963,-2.688504153030819,-1.213700392470983,-1.44105410284246,-1.9670946212506388,-1.652331668089938,-0.49611018170693433,-0.4342263789010906,-1.0337059026247268,0.2742059261737079,0.5375957209177925,46.45920102985119,1.3314614732311885,1.4573038432919305,2.588140372830407,2.6537763870143354,Leg_Drive,D:/ML Projects/AIL721/Course Project/New/New_gym_dataset/New_gym_dataset/OHP\Test\Leg_Drive\PXL_20250420_135908641_Sports2D
170.5221713962635,176.82421467281034,136.59982749141582,62.77654122630044,116.67624381465981,136.05261253237597,126.15407241839628,132.87682720518626,-2.68139397548043,-1.2055645680788483,-1.4560796231760986,-2.040267741079667,-1.6174486485303787,-0.4281832165686539,-0.4372927551564878,-1.0943201169282089,0.28776051449120854,0.666136900359555,45.72125848030577,1.3551775908292472,1.4826073819392032,2.583059429277967,2.709288242075144,Leg_Drive,D:/ML Projects/AIL721/Course Project/New/New_gym_dataset/New_gym_dataset/OHP\Test\Leg_Drive\PXL_20250420_135908641_Sports2D
168.24776036867956,175.22028237590828,136.54327681079482,65.13541180667974,115.78103073143043,137.4597193489051,127.53327036275093,132.68000172481334,-2.6773160394589115,-1.221411817110486,-1.4926543944440007,-2.1223736976225513,-1.5899547415480435,-0.386046528097301,-0.447267767575573,-1.15839403946753,0.3036288701397402,0.7723475113702291,43.26805920981101,1.379222316672025,1.488339854772851,2.5941863703497843,2.7857243356551984,Leg_Drive,D:/ML Projects/AIL721/Course Project/New/New_gym_dataset/New_gym_dataset/OHP\Test\Leg_Drive\PXL_20250420_135908641_Sports2D
167.64821602462106,174.15314546333565,135.05205129109314,67.19945101280278,116.1701103193394,138.42161262323526,128.5218942947184,132.57475808657088,-2.697923705545647,-1.2703927892781919,-1.5408821961850554,-2.206306832041074,-1.5878650826344949,-0.3867195074840476,-0.46103312584925654,-1.214212350483955,0.3218995137595902,0.8274928429999074,40.8288646612102,1.3980324259646193,1.4881801469661522,2.6452420297472417,2.8706733767870896,Leg_Drive,D:/ML Projects/AIL721/Course Project/New/New_gym_dataset/New_gym_dataset/OHP\Test\Leg_Drive\PXL_20250420_135908641_Sports2D
167.78474096037613,174.11354204536698,133.30125571835904,68.34510017620192,116.83804648809814,138.4844023826591,129.053305527722,132.59794442802607,-2.7422619799321506,-1.3193060924319098,-1.5865548546513444,-2.2623253507881986,-1.63008756697243,-0.4169704819617268,-0.48721572516754963,-1.2515039882514336,0.33973447681082586,0.8345335062897067,41.1469417909481,1.4151332869771212,1.491624711868126,2.7165468977631337,2.934087789689166,Leg_Drive,D:/ML Projects/AIL721/Course Project/New/New_gym_dataset/New_gym_dataset/OHP\Test\Leg_Drive\PXL_20250420_135908641_Sports2D
167.47010508008785,174.63466889236167,132.36345342363916,68.69876282285853,116.84690755010789,137.90912379660563,129.37680247002,132.54379268896722,-2.7898201431326637,-1.3437623946509083,-1.6443380193224841,-2.303500313609825,-1.690761126519134,-0.4417301060526303,-0.5253157561814271,-1.2765307655408618,0.35493790917269474,0.8348006594882313,42.28874471775386,1.433581198371261,1.4943982632003663,2.776251323428629,2.996604177869266,Leg_Drive,D:/ML Projects/AIL721/Course Project/New/New_gym_dataset/New_gym_dataset/OHP\Test\Leg_Drive\PXL_20250420_135908641_Sports2D
167.07332489750462,174.31685271145224,131.97473265115352,69.34176718889881,116.61360767483876,137.930107514891,129.54028277733417,132.24696022634333,-2.815158654200708,-1.3528592121984095,-1.7129745958533897,-2.3624977083036653,-1.711570120398253,-0.44182713060795525,-0.5432464598851467,-1.3001047343666696,0.36506624636142687,0.8582776037587143,40.93870126685065,1.4496967340890798,1.4947172278704248,2.806843205374477,3.0818755574991434,Leg_Drive,D:/ML Projects/AIL721/Course Project/New/New_gym_dataset/New_gym_dataset/OHP\Test\Leg_Drive\PXL_20250420_135908641_Sports2D
167.34569790675,172.9462188946304,132.08643454963675,70.34154772521647,116.45046576816442,138.87844804301756,129.10476786141442,131.8246669376479,-2.800375000736064,-1.3333411825688235,-1.7415774530102337,-2.4051894223590704,-1.6757816235241083,-0.41925353624478434,-0.5217222106333131,-1.3135675896098975,0.36590193203255966,0.8943140533651133,37.427484678539685,1.4600173815842692,1.5066223469110243,2.784168172904282,3.1318955485944118,Leg_Drive,D:/ML Projects/AIL721/Course Project/New/New_gym_dataset/New_gym_dataset/OHP\Test\Leg_Drive\PXL_20250420_135908641_Sports2D
167.346014275287,171.89508523949328,133.13140499635844,70.8661503158528,115.64024093631974,139.6377962485311,128.29422666103275,131.5328814880244,-2.7531746312813232,-1.2620315004666514,-1.700750957494137,-2.3769784331510695,-1.637873957659927,-0.3814025639390731,-0.48529035848925145,-1.3003855679638676,0.3620859065693538,0.9189830040247946,33.148439462401456,1.4741026812144613,1.5332000038645024,2.704311494118229,3.0850050147463284,Leg_Drive,D:/ML Projects/AIL721/Course Project/New/New_gym_dataset/New_gym_dataset/OHP\Test\Leg_Drive\PXL_20250420_135908641_Sports2D
165.77351294186832,172.093142237845,134.9820804518978,70.48613898841884,113.8474062571384,139.31562569745518,128.07389331527014,131.40876793530018,-2.7027887870242284,-1.1700383660259157,-1.6392577905393524,-2.3001247859977023,-1.6422975112787745,-0.33928700473544304,-0.46750351210432767,-1.2667657015602294,0.3611447109457198,0.9274786968247862,28.39193452587232,1.4967824402898686,1.5518355251407159,2.6127061036442365,2.9875886869919928,Leg_Drive,D:/ML Projects/AIL721/Course Project/New/New_gym_dataset/New_gym_dataset/OHP\Test\Leg_Drive\PXL_20250420_135908641_Sports2D
163.49836846000588,172.9113965970975,137.12835067578962,69.29566053470323,111.95040625686077,138.37441746735368,128.45203779685488,131.28581406445124,-2.6603349233895073,-1.1002293314799778,-1.6036312210071826,-2.228425040651639,-1.650672571857799,-0.2984866672355522,-0.4700010235110965,-1.2330037728640058,0.3570843418151156,0.9345171056284536,25.898821751544727,1.5057581232680042,1.5457840317527736,2.5388612415279614,2.9137060285689693,Leg_Drive,D:/ML Projects/AIL721/Course Project/New/New_gym_dataset/New_gym_dataset/OHP\Test\Leg_Drive\PXL_20250420_135908641_Sports2D
161.6668319608777,173.15265001307313,139.69157738310335,67.81955383108371,110.36723668770264,137.8783679018898,128.70040472682496,131.03101791496292,-2.617336135690768,-1.0533095706452742,-1.5756904559238805,-2.171769862239425,-1.6249218273438406,-0.2582242753099997,-0.46777411329731267,-1.207619361660606,0.3410553695950428,0.9493950863506063,26.422575759906692,1.496777158467412,1.5283910317879694,2.4715859935631546,2.861801545709774,Leg_Drive,D:/ML Projects/AIL721/Course Project/New/New_gym_dataset/New_gym_dataset/OHP\Test\Leg_Drive\PXL_20250420_135908641_Sports2D
159.38820132851794,172.17141925828315,142.9198462246579,66.86386743118575,108.54330706589073,138.3270207217344,129.1551057373728,130.49843998001754,-2.5677938829304257,-1.01022986900038,-1.5116186764106367,-2.0980183743504113,-1.5927853314707276,-0.21630362766178465,-0.42875333054286413,-1.173214986998926,0.31791445427597137,0.9569113593371413,24.201154371963945,1.50686756180249,1.5161760779140312,2.3980661565349397,2.7754056911424874,Leg_Drive,D:/ML Projects/AIL721/Course Project/New/New_gym_dataset/New_gym_dataset/OHP\Test\Leg_Drive\PXL_20250420_135908641_Sports2D
155.89288610448773,170.22663249016486,146.39314147357115,66.85163488063522,106.2027389209885,139.44751527519483,130.30985281650075,129.6741477653597,-2.49682496495948,-0.9521562241080891,-1.3985546791960115,-1.9823988740934568,-1.5738340922926195,-0.16913012580975043,-0.33965268780527214,-1.1040883010473566,0.2991094020104263,0.9349581752376062,18.174824293903985,1.5483379891438418,1.5058544213966512,2.300655966401072,2.622486138638685,Leg_Drive,D:/ML Projects/AIL721/Course Project/New/New_gym_dataset/New_gym_dataset/OHP\Test\Leg_Drive\PXL_20250420_135908641_Sports2D
152.65881137644897,168.20855042045943,149.24708131255667,67.66093576437778,103.97868549814307,140.8867025750775,131.31987412169406,129.09525299553692,-2.395316376288855,-0.8690683032769063,-1.2691340185844462,-1.8575162018692473,-1.5443748406494668,-0.12097476487305685,-0.22330361626323555,-1.007736753262165,0.28860124613841354,0.8867619883891081,17.539927808417225,1.59109270752937,1.4984378368942353,2.1680037516954687,2.4474716933206597,Leg_Drive,D:/ML Projects/AIL721/Course Project/New/New_gym_dataset/New_gym_dataset/OHP\Test\Leg_Drive\PXL_20250420_135908641_Sports2D
150.6933911730489,166.59840651430676,151.48544002912183,69.24307224530408,102.046651083305,142.7751633577311,131.35325991025613,129.37356987203776,-2.2930923775386254,-0.7744454207827834,-1.1479558576359172,-1.765605243874823,-1.499484458109822,-0.07593569038327456,-0.10224470782846498,-0.9074559620702857,0.28347826949489086,0.831520271687011,25.487509169943834,1.6259473798351378,1.514508317615565,2.031883400558675,2.2990256587219067,Leg_Drive,D:/ML Projects/AIL721/Course Project/New/New_gym_dataset/New_gym_dataset/OHP\Test\Leg_Drive\PXL_20250420_135908641_Sports2D
147.62786638609174,164.46197778997535,154.45786131159446,72.24949031069784,99.09878908663016,145.8061407089223,131.47092270053838,130.26811849889762,-2.2226162151132,-0.6884500058051203,-1.008324104607665,-1.6808408673208703,-1.4614564235464402,-0.015721043195873863,0.03305448033900696,-0.7986833483391302,0.28306718646973567,0.7829623051432564,30.46233579609443,1.687184878164731,1.568229878447659,1.9305834510377415,2.1408494477023163,Leg_Drive,D:/ML Projects/AIL721/Course Project/New/New_gym_dataset/New_gym_dataset/OHP\Test\Leg_Drive\PXL_20250420_135908641_Sports2D
141.14334663882534,159.91478888133403,158.98477313386525,78.14471324884612,93.98291339830979,151.11239978102117,132.83956675948446,131.0271886623552,-2.1851320122877764,-0.6115506311040638,-0.8319936305752158,-1.5575984938136032,-1.439914354359826,0.07948501183367358,0.19023238290543604,-0.6681389928700291,0.29291099151648164,0.7476240047037027,29.978493296657703,1.7934101698791,1.6510572487351778,1.8677886635912007,1.9255105560124703,Leg_Drive,D:/ML Projects/AIL721/Course Project/New/New_gym_dataset/New_gym_dataset/OHP\Test\Leg_Drive\PXL_20250420_135908641_Sports2D
132.5362602555491,149.89271807531853,164.41649607295508,89.63780177939421,87.24423113038753,161.2985289827368,134.70797087483845,131.1912470580553,-2.1632435573858877,-0.5331476809575754,-0.6624233168333943,-1.4055833325839717,-1.4197401109278442,0.202815053783743,0.35282508683157277,-0.51707446584355,0.314643155982662,0.719889519627293,29.10705469953712,1.9131723134043876,1.7359738940090137,1.8243486293505067,1.6884877368140314,Leg_Drive,D:/ML Projects/AIL721/Course Project/New/New_gym_dataset/New_gym_dataset/OHP\Test\Leg_Drive\PXL_20250420_135908641_Sports2D
123.25329214339745,124.62969269328411,170.53230450808144,116.14396483936915,79.58264087375467,173.74108977879473,136.32934873035722,130.8886029144894,-2.1290782884750574,-0.44993066009549143,-0.5501213807824488,-1.2656650574351023,-1.3778930161288618,0.3369463886838163,0.4914363525188734,-0.3638020272453678,0.34013426812543984,0.7007484159291841,31.985095664008792,1.996356839574579,1.7772246687892963,1.770963802934682,1.497119548273771,Leg_Drive,D:/ML Projects/AIL721/Course Project/New/New_gym_dataset/New_gym_dataset/OHP\Test\Leg_Drive\PXL_20250420_135908641_Sports2D
113.9439638240517,66.44206253266296,177.51437805256822,175.7089051639377,71.20798082642578,115.56873595706857,137.26401700237406,130.8733265755944,-2.062416081606737,-0.35362737369294384,-0.47976249867870946,-1.1546631571133612,-1.3044251670461475,0.46676513446741424,0.5811194031345148,-0.23656254421966127,0.36288762331390373,0.7033276786870755,35.161502050557594,2.0124482974091857,1.7738237482554136,1.6837791513613343,1.3570057399104185,Leg_Drive,D:/ML Projects/AIL721/Course Project/New/New_gym_dataset/New_gym_dataset/OHP\Test\Leg_Drive\PXL_20250420_135908641_Sports2D
106.03617270899271,20.002516543123,174.51020151540118,135.77921381003682,62.06595566003777,68.22345966540017,136.02978295104506,131.77905687772284,-1.9702055663571956,-0.22393617140130015,-0.3802088520104783,-1.0318896469664047,-1.195103026812455,0.5795414067315905,0.6411266554325485,-0.11938185997288919,0.3817842302520946,0.6989232667044797,34.93953823719636,1.9647476119589629,1.7835017158138895,1.564093113378617,1.190295935866112,Leg_Drive,D:/ML Projects/AIL721/Course Project/New/New_gym_dataset/New_gym_dataset/OHP\Test\Leg_Drive\PXL_20250420_135908641_Sports2D
98.98351614911563,0.09433721367770292,164.38804994468225,113.37125073142357,51.00391242385083,46.75538825225499,132.0203962747352,133.1502745340681,-1.852175354981577,-0.0626232060610251,-0.22155857501277573,-0.8355586553383867,-1.0401554206558872,0.6690464119086379,0.71753865577663,0.04477986127462187,0.3968937927654385,0.624266550634016,33.34925771501815,1.8652606232284141,1.8045332615015492,1.4174921127123414,0.9321905303283701,Leg_Drive,D:/ML Projects/AIL721/Course Project/New/New_gym_dataset/New_gym_dataset/OHP\Test\Leg_Drive\PXL_20250420_135908641_Sports2D
89.38135919097934,8.09563589058136,151.62916426525774,104.04656185917369,37.41594721979197,38.2597789046394,128.03458802881264,133.64458520477916,-1.7090162372603912,0.07754155590149925,-0.07210786742746321,-0.5975777200454188,-0.8640853411369366,0.7384957183117384,0.809827435341164,0.243587533375162,0.41013343167767485,0.4949081849365764,35.4724096769959,1.7455423497508846,1.7706651428161633,1.2594762273781794,0.6580093396483938,Leg_Drive,D:/ML Projects/AIL721/Course Project/New/New_gym_dataset/New_gym_dataset/OHP\Test\Leg_Drive\PXL_20250420_135908641_Sports2D
76.8869416632127,11.118181793154696,138.072497704855,101.189658269747,23.472716235604395,35.789439738997665,126.5857745723917,133.09237846784765,-1.5811719270081475,0.15934336620542605,0.019064351045837685,-0.41625023004135114,-0.7132039533392001,0.8036189742338363,0.8961409767013443,0.40428475133125735,0.41627732435712056,0.3993342229025789,39.47792313586894,1.6581492470306798,1.7006069897658214,1.127609338319504,0.4827195301935803,Leg_Drive,D:/ML Projects/AIL721/Course Project/New/New_gym_dataset/New_gym_dataset/OHP\Test\Leg_Drive\PXL_20250420_135908641_Sports2D
63.25163057115072,10.418516876593367,123.6947283170908,103.26965873850104,9.973783542270304,36.99060351332161,126.72215297111958,132.5908796100851,-1.4383709047623303,0.22783734489052168,0.10696930954056774,-0.3045482411819011,-0.5756304115822434,0.8714233395721528,0.994339676895534,0.5111699878583233,0.4022824750894882,0.36025335171382944,40.624320129252524,1.610772658116585,1.6344756927526953,0.9809764244420104,0.3657124180950123,Leg_Drive,D:/ML Projects/AIL721/Course Project/New/New_gym_dataset/New_gym_dataset/OHP\Test\Leg_Drive\PXL_20250420_135908641_Sports2D
47.726708818030005,7.102002614585135,106.48256225642749,109.26710811866872,4.951895594602834,40.701565969699004,127.32139558736716,132.19643141571598,-1.103646805854751,0.38562921307828346,0.2408415549386287,-0.21754015802111987,-0.4014538514717188,0.9209714003758849,1.1249665836019032,0.5840351280598262,0.3654366580362084,0.3369362723160587,39.43290009719761,1.5631651851971968,1.4735882201420174,0.6697079227303709,0.22726017360277678,Leg_Drive,D:/ML Projects/AIL721/Course Project/New/New_gym_dataset/New_gym_dataset/OHP\Test\Leg_Drive\PXL_20250420_135908641_Sports2D
32.101042747735896,3.715176272362061,89.26860629088982,116.26004785626418,19.623639702057734,45.15229384921188,128.27531755020644,131.13252987842606,-0.5065560560176766,0.6936788940162716,0.3768380313379151,-0.1500408809623586,-0.19612087030644118,0.9386287622017077,1.2633413220528522,0.6241920095382651,0.3237893787065934,0.3144367526634425,38.32752419054105,1.4929502209892085,1.2215761017082845,0.5328377974535454,0.09695392733592362,Leg_Drive,D:/ML Projects/AIL721/Course Project/New/New_gym_dataset/New_gym_dataset/OHP\Test\Leg_Drive\PXL_20250420_135908641_Sports2D
160.8737569839237,1.5038156230380348,78.63860884619332,121.30271211237695,28.616115224491626,48.55743618306182,47.742358240567974,129.9387481939,0.0411057328640996,1.02661067707755,0.461782415307464,-0.12081400715922497,-0.037058808901190524,0.955591977336802,1.367862934614555,0.637828650650247,0.29662031592306315,0.317763326686555,37.12624784927488,1.4404091908864747,1.2221097647705046,1.0199810634253041,0.0316703317774653,Leg_Drive,D:/ML Projects/AIL721/Course Project/New/New_gym_dataset/New_gym_dataset/OHP\Test\Leg_Drive\PXL_20250420_135908641_Sports2D
168.28191456359866,0.0035941960118434056,75.62797797209478,123.75385035174389,30.89935799227074,50.281186316109576,42.61744342867208,129.71521948794108,0.20358333427409966,1.1813507525340943,0.5133673828892734,-0.11387221704605625,0.028953948005939784,0.9915587234142047,1.4275452981112333,0.6455032095175308,0.2844727677333558,0.34605551389667394,35.88145594128369,1.4407679144427248,1.3317539929372961,1.2434410988052924,0.04429727433120643,Leg_Drive,D:/ML Projects/AIL721/Course Project/New/New_gym_dataset/New_gym_dataset/OHP\Test\Leg_Drive\PXL_20250420_135908641_Sports2D
160.83356670140034,1.075832957339983,75.71225634006949,124.61906703234271,30.559641475529933,50.89096484794208,11.393208176930282,130.18486810939862,0.05561192315127829,1.1195739968570964,0.5622512730288993,-0.10135048806978457,0.033464582355757486,1.0096681880468583,1.4507375701643963,0.6490765132889859,0.2801959140607217,0.3605916747578725,36.869866202151876,1.462425751235499,1.321869898567324,1.116343508196154,0.09094691218681292,Leg_Drive,D:/ML Projects/AIL721/Course Project/New/New_gym_dataset/New_gym_dataset/OHP\Test\Leg_Drive\PXL_20250420_135908641_Sports2D
55.35232775156859,1.8200710087649772,74.50197129436117,125.1693183066186,31.82825637615565,51.49954597713551,92.81941587227578,130.32052503162936,-0.07927783209819082,0.9760083465785641,0.6092158288427229,-0.08282805104614906,0.04244643970382405,0.9820030048369435,1.457674485688893,0.6372399167501039,0.28117303659607257,0.3447630880868396,39.33722120663957,1.456616630774855,1.2629956603609933,0.9264828672644655,0.14169371977741987,Leg_Drive,D:/ML Projects/AIL721/Course Project/New/New_gym_dataset/New_gym_dataset/OHP\Test\Leg_Drive\PXL_20250420_135908641_Sports2D
30.235203473633206,2.2952959525694805,72.27175112415526,126.01739422906537,34.343232054326414,52.63237740754698,115.42156447204037,129.66291854502248,-0.15260245889340562,0.848208690108077,0.6458646815603984,-0.07031371492638912,0.07744636674146438,0.9575500283176631,1.4811447210999134,0.6222364322986211,0.28593896454221823,0.33531359601904204,40.700345970846435,1.4431923910913051,1.2170592355899423,0.7771606027044601,0.18188277361817895,Leg_Drive,D:/ML Projects/AIL721/Course Project/New/New_gym_dataset/New_gym_dataset/OHP\Test\Leg_Drive\PXL_20250420_135908641_Sports2D
26.96255597345363,2.344822195163038,71.80775200044468,127.30304445918853,34.85613248101074,53.96692894064396,118.1813115455356,128.37789325451917,-0.3006015265883957,0.7649443991861177,0.6746454520710744,-0.056466938354235156,0.10540346280290387,0.9824718915698977,1.53313457577091,0.6234240039196295,0.2867567140381866,0.3590478876502682,40.94996409439734,1.4721859653464235,1.2750777446196198,0.6466614055306904,0.21407957635296446,Leg_Drive,D:/ML Projects/AIL721/Course Project/New/New_gym_dataset/New_gym_dataset/OHP\Test\Leg_Drive\PXL_20250420_135908641_Sports2D
31.92160447666836,1.8679860980756104,73.51546123656968,129.11534292830387,32.571314995052845,55.20211915992641,115.50708052827878,126.66586693814898,-0.5381260790698904,0.7436509669976444,0.7019866810766128,-0.02912035663531691,0.10090978509157666,1.0485523819227067,1.6022857147130292,0.641107909776045,0.2770928997251153,0.4074444721466617,41.403184868217544,1.5556801341951862,1.4611828005104692,0.6078497244118746,0.24711367834969572,Leg_Drive,D:/ML Projects/AIL721/Course Project/New/New_gym_dataset/New_gym_dataset/OHP\Test\Leg_Drive\PXL_20250420_135908641_Sports2D
139.80121224092068,15.096382895396092,61.921818228278134,53.19606128713005,36.462929907664154,134.8113131511878,76.66171766674348,60.28506974420831,0.4871275741342384,0.5302993752109872,0.5528641876300981,-0.2357489881003818,-0.29341771690646373,0.3452355337229916,0.030825634702525643,-0.5336948402197222,0.1458196837988868,0.8789303739427139,63.06507680535678,0.9368310164067528,0.768863705272873,1.0830989663914654,0.17293012493605012,Leg_Drive,D:/ML Projects/AIL721/Course Project/New/New_gym_dataset/New_gym_dataset/OHP\Test\Leg_Drive\PXL_20250420_135913368_Sports2D
141.34074060258058,34.76968569451081,89.499982261022,158.72090745397665,33.77942391495972,144.55849872200508,72.43868331237914,70.21118697250576,0.006497696164384423,0.7987911781859639,0.49519295118659357,-0.484427622751297,-0.08699104281406765,0.769204258979055,0.5924156709099702,-0.5194085139960001,0.5487223682715902,1.288612772975055,63.24593230288981,1.45674855803181,1.3731254652653135,0.6747051826646694,0.2237996916213844,Leg_Drive,D:/ML Projects/AIL721/Course Project/New/New_gym_dataset/New_gym_dataset/OHP\Test\Leg_Drive\PXL_20250420_135913368_Sports2D
42.79382285753437,14.259854968642161,113.01128908339662,116.7960684877351,35.68594404982084,85.49330162095248,101.52023309264482,108.76655334768968,-0.41233972981341,0.935344061127201,0.4941653309916515,-0.5644585023402123,0.19390107046438762,1.0589081078227214,1.0908752266696455,-0.36171050735934634,0.8544337410726827,1.4206186151820677,62.68116182538889,1.680095201678152,1.7524722978263059,0.5305352541895818,0.27160939094589226,Leg_Drive,D:/ML Projects/AIL721/Course Project/New/New_gym_dataset/New_gym_dataset/OHP\Test\Leg_Drive\PXL_20250420_135913368_Sports2D
39.36492770097396,8.627132295136477,116.05237163103166,101.83139464945312,40.368825858185524,78.25259213867034,100.26624644084055,110.37454015646608,-0.45204429061015844,0.9585733182730992,0.7123502168820998,-0.43851172512461617,0.3486127914928904,1.1035901691970216,1.2434396885177523,-0.24126991026854291,0.916510782367537,1.3448600794655645,59.872149454963655,1.6153525339625612,1.8186976624947135,0.5602158839965643,0.512725504306908,Leg_Drive,D:/ML Projects/AIL721/Course Project/New/New_gym_dataset/New_gym_dataset/OHP\Test\Leg_Drive\PXL_20250420_135913368_Sports2D
38.51210452212232,7.038563524264245,109.80335888953734,102.90282616779042,43.725041832471945,76.43122688979976,97.76285364540574,110.60733663446453,-0.37044679779464995,0.9742382765755522,0.8546957388175175,-0.3456812244192203,0.3785045401264487,1.0763372160094065,1.2303623526066152,-0.2044225251042165,0.8951554257059996,1.280759741113623,57.61096941421106,1.538183099354862,1.800878042545576,0.5469443958973997,0.6399825913090523,Leg_Drive,D:/ML Projects/AIL721/Course Project/New/New_gym_dataset/New_gym_dataset/OHP\Test\Leg_Drive\PXL_20250420_135913368_Sports2D
40.46197200522634,7.840493694166874,106.8639624214121,104.97420244590674,43.36212422138207,75.20028908870091,96.17590377339158,112.64020460546593,-0.35409218026536515,0.981648796659205,0.6954005684259377,-0.39131571937306925,0.3398287807597032,1.0567374717754168,1.1889292081075595,-0.18547313942949095,0.8679916345737834,1.2422106112049078,58.179065094112474,1.5046789485841765,1.7281396332007908,0.5577795373098487,0.44914360701286726,Leg_Drive,D:/ML Projects/AIL721/Course Project/New/New_gym_dataset/New_gym_dataset/OHP\Test\Leg_Drive\PXL_20250420_135913368_Sports2D
43.10474826177497,9.102700346344038,108.97767768570247,104.35950150028434,40.76347101713066,74.10065020311748,96.13178072109436,115.0020501432266,-0.3922804313325833,0.9953788722872592,0.5379165565414294,-0.4665498561843177,0.29772229000305256,1.0695060144248867,1.1777090404214614,-0.16818185006586317,0.8637576697373802,1.2376878644907499,59.18790007297121,1.5186335735850252,1.7327729347437324,0.5807098078087536,0.2880569896915158,Leg_Drive,D:/ML Projects/AIL721/Course Project/New/New_gym_dataset/New_gym_dataset/OHP\Test\Leg_Drive\PXL_20250420_135913368_Sports2D
45.0566472332321,13.325891935961183,111.88124084504851,103.58898274112175,39.155798783681625,74.62602236985191,95.78755398308626,118.69986956610929,-0.41223221631098855,1.012177262249513,0.6710702405674471,-0.4585301797054108,0.28326535995055335,1.0826706956223575,1.1811401459637907,-0.179276572681548,0.8749329360710597,1.2619472683039055,59.30572951693696,1.5487704927903314,1.826615611698436,0.5993579598944164,0.4294650464906748,Leg_Drive,D:/ML Projects/AIL721/Course Project/New/New_gym_dataset/New_gym_dataset/OHP\Test\Leg_Drive\PXL_20250420_135913368_Sports2D
43.63090330450719,18.38008990818245,112.29994077153138,104.46258573782076,39.75333699892087,76.51586350827309,96.61575969657196,121.86422639990936,-0.40809291299484124,0.9944222118658388,0.8342351189464506,-0.4323654251719488,0.29307410007522644,1.0757454534173545,1.186581597570778,-0.21335416682214786,0.8833837597716763,1.2890996202395024,59.08782393899212,1.5684812651040472,1.8918514476964086,0.5794014583329883,0.5999824454577697,Leg_Drive,D:/ML Projects/AIL721/Course Project/New/New_gym_dataset/New_gym_dataset/OHP\Test\Leg_Drive\PXL_20250420_135913368_Sports2D
38.2725534984921,14.220491676561197,110.33077800185748,106.46213794985937,41.411295367298585,78.20421131901541,100.3161511342093,116.01628035754575,-0.4065804298677562,0.9296476667908726,0.7177063537673287,-0.472515014480553,0.3097708273759222,1.0600393662254102,1.192365349550849,-0.24084137439804018,0.8808252479844239,1.3008807406234502,59.31069353338903,1.5720253788976193,1.7972425981505107,0.5178834162416363,0.4820557021581964,Leg_Drive,D:/ML Projects/AIL721/Course Project/New/New_gym_dataset/New_gym_dataset/OHP\Test\Leg_Drive\PXL_20250420_135913368_Sports2D
34.20537731901504,11.572841322589507,109.0887339296982,108.04640694188431,42.31620519379806,79.45134606538062,103.47841748718692,112.12149525720888,-0.40118504919517756,0.8735199841199746,0.5136851748842413,-0.5358008028578257,0.3118938076251194,1.0444310082041568,1.1850317092487832,-0.2629018067531457,0.8780242373029369,1.3073328149573025,59.78894964245002,1.5720969703920809,1.6802299269787015,0.4636822582357216,0.29094816839739024,Leg_Drive,D:/ML Projects/AIL721/Course Project/New/New_gym_dataset/New_gym_dataset/OHP\Test\Leg_Drive\PXL_20250420_135913368_Sports2D
34.71238570083778,12.130724810000773,110.2067167356319,108.05686309035025,42.022773783885555,80.28635360986769,103.26484051527669,111.84437120013307,-0.3792132518987732,0.8698794210406973,0.47319936516996935,-0.5593081681416977,0.29558660992779245,1.0289581827101064,1.1611669788783745,-0.28352255216135924,0.8848209103432317,1.3124807348714658,59.88550910206072,1.572207064772757,1.6640866668569183,0.4517942905063261,0.26716533884606614,Leg_Drive,D:/ML Projects/AIL721/Course Project/New/New_gym_dataset/New_gym_dataset/OHP\Test\Leg_Drive\PXL_20250420_135913368_Sports2D
36.49447143344335,11.83204582632634,110.31032439945848,107.03722247878113,42.3552658316962,79.70281270993587,101.15026273486043,112.12923311639044,-0.35392630643005313,0.8872264265346431,0.4982057479073468,-0.5410708883711592,0.29006369006948374,1.0141590275206434,1.1458496790908992,-0.27770495827726105,0.8883416241181737,1.2918639857979042,59.789763984292236,1.549607116919321,1.6631783601876264,0.4601710593056882,0.2855577009003488,Leg_Drive,D:/ML Projects/AIL721/Course Project/New/New_gym_dataset/New_gym_dataset/OHP\Test\Leg_Drive\PXL_20250420_135913368_Sports2D
35.62035148376154,8.865629492961284,106.9018139365365,106.62528222856008,44.47811423616558,78.00521040126216,99.90153428007287,110.8604190916991,-0.3413756527597211,0.8864386206931104,0.46242333004024977,-0.5081067371744331,0.31193149866314374,1.0004769986750426,1.1537335154541855,-0.24466811096136984,0.8778152264772185,1.2451451096364123,60.29071247960473,1.503002654530237,1.6096116177203066,0.458980078073876,0.23341692932176658,Leg_Drive,D:/ML Projects/AIL721/Course Project/New/New_gym_dataset/New_gym_dataset/OHP\Test\Leg_Drive\PXL_20250420_135913368_Sports2D
35.490901050291534,10.156664662844324,104.30646504240217,107.07493732857213,45.98570591090128,77.36710828187553,98.5233930388072,112.78955638096882,-0.34206846749403236,0.892461550591854,0.5183519401188937,-0.5003670896018823,0.33080707468710635,0.9933043528251743,1.164857155210758,-0.22873997598382464,0.8685638055476709,1.222044328808999,60.77938755481133,1.4795377245598527,1.6371606209473544,0.46777908075286634,0.2785170205757162,Leg_Drive,D:/ML Projects/AIL721/Course Project/New/New_gym_dataset/New_gym_dataset/OHP\Test\Leg_Drive\PXL_20250420_135913368_Sports2D
39.203173289384104,24.894098622710032,106.14466132391547,107.9906338113787,44.78918519698177,78.92448033227595,96.00764151363416,125.9696182904341,-0.35924791571636905,0.9375233288903179,0.7742572919698562,-0.5470295398633404,0.3254423927690987,1.0095795070743503,1.1780625669030735,-0.2539748581439046,0.8740593650306129,1.263554365218255,59.57127050510546,1.524313220831715,1.8678145721608739,0.5138370383590332,0.5426143897280381,Leg_Drive,D:/ML Projects/AIL721/Course Project/New/New_gym_dataset/New_gym_dataset/OHP\Test\Leg_Drive\PXL_20250420_135913368_Sports2D
43.77101091207205,43.223884915080106,111.13231265730148,109.58184980391206,40.97076462371585,81.68492708492946,95.2582244642121,141.53895783015068,-0.4014291495657428,0.9890682311121568,0.9461846101708172,-0.6133690916569384,0.2970404201939241,1.0533496774602673,1.193826802249429,-0.3016053080720121,0.883790760709369,1.3549549855322793,57.08044348975453,1.6248473244766664,2.0937689029199693,0.5722327766007669,0.7325939845871564,Leg_Drive,D:/ML Projects/AIL721/Course Project/New/New_gym_dataset/New_gym_dataset/OHP\Test\Leg_Drive\PXL_20250420_135913368_Sports2D
46.61860631252894,28.440573563708224,117.67455321517872,111.83115077664212,34.58890881327855,84.09461280509943,98.79248487419252,124.34596075860878,-0.4770957597458947,1.0005798832649748,0.7235246504682582,-0.642741640706374,0.22721820777430626,1.1095188536562033,1.1562948799621113,-0.3470168312338975,0.8850970122950629,1.4565356848901008,55.675405837343575,1.7276225467855648,2.0351891805358826,0.6092016896399558,0.5300782037751138,Leg_Drive,D:/ML Projects/AIL721/Course Project/New/New_gym_dataset/New_gym_dataset/OHP\Test\Leg_Drive\PXL_20250420_135913368_Sports2D
50.337471849464315,17.02365462364625,127.50657118934252,115.58595825632455,24.266165267424757,87.35869471309185,105.39636288311092,109.66495991055443,-0.6002450449246292,0.9810585301149604,0.2798445494965223,-0.6685740229558417,0.09328025928997946,1.1720398612603684,1.018960783600053,-0.40444195243280795,0.8810784944079699,1.5764818136931764,55.798902606205324,1.8281628324611294,1.869717961180049,0.6515231693363005,0.23212045680854956,Leg_Drive,D:/ML Projects/AIL721/Course Project/New/New_gym_dataset/New_gym_dataset/OHP\Test\Leg_Drive\PXL_20250420_135913368_Sports2D
57.335980676077625,23.20133860361189,142.3320073267661,126.12186000062742,9.568230932095696,98.0220982594892,113.09578839182669,105.17924034412268,-0.7861376091311373,0.941526170403172,-0.09763348462480344,-0.7692896341196219,-0.10196046319317757,1.233293014279469,0.8124589207801515,-0.5223770552631642,0.8821288246666059,1.755670069542633,56.01507066531403,1.979530298549127,1.844160688895414,0.744082808242857,0.467667029872364,Leg_Drive,D:/ML Projects/AIL721/Course Project/New/New_gym_dataset/New_gym_dataset/OHP\Test\Leg_Drive\PXL_20250420_135913368_Sports2D
68.68608461407256,52.72237440546779,160.93002099032202,156.3397593807588,8.21405915983124,129.05572121124962,119.52797454575868,103.66665319421818,-1.0292140748971879,0.849878153198872,-0.3917385462659203,-0.9471245269275048,-0.34378053118824015,1.2381197018616097,0.5627699934601551,-0.7150288911491121,0.8887449717429118,1.953148593010722,55.429617568798555,2.1532819787756647,1.9067232840622406,0.8969145903034249,0.7989527660877725,Leg_Drive,D:/ML Projects/AIL721/Course Project/New/New_gym_dataset/New_gym_dataset/OHP\Test\Leg_Drive\PXL_20250420_135913368_Sports2D
86.69964986909729,98.36523430083533,178.35056212340416,157.53523260316015,28.604775946333316,175.50942932710262,121.90512607723605,102.85580497373266,-1.3018641395734785,0.7017420215161453,-0.681915823612563,-1.1356576826596791,-0.6034118522411678,1.1365769846424412,0.26388409895270937,-0.9198082575181381,0.8913601380228388,2.0563852421605793,53.845510066193505,2.2317980489132787,1.9391682720610355,1.1052862340661935,1.1408580846427376,Leg_Drive,D:/ML Projects/AIL721/Course Project/New/New_gym_dataset/New_gym_dataset/OHP\Test\Leg_Drive\PXL_20250420_135913368_Sports2D
109.70649154313355,128.15207835569484,158.70573203334928,127.73181932657258,49.11121979060821,155.54877115053014,119.40472824747465,103.70084950622497,-1.5969909255480466,0.5508209411363737,-0.993587266606538,-1.2987804980286288,-0.8469348052959916,0.9735373978693077,-0.05174856015744215,-1.0691701758508403,0.8844429489509762,2.042707573720148,52.61317807764005,2.1920254095678726,1.945538860929087,1.3679842356487069,1.4963305216207687,Leg_Drive,D:/ML Projects/AIL721/Course Project/New/New_gym_dataset/New_gym_dataset/OHP\Test\Leg_Drive\PXL_20250420_135913368_Sports2D
130.29411619640402,145.21394154879653,145.00198313748206,111.55230687666213,64.57207946084309,141.12636947498729,114.27796326443911,106.34031102378378,-1.9100410740544531,0.4336295283156388,-1.3196058050221964,-1.4417210143635448,-1.055198254265157,0.8192101174238986,-0.33131674061174504,-1.1519701346166262,0.8697184444587218,1.9711802520405248,53.808574892427536,2.0998942906355316,1.9661010820515565,1.6632674277924866,1.8620732203453976,Leg_Drive,D:/ML Projects/AIL721/Course Project/New/New_gym_dataset/New_gym_dataset/OHP\Test\Leg_Drive\PXL_20250420_135913368_Sports2D
145.54633535696817,156.50344348905637,136.39780374886558,101.59740601285448,74.90730648162389,132.902516243344,109.36097112465569,109.40595973240033,-2.1852525307556214,0.3440491167211261,-1.6157824201135815,-1.5547854527174434,-1.215285508346161,0.6848859408197272,-0.5492317332617894,-1.1790689641108616,0.8544124906441323,1.8639549049305888,55.41327112294774,1.9793826105427272,1.9823897015999692,1.9272497421753154,2.1884322024096146,Leg_Drive,D:/ML Projects/AIL721/Course Project/New/New_gym_dataset/New_gym_dataset/OHP\Test\Leg_Drive\PXL_20250420_135913368_Sports2D
157.80613589171193,165.03075823081684,129.0839132336524,95.11156488450166,83.17052547984173,127.36600359799577,105.36438958812981,112.39676182881259,-2.367926650698869,0.26256625210259193,-1.8063254383933554,-1.6164785848764576,-1.3238988615862903,0.5494414218728091,-0.6983432897733737,-1.1598745537690174,0.8456864799615357,1.7093159756418266,53.21925029537839,1.8201870447870336,1.9611745004054704,2.1071909636474015,2.392233337265185,Leg_Drive,D:/ML Projects/AIL721/Course Project/New/New_gym_dataset/New_gym_dataset/OHP\Test\Leg_Drive\PXL_20250420_135913368_Sports2D
168.26267072567785,172.2925671514317,122.67960209861364,90.1059829994268,90.33550564979058,123.121090747831,102.07283492411275,115.41365789926273,-2.472564597786486,0.18139042037675673,-1.883381730618718,-1.6309841213975231,-1.3910387971164906,0.41271317658849205,-0.784802485235911,-1.1090193883740245,0.838526928397187,1.5217325649625164,50.47135806246688,1.6380453183932266,1.9057381589913032,2.2129562780601746,2.4730126378081816,Leg_Drive,D:/ML Projects/AIL721/Course Project/New/New_gym_dataset/New_gym_dataset/OHP\Test\Leg_Drive\PXL_20250420_135913368_Sports2D
175.9902577828958,177.87795972298736,118.9366512130553,85.45112414798952,95.64401183627724,120.03178719732205,99.65375405338155,117.9097469203092,-2.5398334962666826,0.10925444585596493,-1.9307325196585197,-1.6385796740399499,-1.4251245778539234,0.29886923914261504,-0.8300209128201947,-1.0555431143211211,0.8233279652006712,1.3544123534637362,55.49159413840362,1.4793854113623512,1.850926284425543,2.276228365873884,2.531679462427055,Leg_Drive,D:/ML Projects/AIL721/Course Project/New/New_gym_dataset/New_gym_dataset/OHP\Test\Leg_Drive\PXL_20250420_135913368_Sports2D
179.93923216568,179.4249134787232,117.29210902207465,83.00662407984456,98.60447063117317,118.90320373309235,98.54370279684987,119.47829025436906,-2.577042047883495,0.060690441401435126,-1.9806795575519291,-1.6753406692778186,-1.4349980945926528,0.23226071493075134,-0.8486832675491643,-1.035454079902189,0.810076643269805,1.2677147948329401,61.95821172473118,1.396734003827987,1.8356067762788166,2.3096933860550704,2.604615803038993,Leg_Drive,D:/ML Projects/AIL721/Course Project/New/New_gym_dataset/New_gym_dataset/OHP\Test\Leg_Drive\PXL_20250420_135913368_Sports2D
179.7282395043877,179.40032074846667,115.75248992303094,85.06551472173734,99.1289589024103,119.94696354717853,98.85719840679772,120.54664279871146,-2.5681133384200434,0.04896886027228521,-1.9739938555167265,-1.7280867731157397,-1.43103180820188,0.22616091511039196,-0.8380172964568275,-1.0576992100477576,0.8203370817434249,1.2838601251581494,58.110433002153435,1.4142004921903124,1.8737408262941324,2.310579944863818,2.6161441408827186,Leg_Drive,D:/ML Projects/AIL721/Course Project/New/New_gym_dataset/New_gym_dataset/OHP\Test\Leg_Drive\PXL_20250420_135913368_Sports2D
177.60222055687575,179.12658116724967,114.88667979198809,89.45124052783449,97.61615282127914,121.95407314110177,100.01393226440325,121.08065430835155,-2.5109547005490622,0.07457098597486231,-1.9003517075340683,-1.75153380159563,-1.407806089995733,0.2693624476026396,-0.7997312063304608,-1.0881038162115768,0.843364881534231,1.3574662638142165,51.499373729109124,1.4874373000359586,1.9254855777872608,2.2689918724487743,2.5442410729468476,Leg_Drive,D:/ML Projects/AIL721/Course Project/New/New_gym_dataset/New_gym_dataset/OHP\Test\Leg_Drive\PXL_20250420_135913368_Sports2D
174.4637517764202,176.85625615194132,116.50031643899838,91.63970156718153,95.42639762646212,123.56641563264206,100.96264585004212,120.42267178458351,-2.445797590428603,0.11106244635437351,-1.8377882303911202,-1.7366406504524003,-1.3710964646263746,0.3192361476048088,-0.7549448930879059,-1.1007641382243938,0.8487252118326534,1.4200002858292025,52.00439233901355,1.5479158797765278,1.9451689170461606,2.203764513870925,2.478172860377518,Leg_Drive,D:/ML Projects/AIL721/Course Project/New/New_gym_dataset/New_gym_dataset/OHP\Test\Leg_Drive\PXL_20250420_135913368_Sports2D
172.53746410674898,174.123391161289,119.472663699891,91.22688520763022,94.05314065612744,124.75268956364863,101.51567654937848,118.87608072493758,-2.3948567164258487,0.12662498542558806,-1.8086442079702554,-1.7080971582504827,-1.3407735959104083,0.3413809796487629,-0.7184546343413183,-1.1068738580178847,0.8336371611077743,1.4482548376666478,54.795063127804596,1.5763004043497797,1.9260972066760065,2.1384817081303673,2.4523036696706844,Leg_Drive,D:/ML Projects/AIL721/Course Project/New/New_gym_dataset/New_gym_dataset/OHP\Test\Leg_Drive\PXL_20250420_135913368_Sports2D
170.90590781591445,171.3972090761326,121.39751877193807,91.22296462355173,93.52993538580957,126.15041878129928,102.62402756989512,117.54762785743186,-2.337830100458061,0.11726314832511905,-1.7569163202237457,-1.6784182825174057,-1.314160249089814,0.346531247434131,-0.6839006706465752,-1.118707529664051,0.8198776291983649,1.4652387770981818,51.6272818995484,1.595039751896994,1.8873083005006839,2.0723321068578957,2.4049216286746433,Leg_Drive,D:/ML Projects/AIL721/Course Project/New/New_gym_dataset/New_gym_dataset/OHP\Test\Leg_Drive\PXL_20250420_135913368_Sports2D
167.69585867815346,168.88069297965845,122.18468867258619,93.25439537290823,92.4867554365019,127.92583948199636,104.79089675834844,116.80653246165478,-2.282497477650656,0.10345424646547519,-1.6730753214244192,-1.6537747057408536,-1.2808069533531554,0.36794204613847153,-0.6408996589576764,-1.132237543191638,0.8224276645893861,1.5001795893301095,45.56907291789938,1.630956819067629,1.8599056306629076,2.021625639190721,2.31857792559719,Leg_Drive,D:/ML Projects/AIL721/Course Project/New/New_gym_dataset/New_gym_dataset/OHP\Test\Leg_Drive\PXL_20250420_135913368_Sports2D
162.36059577069943,166.13654381675067,123.53372035216084,96.52118994434022,89.81396057498064,129.8688708714818,107.45336480428122,116.00541468823243,-2.258354024939491,0.10505880898716301,-1.6072038727022393,-1.6364167884859377,-1.2539292433773885,0.42085414304055907,-0.5904686720103395,-1.140402948842005,0.8353501811638194,1.5612570918825641,46.81380610105206,1.696379567405919,1.859229350390341,2.0079793577441647,2.2422070192885446,Leg_Drive,D:/ML Projects/AIL721/Course Project/New/New_gym_dataset/New_gym_dataset/OHP\Test\Leg_Drive\PXL_20250420_135913368_Sports2D
155.66328953873318,162.5077067591086,126.2614454364461,99.8952308975069,85.84226597316078,131.9989423071137,110.17897643442761,114.50664906622231,-2.2407855656714695,0.12787943721278927,-1.5636001315202146,-1.6131853316009896,-1.242981764495823,0.4945841224132072,-0.5345197197343924,-1.1440621359442702,0.84708749756179,1.6386462583574775,52.55801717045645,1.7852394878269155,1.868123829255224,1.9970665501209564,2.1821282837931366,Leg_Drive,D:/ML Projects/AIL721/Course Project/New/New_gym_dataset/New_gym_dataset/OHP\Test\Leg_Drive\PXL_20250420_135913368_Sports2D
148.81672619998335,157.60899524144676,129.496043190299,103.55416041474453,81.83700697001731,134.8872105750608,113.02028077003398,112.49620581650755,-2.163666601847019,0.16605525431664703,-1.4813653361231311,-1.5694393884768807,-1.223920819146689,0.5653463043609539,-0.4637787032812526,-1.148020149238486,0.8541590116465828,1.71336645359944,53.03598412255738,1.874417413660123,1.8647993651793893,1.9214727489703618,2.082632965459197,Leg_Drive,D:/ML Projects/AIL721/Course Project/New/New_gym_dataset/New_gym_dataset/OHP\Test\Leg_Drive\PXL_20250420_135913368_Sports2D
142.55090780384774,151.43725620128387,132.37747903702493,107.98195053848663,78.41023768379026,138.76966725930183,115.85932987994252,110.20692346058571,-2.016144142891219,0.21293300185387393,-1.3411116898230724,-1.5045122956187373,-1.178785635101809,0.6187981756179565,-0.37428800445028504,-1.1486577930410384,0.8590696508166353,1.7674559686589948,48.43927121322726,1.9419364147345868,1.8453420177587638,1.773491600285149,1.925127698137544,Leg_Drive,D:/ML Projects/AIL721/Course Project/New/New_gym_dataset/New_gym_dataset/OHP\Test\Leg_Drive\PXL_20250420_135913368_Sports2D
136.1208998803498,144.34353950955185,135.3903323030955,112.9997993357455,74.78890133919552,143.1790329780366,118.66800145884571,107.52257248758843,-1.8540220002282426,0.26551122899713103,-1.1913246702492832,-1.4211551025299147,-1.1180805073540006,0.6678933868060997,-0.271626472921236,-1.1307769768283142,0.8644570603938068,1.798670363634414,44.51734064409898,1.9878882034521606,1.812184059379219,1.6113167030461657,1.749084213139073,Leg_Drive,D:/ML Projects/AIL721/Course Project/New/New_gym_dataset/New_gym_dataset/OHP\Test\Leg_Drive\PXL_20250420_135913368_Sports2D
128.23094226557288,136.34746680876765,139.58469853116534,119.04756745247072,69.70365176875765,148.3359177523937,121.47270950318479,104.68338456116135,-1.7339621767908588,0.3219343718294859,-1.073204665616255,-1.3323200199117973,-1.0567896853785146,0.7364626712965607,-0.1606745882567304,-1.0932050555248385,0.872168758397184,1.8296677268213992,45.915096651506616,2.0373282155463737,1.7813360382502175,1.493727646186495,1.5936920083862327,Leg_Drive,D:/ML Projects/AIL721/Course Project/New/New_gym_dataset/New_gym_dataset/OHP\Test\Leg_Drive\PXL_20250420_135913368_Sports2D
119.86581048493223,126.64315693086324,144.97904157781073,127.37563271838867,63.252454992566186,155.60712928876563,123.38664450763397,102.25028621962885,-1.666393634349667,0.3854085071107421,-0.9799454766130834,-1.2614857728361848,-0.9993841459513846,0.8249971870467395,-0.04356906106893026,-1.0581736254487453,0.881043548851229,1.8831708124954847,49.03648269877463,2.111851032985934,1.7842286407806194,1.4309378041556884,1.4675708698107337,Leg_Drive,D:/ML Projects/AIL721/Course Project/New/New_gym_dataset/New_gym_dataset/OHP\Test\Leg_Drive\PXL_20250420_135913368_Sports2D
113.86232942848179,114.87858917144688,151.16360807150696,137.53060181586002,56.83238531626094,165.5265952036278,122.97005588777917,100.40518437507468,-1.6303642321219547,0.462304201674102,-0.8800773548565513,-1.2206444607515563,-0.9458867495456699,0.9063006618382747,0.07904884228632869,-1.0445221519467576,0.8829804201776211,1.9508228137850325,50.36158691728422,2.203679336516128,1.8426194936983011,1.3958145177441623,1.36008118968993,Leg_Drive,D:/ML Projects/AIL721/Course Project/New/New_gym_dataset/New_gym_dataset/OHP\Test\Leg_Drive\PXL_20250420_135913368_Sports2D
110.84902352943952,103.28589292433459,158.62034563407204,146.53448495209705,50.86717312269439,176.0220037088636,120.01814959325488,99.30789663319813,-1.591525764361052,0.5486927789800872,-0.7513003174693309,-1.1960179139935345,-0.8863356220231496,0.9561323962397612,0.20410047397602085,-1.039429824828473,0.8704629442403262,1.9955622210682342,50.33103347492425,2.2740535300675524,1.9364901765257905,1.3501845344406922,1.2544469963463865,Leg_Drive,D:/ML Projects/AIL721/Course Project/New/New_gym_dataset/New_gym_dataset/OHP\Test\Leg_Drive\PXL_20250420_135913368_Sports2D
105.614176613884,93.74905560867481,168.47725475792737,154.2785061123304,43.0596551117782,174.18458401796406,117.44547849789421,99.56447159071077,-1.4901939998394342,0.6248517207287616,-0.6008709909704519,-1.146090531719823,-0.7879942787635043,0.9895449043552713,0.31906100144699445,-0.9910823776298568,0.8523033945341886,1.9806272819851285,50.18011580120075,2.2690208953612,1.9816992394436261,1.2446332811291916,1.1234041167367386,Leg_Drive,D:/ML Projects/AIL721/Course Project/New/New_gym_dataset/New_gym_dataset/OHP\Test\Leg_Drive\PXL_20250420_135913368_Sports2D
93.32416530209078,83.14416985183163,179.72333167308707,166.11403139957662,31.818114658060654,161.79118561544882,118.49394935596987,101.35298423638282,-1.3228287939856356,0.6786754512780981,-0.4617552187720519,-1.0525319436807206,-0.6504066384522067,1.0436789543362583,0.4146691800953063,-0.876562078289912,0.8471703038841149,1.9202410326261703,50.315539862604304,2.1958397306351567,1.933527022384534,1.0875088017461014,0.9616173965207573,Leg_Drive,D:/ML Projects/AIL721/Course Project/New/New_gym_dataset/New_gym_dataset/OHP\Test\Leg_Drive\PXL_20250420_135913368_Sports2D
79.52798578902019,65.77246692063117,170.21701825043502,173.355958286649,21.220154951421303,142.35282158566264,121.69216916240111,103.41964533496856,-1.1785186923812412,0.7206201917867372,-0.3527384687533692,-0.9578746693106623,-0.5271049348176612,1.1228185469300147,0.5075205443597065,-0.7526203360211258,0.85713910326685,1.8754388829511408,51.121842383588216,2.1418965628265108,1.8706303687434558,0.9661732365193382,0.8078408065170833,Leg_Drive,D:/ML Projects/AIL721/Course Project/New/New_gym_dataset/New_gym_dataset/OHP\Test\Leg_Drive\PXL_20250420_135913368_Sports2D
70.17495128978447,46.95490004322696,165.29211363633866,151.5205512136626,14.322071114872042,122.49059373512928,124.14711982508756,104.4643063080977,-1.0995749240615889,0.759326642460146,-0.2792274702612316,-0.9063668702086305,-0.4392264175254653,1.207208643631561,0.6165393260285075,-0.6753010906991598,0.8743661016724471,1.8825097343307209,52.790183156377374,2.1583521967260104,1.856745761568766,0.9154917926623461,0.7017636730434339,Leg_Drive,D:/ML Projects/AIL721/Course Project/New/New_gym_dataset/New_gym_dataset/OHP\Test\Leg_Drive\PXL_20250420_135913368_Sports2D
63.907663116798545,35.02078278925343,161.50720473911906,137.2738949783344,8.723845661821342,110.05725405563214,124.81618254502277,104.9635287336213,-1.0349400304659295,0.7901336224978586,-0.23677691832161435,-0.8849810562879229,-0.3543236132880901,1.263459501643638,0.7282887670095278,-0.6270507847520417,0.8892835767645724,1.8905102863956798,54.49258696951618,2.178549680163744,1.855552085141102,0.8771675351225933,0.6407394621712773,Leg_Drive,D:/ML Projects/AIL721/Course Project/New/New_gym_dataset/New_gym_dataset/OHP\Test\Leg_Drive\PXL_20250420_135913368_Sports2D
59.21302155792653,25.979960038250184,154.80131496004051,126.4553490357608,1.6765547109518435,99.58010928484941,122.46353315302538,106.39985075340077,-0.933231919461909,0.8213861317629892,-0.14548039970310866,-0.8307196520472088,-0.2497393198884804,1.2562076114103091,0.8206872167051409,-0.5463637934248765,0.891992965022779,1.8025714048351857,55.454254753178894,2.0964438079217174,1.8303021547770215,0.8006619297973171,0.534815773149929,Leg_Drive,D:/ML Projects/AIL721/Course Project/New/New_gym_dataset/New_gym_dataset/OHP\Test\Leg_Drive\PXL_20250420_135913368_Sports2D
57.3089001166323,18.29950579906357,144.87116572605746,116.13907802634654,7.224535215887326,88.2347789682913,115.46656466748038,110.06472683077234,-0.7982059834000753,0.8857348556081678,0.14961250491408198,-0.7007972660064434,-0.13786453455020198,1.200228686328962,0.9160815742279221,-0.42084435172059725,0.8837305175552637,1.621073038049559,55.98418860903502,1.9335667029869377,1.8480920052056649,0.7178793752455032,0.2723356506884593,Leg_Drive,D:/ML Projects/AIL721/Course Project/New/New_gym_dataset/New_gym_dataset/OHP\Test\Leg_Drive\PXL_20250420_135913368_Sports2D
58.55071460572101,20.105246580399495,134.3391403453286,109.34008100372543,16.609479563831762,80.28870091288587,104.83980583044723,119.81654566751362,-0.6580218610307165,0.9844001135387582,0.6256855629880458,-0.5379176275476174,-0.029895247378287998,1.1508252588288754,1.0395435716977677,-0.30074017342422144,0.8741846016511166,1.4515654322530969,56.347357791175284,1.802981306575004,1.9913201790036708,0.6869917279103376,0.3959412797046144,Leg_Drive,D:/ML Projects/AIL721/Course Project/New/New_gym_dataset/New_gym_dataset/OHP\Test\Leg_Drive\PXL_20250420_135913368_Sports2D
58.152513325292425,31.552288643893586,125.718663309069,106.2056727782425,24.767275252217956,76.69161133952949,97.08021142248961,134.8606773043641,-0.5483928206143781,1.0531935715045166,0.9274951598711593,-0.44359806152678927,0.07454176364299703,1.1305657005855037,1.151075969873624,-0.22110195203639485,0.8702348199264931,1.3516676526218985,56.018542183039706,1.7279847627594982,2.1020538821957446,0.6879440328712021,0.681229376612138,Leg_Drive,D:/ML Projects/AIL721/Course Project/New/New_gym_dataset/New_gym_dataset/OHP\Test\Leg_Drive\PXL_20250420_135913368_Sports2D
52.3392856426613,19.834722134389004,119.20103318271961,103.67224561073222,31.399179200036684,74.27245799348854,96.26153515730202,125.56226414090048,-0.4924944907577452,1.0430598641774302,0.7934998491812779,-0.4553223535024933,0.16967503594857183,1.1157141359059377,1.1951555792866768,-0.1681650314881344,0.8712156307856207,1.2838791673940722,55.12059952861605,1.6431543023202388,1.9745710198963748,0.6557658442477493,0.5484040598905853,Leg_Drive,D:/ML Projects/AIL721/Course Project/New/New_gym_dataset/New_gym_dataset/OHP\Test\Leg_Drive\PXL_20250420_135913368_Sports2D
45.86407206939064,8.71229096816501,114.09331701830672,100.70750008396976,36.480323155740955,71.28114025801743,97.65560477486842,117.43115071014762,-0.47317947819805767,1.002036898791429,0.47318038746743984,-0.4868857345620164,0.24460845737374873,1.098519354551035,1.1862473585745361,-0.1167749379985077,0.8709878709222671,1.2152942925495427,54.81871084552722,1.5374082209218602,1.7642243631280512,0.6105240084856398,0.2332598688609381,Leg_Drive,D:/ML Projects/AIL721/Course Project/New/New_gym_dataset/New_gym_dataset/OHP\Test\Leg_Drive\PXL_20250420_135913368_Sports2D
42.741094197811016,2.286791350082923,110.80935423433311,97.95955119575389,39.356898631753594,68.12580406184064,97.90200717043541,114.1609872882425,-0.4629563793387592,1.0003165313419777,0.29419591755366414,-0.4571452299977202,0.3031474868047322,1.1066495823959759,1.1781658049675872,-0.06059665335389151,0.8674725858963128,1.1672462357498674,55.84698929616429,1.4588080175241658,1.642398972983388,0.6057233323328389,0.05112721459693903,Leg_Drive,D:/ML Projects/AIL721/Course Project/New/New_gym_dataset/New_gym_dataset/OHP\Test\Leg_Drive\PXL_20250420_135913368_Sports2D
42.09534345113788,2.9952752009451866,109.42551106050112,95.57067067408678,40.32873372031381,65.32491545490169,97.5759228285483,111.67980934415313,-0.454098809556705,1.046633421230541,0.25915019177504955,-0.37077857975625705,0.3621352174187193,1.155193203170996,1.1932919746122503,0.0005803220821752027,0.8638728251309441,1.1546128810888208,58.02093561710849,1.422656831496863,1.5867516877073564,0.6471127995971061,0.06159139953750838,Leg_Drive,D:/ML Projects/AIL721/Course Project/New/New_gym_dataset/New_gym_dataset/OHP\Test\Leg_Drive\PXL_20250420_135913368_Sports2D
42.05543450759633,8.60971615479663,108.95865237009166,93.20376195741294,40.54734379807695,62.70975812558158,97.39722169432672,108.68052571962178,-0.44605056128553583,1.1195920284842167,0.26076604445655405,-0.2556886006366955,0.4331633401770342,1.2337386245118869,1.2253322109772173,0.07043366824851646,0.8616822710729456,1.1633049562633706,60.68491812997936,1.407412498570252,1.5462815147921742,0.7150994773556182,0.1752940373959272,Leg_Drive,D:/ML Projects/AIL721/Course Project/New/New_gym_dataset/New_gym_dataset/OHP\Test\Leg_Drive\PXL_20250420_135913368_Sports2D
98.87689377664606,132.45414953088357,81.12275863827539,124.1570349970366,79.97223289716868,105.2520265324807,161.09533912052262,57.706176063364275,0.8913633948561498,0.6041427573724881,1.1673953470760063,-0.20185063530698927,0.8735552246016773,0.6561423627299746,0.5646286685638725,-0.5828129775203428,0.9460570402319516,1.2389553402503175,161.0949179457857,1.2768891698813014,0.8519501086855259,1.0614921146183651,1.0413246997172232,Leg_Drive,D:/ML Projects/AIL721/Course Project/New/New_gym_dataset/New_gym_dataset/OHP\Test\Leg_Drive\PXL_20250420_135918014_Sports2D
98.87686641637974,132.45415113325882,81.12275597579784,124.1570444921014,79.97223539758085,105.25203586548007,161.0953689812011,57.70618699873886,0.8913637404018352,0.6041426720750481,1.1673956486716206,-0.201850673455106,0.8735555665442545,0.6561423763677833,0.5646286664948986,-0.58281304659408,0.9460570393154929,1.2389554229618631,161.094762098354,1.276889333364765,0.8519500498397482,1.0614924483664618,1.0413249795611692,Leg_Drive,D:/ML Projects/AIL721/Course Project/New/New_gym_dataset/New_gym_dataset/OHP\Test\Leg_Drive\PXL_20250420_135918014_Sports2D
98.87837417454487,132.45423171101066,81.12268828813828,124.15703788565472,79.97230371016124,105.25202988395417,161.09392953561638,57.706261594964836,0.8913677309282729,0.6041420113241721,1.1673989326367151,-0.20184960224372725,0.8735581504558388,0.6561415608469919,0.5646286090795414,-0.5828129889539047,0.9460570428493379,1.2389545498008965,161.09493514045693,1.2768891251817096,0.8519481823787128,1.0614963213819477,1.0413284346200349,Leg_Drive,D:/ML Projects/AIL721/Course Project/New/New_gym_dataset/New_gym_dataset/OHP\Test\Leg_Drive\PXL_20250420_135918014_Sports2D
98.88135920598354,132.45437558680695,81.12257415089834,124.15697692869415,79.97241985434208,105.25197093393454,161.09106064835854,57.7063465207415,0.8913734968723914,0.6041412000102971,1.167403589662804,-0.20184738592598855,0.8735612803534204,0.65613995221759,0.564628511295958,-0.582812527431559,0.946057054198325,1.2389524796491491,161.09605757066262,1.2768878974390379,0.851944958776949,1.061501925819063,1.0413335256029344,Leg_Drive,D:/ML Projects/AIL721/Course Project/New/New_gym_dataset/New_gym_dataset/OHP\Test\Leg_Drive\PXL_20250420_135918014_Sports2D
98.87929251188264,132.45423560264257,81.12270442889724,124.15689563384002,79.97229017230596,105.25189023504329,161.09299766042332,57.706125837685875,0.8913639989090614,0.6041430433141813,1.167395607336161,-0.20184867397874,0.87355399121691,0.6561410812787649,0.5646286199778593,-0.5828119508439693,0.946057057568416,1.2389530321227344,161.0972920200117,1.2768866436772304,0.8519484122854178,1.0614927231772915,1.0413254884555077,Leg_Drive,D:/ML Projects/AIL721/Course Project/New/New_gym_dataset/New_gym_dataset/OHP\Test\Leg_Drive\PXL_20250420_135918014_Sports2D
98.8601467950775,132.45323662240577,81.12353318785465,124.15705351831797,79.97145228886863,105.25203899504116,161.11130549379115,57.70527561744694,0.8913166293290004,0.6041506651045258,1.1673567610167515,-0.20186242307822988,0.8735242518376505,0.6561514269725798,0.5646293244392145,-0.5828132196759884,0.9460570059706745,1.2389646466485682,161.093889532952,1.2768905480962323,0.8519713919047363,1.061446735805099,1.0412843225325719,Leg_Drive,D:/ML Projects/AIL721/Course Project/New/New_gym_dataset/New_gym_dataset/OHP\Test\Leg_Drive\PXL_20250420_135918014_Sports2D
98.83457243066029,132.45206631237335,81.12443185589997,124.1577666235489,79.97053335825197,105.25273183770085,161.1359609275917,57.70479815007418,0.8912757416361043,0.6041556349022926,1.16732421766432,-0.20188179149064794,0.8735053544273281,0.6561651846681061,0.56463009882482,-0.5828185586802311,0.9460568913883968,1.2389837433483373,161.0811631705587,1.2769043189702873,0.8519971208071395,1.0614069483414825,1.0412476818222112,Leg_Drive,D:/ML Projects/AIL721/Course Project/New/New_gym_dataset/New_gym_dataset/OHP\Test\Leg_Drive\PXL_20250420_135918014_Sports2D
98.88408114786118,132.45495934299603,81.12189537650411,124.15830605369169,79.97307819725714,105.25327962745288,161.08899704939597,57.70823897044891,0.8914404921252043,0.6041260899777633,1.1674611877123842,-0.20184812712574646,0.8736215680368197,0.6561383129587673,0.5646279625889522,-0.5828221542761102,0.9460569386609442,1.2389604672348775,161.07452395497094,1.2769103678718168,0.8519283203580253,1.0615667165042082,1.0413887654937357,Leg_Drive,D:/ML Projects/AIL721/Course Project/New/New_gym_dataset/New_gym_dataset/OHP\Test\Leg_Drive\PXL_20250420_135918014_Sports2D
99.10792672186625,132.46638728905094,81.11252325899358,124.15568226611532,79.98256956680841,105.25077509191723,160.87464284494217,57.71716238096816,0.891960193783147,0.6040449567419094,1.1678858527444473,-0.2016856894006202,0.8739373770619222,0.6560173462733478,0.5646199767206612,-0.5828016742248381,0.9460576130141617,1.2388190204981857,161.12697923355768,1.276851526099241,0.851667096585565,1.0620714117234484,1.0418421182388284,Leg_Drive,D:/ML Projects/AIL721/Course Project/New/New_gym_dataset/New_gym_dataset/OHP\Test\Leg_Drive\PXL_20250420_135918014_Sports2D
99.27798362417205,132.4731916549416,81.10778563083491,124.14797601346098,79.98748953506615,105.24325117936209,160.7095059108941,57.71644283430365,0.8920995620371495,0.6040427313907138,1.1679877494287971,-0.20155107839094233,0.8739398563535806,0.6559263040678853,0.5646158162012126,-0.5827446670995443,0.9460586441133932,1.2386709711674297,161.25971551867707,1.276709495785571,0.8515255006755653,1.0622078836785471,1.0419771500027455,Leg_Drive,D:/ML Projects/AIL721/Course Project/New/New_gym_dataset/New_gym_dataset/OHP\Test\Leg_Drive\PXL_20250420_135918014_Sports2D
98.45309142719398,132.42757542793882,81.14674094800269,124.14683346884595,79.9482693468434,105.24184376369207,161.49517791964945,57.669419191630865,0.8897086726581773,0.6044528446830292,1.1660114580606638,-0.202126550961081,0.8723318332735159,0.6563722214509119,0.5646487452223583,-0.5827416705335517,0.9460571463138586,1.2391138919844638,161.24264036113036,1.2767427775325702,0.8525922534827479,1.059888328971079,1.0399168744733491,Leg_Drive,D:/ML Projects/AIL721/Course Project/New/New_gym_dataset/New_gym_dataset/OHP\Test\Leg_Drive\PXL_20250420_135918014_Sports2D
96.01284804231267,132.30590048801068,81.24487668588434,124.18402487093823,79.84870227126203,105.27760382808454,163.8358542289494,57.58350431609524,0.8844835152257154,0.6052383859284924,1.161760334837148,-0.20390042853465987,0.869283687852848,0.6576789999671212,0.5647321561279665,-0.583027188761509,0.9460490519994325,1.2407061887286301,160.52986007059195,1.2775380550987494,0.8553292089977207,1.0548140995439632,1.0353381429885717,Leg_Drive,D:/ML Projects/AIL721/Course Project/New/New_gym_dataset/New_gym_dataset/OHP\Test\Leg_Drive\PXL_20250420_135918014_Sports2D
95.68559197677921,132.3114913959039,81.23010413483976,124.26005193842752,79.86212560130467,105.35228167457194,164.17653362452546,57.66377307047582,0.8868343583882083,0.604626043381759,1.1638318338563831,-0.204309315478084,0.8717448737719851,0.6578679104728234,0.5647213916257978,-0.5835816192430441,0.9460414215200822,1.2414495297158676,159.2579425861606,1.2788511850175996,0.85504620707272,1.0570815618155491,1.0372208221354025,Leg_Drive,D:/ML Projects/AIL721/Course Project/New/New_gym_dataset/New_gym_dataset/OHP\Test\Leg_Drive\PXL_20250420_135918014_Sports2D
106.91332660419367,132.92102651566708,80.7104255002798,124.21363138977516,80.3865708399985,105.31062773005343,153.47324423580483,58.231654245720534,0.9179591485089168,0.5994584310576426,1.1894542535977983,-0.1960193599837645,0.8919573481725427,0.6515490436097007,0.5642750155006938,-0.5831689004315054,0.9460683765611935,1.234717944041206,160.53964748374486,1.2774600238295548,0.8405322766719547,1.0873174465325712,1.0641585168965253,Leg_Drive,D:/ML Projects/AIL721/Course Project/New/New_gym_dataset/New_gym_dataset/OHP\Test\Leg_Drive\PXL_20250420_135918014_Sports2D
127.03432887003855,133.9920394150184,79.83766812054353,123.73683396510114,81.27516116867868,104.84966325432326,134.24083229864013,58.84170266934166,0.9644904098881205,0.5928639111647779,1.2270654519158688,-0.17835349529824454,0.9174141884620446,0.6387088572983476,0.5634907483176779,-0.5795687822576443,0.9461578645401333,1.218277639555992,168.8879238660568,1.2686458168163965,0.8146913162219324,1.1326947658818982,1.1052335092980852,Leg_Drive,D:/ML Projects/AIL721/Course Project/New/New_gym_dataset/New_gym_dataset/OHP\Test\Leg_Drive\PXL_20250420_135918014_Sports2D
118.42242633461123,133.0845134733537,80.73498927956628,123.07702220716473,80.38337988031064,104.19539136704164,141.96095354569943,57.27990484039534,0.8938852065058318,0.6067106359420371,1.1676386000223333,-0.18725656264087254,0.8626220653488682,0.6466694716114416,0.5642837394709364,-0.5749023949029722,0.946189158879656,1.221571866514414,177.19886077672953,1.2574750819587464,0.8398361940803659,1.0641143615829856,1.0456579242583157,Leg_Drive,D:/ML Projects/AIL721/Course Project/New/New_gym_dataset/New_gym_dataset/OHP\Test\Leg_Drive\PXL_20250420_135918014_Sports2D
11.76683346936204,119.91625829150678,88.9071439711188,124.2597756405882,72.14081840692526,105.30773801863226,119.62601506243676,45.22399631013902,0.5212010716515776,0.6668548873662757,0.8619017544008489,-0.29459250408479465,0.627889968818009,0.7275267076660088,0.569807461185466,-0.5844118101329265,0.9457907778491766,1.3119385177989353,153.36791987255788,1.3132236108817688,1.0200284514433346,0.7105734858866892,0.7218802045511115,Leg_Drive,D:/ML Projects/AIL721/Course Project/New/New_gym_dataset/New_gym_dataset/OHP\Test\Leg_Drive\PXL_20250420_135918014_Sports2D
24.41260488956961,3.788180753144229,115.13681596545362,129.75540541967766,45.74281633837303,110.63503772350434,109.84457877205739,65.57678152335149,-0.10479331556178578,0.7589867322151628,0.34692743756425265,-0.5235840335797558,0.26863260621329155,0.8937566302603329,0.5765236569402,-0.6278457049102155,0.9448325319361889,1.5216023351705483,81.43295120199879,1.5524401970814161,1.359793884409148,0.29257767324439454,0.19016377503090112,Leg_Drive,D:/ML Projects/AIL721/Course Project/New/New_gym_dataset/New_gym_dataset/OHP\Test\Leg_Drive\PXL_20250420_135918014_Sports2D
51.54050257665496,32.55989974440478,143.2844303077051,135.22309111950227,17.436934284816555,115.94445571202392,111.02256313852848,96.61544403238086,-0.5562871560982651,0.8342582967837637,-0.05747675123477851,-0.7563515813471271,0.01803860824499932,1.0549808379732932,0.5942488499936697,-0.680766327009703,0.9439241289940694,1.735747164982996,64.83495727850264,1.8288894071109298,1.6669887835278445,0.5331985026540635,0.36112248406898667,Leg_Drive,D:/ML Projects/AIL721/Course Project/New/New_gym_dataset/New_gym_dataset/OHP\Test\Leg_Drive\PXL_20250420_135918014_Sports2D
43.49355038637732,32.261981509404364,139.55387305383326,129.74270587318173,21.064516698328553,110.36109562534358,115.44193291529415,101.9008858840608,-0.35893304637384477,0.8727900471360505,0.0009409903611077685,-0.8011087967881918,0.06652395245524877,1.075193600022437,0.6723506657297529,-0.6596097442679113,0.9433292203715417,1.734803344290348,61.828217163625666,1.8375441899116234,1.7121467991988377,0.44514279218772973,0.3684488804621897,Leg_Drive,D:/ML Projects/AIL721/Course Project/New/New_gym_dataset/New_gym_dataset/OHP\Test\Leg_Drive\PXL_20250420_135918014_Sports2D
48.840578941120626,24.92261032797215,120.88956727349927,120.17950351300246,39.58173217994628,100.65080296644798,170.74115323882563,104.27180736152418,0.24792696037408493,0.8806229530490515,0.3746711450314724,-0.6708821469191765,0.2353083362654727,0.9580288751178007,0.7376981434683916,-0.5785379364720445,0.942474162625793,1.5365668115898452,62.15908470337101,1.6166116060639824,1.556673428684349,0.5829896742919481,0.2879714135069966,Leg_Drive,D:/ML Projects/AIL721/Course Project/New/New_gym_dataset/New_gym_dataset/OHP\Test\Leg_Drive\PXL_20250420_135918014_Sports2D
118.62774960999312,34.41815014509102,126.45313122598206,131.26113625986835,34.00551240719638,111.71977989304676,95.37776279720325,102.69837025204424,0.3390174461685065,0.8261919799207326,0.4049388972576419,-0.6395602336435592,0.0881814364918275,0.8498047450336434,0.5230680430451639,-0.6129422116382703,0.9424003021715165,1.4627469566719138,63.533585221382246,1.5260258909377724,1.4672338563713414,0.6183198467807018,0.29128023894318356,Leg_Drive,D:/ML Projects/AIL721/Course Project/New/New_gym_dataset/New_gym_dataset/OHP\Test\Leg_Drive\PXL_20250420_135918014_Sports2D
53.243371196843675,131.55349347646316,159.01506564338442,132.95195184843524,40.212417843717944,152.17943533553748,166.96904664687426,103.73292881200061,-0.4758131027941467,0.6908391210968176,-0.24359971168498193,-0.8747542979496019,-0.4486840785011814,0.8080588816900739,-0.01882903584372718,-0.8198242383758994,0.9442185117193099,1.6278831200659734,64.53296143838266,1.6836801389497267,1.5827210154578335,0.3803408080694778,0.5734098540952205,Leg_Drive,D:/ML Projects/AIL721/Course Project/New/New_gym_dataset/New_gym_dataset/OHP\Test\Leg_Drive\PXL_20250420_135918014_Sports2D
140.95776358237586,161.12845224141594,127.86593697714197,108.40857282865726,71.14426488220874,127.41877468800794,110.18650129983287,108.5472269294239,-1.5857091437306439,0.5345319338923865,-1.1747276567586915,-1.2339308476918696,-0.987664656095667,0.7544095046662685,-0.5644278236936765,-1.02916785820384,0.9454605912364195,1.7835773628701086,64.67537313921366,1.833106005021085,1.815589819447774,1.4241824478776168,1.5390221234234942,Leg_Drive,D:/ML Projects/AIL721/Course Project/New/New_gym_dataset/New_gym_dataset/OHP\Test\Leg_Drive\PXL_20250420_135918014_Sports2D
159.8216224241792,170.09797488225573,117.8270450918008,102.44744265813361,81.2768685906655,121.55135634059981,101.45524616648629,111.64933122285547,-2.277688771449958,0.42839749122112936,-1.8216891419739243,-1.481620092129239,-1.2429758838989446,0.638070670599273,-0.8548785912720087,-1.0978694821525232,0.9449265587962431,1.7359401527517961,63.37334245231425,1.7787938954472176,1.9636962165237937,2.1145067590231057,2.2270909563378924,Leg_Drive,D:/ML Projects/AIL721/Course Project/New/New_gym_dataset/New_gym_dataset/OHP\Test\Leg_Drive\PXL_20250420_135918014_Sports2D
172.02851075781527,175.8010669755774,110.74234513781971,99.39147245570531,88.30588812504728,118.43970571857227,96.27737736723209,114.2407726941496,-2.4372232878779174,0.3778837155277429,-2.012054814742534,-1.550689530016496,-1.2766061539667763,0.5055532173834255,-0.9167081430649923,-1.0574840149213551,0.9452441678043293,1.5630372323047808,59.004883710525945,1.6039363976860332,1.9748830329863372,2.2760138681220927,2.4277324044672217,Leg_Drive,D:/ML Projects/AIL721/Course Project/New/New_gym_dataset/New_gym_dataset/OHP\Test\Leg_Drive\PXL_20250420_135918014_Sports2D
178.98973470265585,178.8035602223245,106.40340093808923,98.36416621270081,92.66822657865461,117.43579372944475,93.678491875999,116.23935395176987,-2.3313141256362795,0.3524071792990832,-1.913651680741489,-1.5235382293300714,-1.2505446981885469,0.4218900088966977,-0.8731195820598411,-1.0106449207868948,0.9451108323872308,1.4325349296835925,52.26051538350221,1.4814202790053679,1.9218774919417467,2.1712659465196107,2.3277896282686217,Leg_Drive,D:/ML Projects/AIL721/Course Project/New/New_gym_dataset/New_gym_dataset/OHP\Test\Leg_Drive\PXL_20250420_135918014_Sports2D
179.9437413246292,177.16132999025592,106.09140963796334,99.42300377532479,93.64088924823382,119.1553026615219,93.58463057287076,116.31663265177808,-2.1413232510487994,0.3460303403366954,-1.6879660199878979,-1.4506160083081665,-1.2250175150449747,0.403432645690557,-0.8052960407823441,-1.0140544641175335,0.941280367248178,1.4174871098080906,53.70763654803165,1.4783219616948433,1.8529627306165988,1.976442368718661,2.099519187939384,Leg_Drive,D:/ML Projects/AIL721/Course Project/New/New_gym_dataset/New_gym_dataset/OHP\Test\Leg_Drive\PXL_20250420_135918014_Sports2D
177.68814877379629,170.75444451897744,107.92152521085124,102.01316385190253,92.47127561672704,122.40596467948082,94.78312684293098,113.1604091984583,-1.9039645400837168,0.3648240112000329,-1.4087969246690621,-1.33792706593092,-1.1836338813215,0.42509824437300464,-0.7537432572680675,-1.0577063307714438,0.9373257799135573,1.4828045751444485,62.20704700405788,1.543863775311267,1.7732885264462903,1.7328514054266555,1.8059859883933695,Leg_Drive,D:/ML Projects/AIL721/Course Project/New/New_gym_dataset/New_gym_dataset/OHP\Test\Leg_Drive\PXL_20250420_135918014_Sports2D
173.79896865294526,161.3790822961162,109.96034230470404,105.08792119935188,90.32116001134769,125.36942351540367,96.52219135840242,106.74850581151983,-1.709619772642875,0.39721201554417235,-1.198045169698187,-1.247010644600356,-1.128536395933064,0.4636460959233285,-0.7200460139208169,-1.1031628221063852,0.9380008923422868,1.5668089180297138,66.83427677746799,1.6191833058100475,1.7219688529444326,1.537979703921186,1.576684013666744,Leg_Drive,D:/ML Projects/AIL721/Course Project/New/New_gym_dataset/New_gym_dataset/OHP\Test\Leg_Drive\PXL_20250420_135918014_Sports2D
168.4166723583064,156.19739238668132,112.89993005794793,107.8474541102971,86.86152096069006,127.608905128935,98.44484860238376,103.80629751561634,-1.6936820900162435,0.4319223260400979,-1.187873875246375,-1.2522782176742113,-1.0924492790077207,0.5211855995525025,-0.685433321734594,-1.1288084232424873,0.9411084611080519,1.6499940227949896,67.71534656866005,1.6994535194391613,1.7585145497198074,1.5251190432971045,1.5659953147587344,Leg_Drive,D:/ML Projects/AIL721/Course Project/New/New_gym_dataset/New_gym_dataset/OHP\Test\Leg_Drive\PXL_20250420_135918014_Sports2D
162.32890675953539,155.8211757311485,117.87405174604913,109.62790291488164,81.97362034255929,129.47557500348998,99.64471358302386,105.29675073463851,-1.864396833554274,0.4694331223801069,-1.3562888569271945,-1.3347643304256915,-1.0931246558033592,0.6005032476554388,-0.6429428538345727,-1.1396584280080078,0.9405986015351675,1.7401616756634468,67.84458833495383,1.7974499470838343,1.8743804748831003,1.6946367306451102,1.7538887909288325,Leg_Drive,D:/ML Projects/AIL721/Course Project/New/New_gym_dataset/New_gym_dataset/OHP\Test\Leg_Drive\PXL_20250420_135918014_Sports2D
156.588366179289,153.64220642615658,123.58678179147891,110.58499859761064,77.17402056206264,131.3458009511521,100.58565438277361,104.98800737730868,-2.046367097374666,0.5039254548804452,-1.505534185868272,-1.3918778685302342,-1.1076380123893264,0.6793605703022711,-0.5967194313261399,-1.1485655597687148,0.9350683962256574,1.827926130070986,67.72363536426342,1.897986231107041,1.9714386825928572,1.8694876557140438,1.9199267892322915,Leg_Drive,D:/ML Projects/AIL721/Course Project/New/New_gym_dataset/New_gym_dataset/OHP\Test\Leg_Drive\PXL_20250420_135918014_Sports2D
151.5773382466542,149.35612280497247,127.32168255225483,112.5816309425669,73.77120258040364,133.67451607522534,102.19386433374942,103.0306388801978,-2.0729102548913936,0.5205949637905789,-1.490375177918996,-1.3761923139940493,-1.093165767384537,0.7323133995068493,-0.5432747418048326,-1.1570034277941204,0.9329982312658187,1.8893168273009695,64.2309788616967,1.967713956329959,1.9842250610928331,1.893742575528271,1.9019716351266502,Leg_Drive,D:/ML Projects/AIL721/Course Project/New/New_gym_dataset/New_gym_dataset/OHP\Test\Leg_Drive\PXL_20250420_135918014_Sports2D
146.1015534255239,144.26910746887145,128.48489458687078,116.99652518479974,71.3413977933001,136.82281756497065,105.2398443677762,101.09192503384209,-1.953842382278912,0.5141810905478108,-1.350682857232842,-1.3322002245513027,-1.0381446096475098,0.763654595049932,-0.4786822956570939,-1.161248138088711,0.9407252269242125,1.924902733138643,58.08290280070962,2.0045569617299797,1.9424019597912612,1.7847955345924236,1.7475634135695108,Leg_Drive,D:/ML Projects/AIL721/Course Project/New/New_gym_dataset/New_gym_dataset/OHP\Test\Leg_Drive\PXL_20250420_135918014_Sports2D
137.25523111332225,139.1692992563746,129.527287846113,122.30892237592863,68.48308289748492,140.31929311952652,111.22785178416265,99.48859237590108,-1.744650647821025,0.4908780560405438,-1.1453833553603,-1.2819146575832328,-0.9633605063303184,0.7943575400348899,-0.4128707002829381,-1.1594840015551078,0.9510005675209169,1.9538415415899977,53.85020820031996,2.029910292649619,1.8713405070405442,1.5901304399510066,1.5297865017425567,Leg_Drive,D:/ML Projects/AIL721/Course Project/New/New_gym_dataset/New_gym_dataset/OHP\Test\Leg_Drive\PXL_20250420_135918014_Sports2D
121.44426997030358,133.60528873544675,133.20456297790338,125.81311718711467,64.0733959869795,143.09107615199758,122.62912601667594,96.6963648874443,-1.4779766318212653,0.46533407945518557,-0.9003565931487565,-1.2148969450274794,-0.8934337531894004,0.8395836642903923,-0.35750667777440925,-1.1511616521233305,0.9548751255885729,1.9907453164137232,54.445726503789295,2.061621872455286,1.7767445524638863,1.3295279423372137,1.2821678632601567,Leg_Drive,D:/ML Projects/AIL721/Course Project/New/New_gym_dataset/New_gym_dataset/OHP\Test\Leg_Drive\PXL_20250420_135918014_Sports2D
101.85077885920172,125.90600814891505,139.0737538587251,127.54569427361969,58.7404003300053,145.35984846235002,136.88962147080358,91.26585661126504,-1.2488318179698048,0.4583389601863563,-0.698136694474429,-1.1498378604755892,-0.8411820243960374,0.8938048943253082,-0.3065853869086201,-1.1411857664475604,0.9520538455788695,2.0349906607728685,56.710949122969026,2.104039104733001,1.6998522893345618,1.0960093024854172,1.0855393616072186,Leg_Drive,D:/ML Projects/AIL721/Course Project/New/New_gym_dataset/New_gym_dataset/OHP\Test\Leg_Drive\PXL_20250420_135918014_Sports2D
94.3715281659858,119.58908027211925,144.20514094576689,130.21500860910803,54.39755865208759,148.81770820696258,140.0260304861018,88.40678847908181,-1.1872893605958648,0.4862285195874339,-0.6490292286576337,-1.1269564597041382,-0.8082450659104288,0.9383729327791595,-0.2425830606441175,-1.1382613354705902,0.947753380592925,2.0766342682497494,57.67737787800444,2.1522972351120737,1.7006145204149326,1.0278615969277587,1.0393439779422866,Leg_Drive,D:/ML Projects/AIL721/Course Project/New/New_gym_dataset/New_gym_dataset/OHP\Test\Leg_Drive\PXL_20250420_135918014_Sports2D
101.25296132797256,116.15027799224244,147.34183056144403,135.36041453795764,51.58795236228205,154.2901974616838,130.3349910343095,90.44047545392623,-1.2855252329601556,0.5431241646092817,-0.7367000975340968,-1.1455226752058627,-0.7858117742167391,0.9674369353414766,-0.1594838657390195,-1.1410850954603287,0.9459168554787755,2.1085220308018053,57.43054103941144,2.1995799151916815,1.7755948802846626,1.1255098937750403,1.1226630329141802,Leg_Drive,D:/ML Projects/AIL721/Course Project/New/New_gym_dataset/New_gym_dataset/OHP\Test\Leg_Drive\PXL_20250420_135918014_Sports2D
107.15471600241239,110.81245342118682,149.9211935665213,141.97667362725718,48.92834695827218,160.82621415205057,121.77363095585979,91.63866757323743,-1.3871616425074997,0.6029153523893297,-0.8155173997708132,-1.1586187348252759,-0.7577466011290064,0.9927682930063783,-0.0693772605122869,-1.1372731987184563,0.9463702607782021,2.130041491724835,56.886998760976525,2.2385104658166015,1.8519663821659922,1.232466359670343,1.1935092731793444,Leg_Drive,D:/ML Projects/AIL721/Course Project/New/New_gym_dataset/New_gym_dataset/OHP\Test\Leg_Drive\PXL_20250420_135918014_Sports2D
105.81852878460786,104.32703095004426,153.9794249724212,148.13444942419795,44.87296072644831,166.9868351230675,119.05443194184045,91.31386607311175,-1.3910593294495663,0.6511386664555758,-0.7970500724847082,-1.1382073654037292,-0.713495696110584,1.0275602429624238,0.012159536211819272,-1.1196478928379456,0.9463542160129534,2.1472081358003696,56.34543740302788,2.266512363664531,1.8853663355142904,1.242306439219212,1.166708678360853,Leg_Drive,D:/ML Projects/AIL721/Course Project/New/New_gym_dataset/New_gym_dataset/OHP\Test\Leg_Drive\PXL_20250420_135918014_Sports2D
99.81919142503241,98.76439707275419,160.47706358006096,152.51777966106042,39.00027145643458,171.9951146975559,119.18108003140216,90.75951177031011,-1.3290669915073183,0.6945803684338432,-0.7142882993082832,-1.1040798869039166,-0.6531327533319355,1.0720543780068628,0.07922205202138008,-1.0935605125187142,0.9427734640646624,2.165614890525577,56.021406314231676,2.286095233141043,1.9008239146521837,1.183584794767443,1.084652440591489,Leg_Drive,D:/ML Projects/AIL721/Course Project/New/New_gym_dataset/New_gym_dataset/OHP\Test\Leg_Drive\PXL_20250420_135918014_Sports2D
92.82403258308665,93.97547915961438,168.364242515135,156.54727334776558,32.24518611460221,177.15670197750296,119.42115353151557,91.13218113711729,-1.2509873442812087,0.7352902334828328,-0.6143995692177989,-1.0817107733142834,-0.5824539471068092,1.1123146983250247,0.14626413235561436,-1.0666778823882783,0.9360016237805637,2.178992580713303,57.15232894387025,2.297615874366084,1.925288719663084,1.107721114205287,1.0006837577276562,Leg_Drive,D:/ML Projects/AIL721/Course Project/New/New_gym_dataset/New_gym_dataset/OHP\Test\Leg_Drive\PXL_20250420_135918014_Sports2D
85.90007276320075,85.67862025781217,175.44831206385456,164.91085689226173,25.847077450234046,173.79375359364965,119.9470046870333,91.88486666416254,-1.1589481955702956,0.7609660835398405,-0.502842975613146,-1.0584450335262934,-0.5066087921481223,1.1367903407754467,0.24335838202677113,-1.0338882917696226,0.9317204547269777,2.1706786325450693,59.70849890581494,2.29658365580869,1.9340969139520534,1.020940824070059,0.9053191091173556,Leg_Drive,D:/ML Projects/AIL721/Course Project/New/New_gym_dataset/New_gym_dataset/OHP\Test\Leg_Drive\PXL_20250420_135918014_Sports2D
78.42099648834359,71.32288295031773,178.84248899780167,179.36392616195855,19.922756744053142,159.55580609178952,121.50176025570958,91.7670768585282,-1.050570161686162,0.7660315366990592,-0.3786155594227955,-1.0055525963810712,-0.42691447756569506,1.1482345871597954,0.372134585264689,-0.9823911348610816,0.9330774598034769,2.130625722020877,61.107622691096,2.27553188774561,1.8947383270742681,0.920799048519454,0.7761482063979471,Leg_Drive,D:/ML Projects/AIL721/Course Project/New/New_gym_dataset/New_gym_dataset/OHP\Test\Leg_Drive\PXL_20250420_135918014_Sports2D
71.3177177889449,55.79342369382568,173.08709219786053,165.15693484731875,13.730664668448055,144.5133623767313,122.41294687950318,91.28006131709441,-0.9502551125347652,0.770378434908342,-0.25736303296415247,-0.9312668290594731,-0.3442081752519583,1.1551796436656436,0.49465286891365606,-0.9144630318942515,0.9357916954683273,2.069642675559895,60.29146933425334,2.233183524907289,1.8373067349563015,0.8309863389340254,0.6346306690404935,Leg_Drive,D:/ML Projects/AIL721/Course Project/New/New_gym_dataset/New_gym_dataset/OHP\Test\Leg_Drive\PXL_20250420_135918014_Sports2D
66.27978566064228,43.90345629804002,166.273257648618,152.7902135517244,6.835188400632793,132.2282827997095,120.55540273999063,91.67517349833057,-0.8719225230802262,0.7990713365546075,-0.14882977856948132,-0.866082449858735,-0.2586715261068473,1.1611029768143883,0.5902234791260763,-0.844468374095077,0.9362931045553496,2.0055713509094653,59.548184209763335,2.1778290046507838,1.815378817098727,0.7709491593902118,0.5134335649579796,Leg_Drive,D:/ML Projects/AIL721/Course Project/New/New_gym_dataset/New_gym_dataset/OHP\Test\Leg_Drive\PXL_20250420_135918014_Sports2D
62.827391102085194,35.96541123780578,158.30503911279524,143.0674283940357,0.9380363770753702,122.31050388390612,116.2345725208396,93.65490735389969,-0.8031463842338311,0.8445375349796833,-0.05020171375814161,-0.8253316646273214,-0.16588744017425378,1.1585855791874118,0.6701735690298645,-0.7793163730488611,0.9350923848359558,1.937901952236273,61.26597137956205,2.110559638482781,1.8317720438400307,0.7307043261086996,0.42393738322909785,Leg_Drive,D:/ML Projects/AIL721/Course Project/New/New_gym_dataset/New_gym_dataset/OHP\Test\Leg_Drive\PXL_20250420_135918014_Sports2D
58.292927837155496,31.40451880488169,149.15100088453642,134.8260199241935,9.937485498940575,113.9145063076705,111.76958666390395,97.4900124972112,-0.7269573405405044,0.8748087622327215,0.04058170487848348,-0.8111931464376785,-0.06038688703898783,1.1410075815575393,0.7454990679442164,-0.7185140194246326,0.9341327687739589,1.859521600982172,64.96819133531125,2.026640756759444,1.8524898440431254,0.683447175232195,0.370721514662082,Leg_Drive,D:/ML Projects/AIL721/Course Project/New/New_gym_dataset/New_gym_dataset/OHP\Test\Leg_Drive\PXL_20250420_135918014_Sports2D
50.370723226661944,28.214782136695973,139.52759397644445,127.2656126229134,19.687263476472392,106.48047007583024,109.94201329686565,101.73431206086575,-0.6213035787814088,0.8712820413063828,0.1155060318580165,-0.8030426668102945,0.05483124001707663,1.1166003359016894,0.8183141201421463,-0.6570591214468592,0.9349177282740927,1.7736594573485487,67.78386316465361,1.9310033606615034,1.8292762586718874,0.6000790759747787,0.34124968505915687,Leg_Drive,D:/ML Projects/AIL721/Course Project/New/New_gym_dataset/New_gym_dataset/OHP\Test\Leg_Drive\PXL_20250420_135918014_Sports2D
40.03818992950827,23.62457750086458,130.88129579495714,120.06432093606732,28.645763414505037,99.59138014552947,111.3160466559867,104.03319735533515,-0.4806958418651127,0.839034939325633,0.15931889954464204,-0.7683820423449503,0.165253557344078,1.091088517964907,0.8816259438729435,-0.5878460820307516,0.9368374780288021,1.6789345999956586,67.63420249836857,1.825379628253708,1.7301468787894176,0.4804978405325009,0.30036679020831836,Leg_Drive,D:/ML Projects/AIL721/Course Project/New/New_gym_dataset/New_gym_dataset/OHP\Test\Leg_Drive\PXL_20250420_135918014_Sports2D
31.366126420939555,17.75918583193419,123.54761509922655,113.76734669611817,36.137639280786324,93.45260107613105,112.49623429827413,104.30658475580316,-0.35119102313512485,0.8051366978793542,0.17438485796107928,-0.7045000153158296,0.25536795693978026,1.0563349498346082,0.9213359950087108,-0.5140131339043583,0.9377996163257135,1.5703480837389667,65.75352394006177,1.7057275667092988,1.5985096223097341,0.38026030505183245,0.23560155301848898,Leg_Drive,D:/ML Projects/AIL721/Course Project/New/New_gym_dataset/New_gym_dataset/OHP\Test\Leg_Drive\PXL_20250420_135918014_Sports2D
27.885081570075748,12.895521163950189,117.33050922138236,109.60905299690597,42.267299629366356,89.20686184765476,109.84761880055788,103.68865931629551,-0.28095310692142933,0.7974655955231826,0.1789135330072172,-0.6431311376194252,0.322564481087509,1.015312066702119,0.9387969041050932,-0.45805087488850793,0.9372686584462742,1.4733629415906269,64.28914046364252,1.59704125082313,1.512215683710633,0.34569357138032664,0.17455768225998464,Leg_Drive,D:/ML Projects/AIL721/Course Project/New/New_gym_dataset/New_gym_dataset/OHP\Test\Leg_Drive\PXL_20250420_135918014_Sports2D
26.699650942447093,10.31333212887347,113.03774308432422,108.36916948881891,46.52985202446183,87.93676459760496,106.77049703309108,102.3765675312685,-0.24625845502755658,0.8038671023186758,0.19046449808921692,-0.6080271745243092,0.3774499196473582,0.9918253796085478,0.9540996733996165,-0.44045846654815407,0.9370846969916109,1.4322838461567018,63.912382209832664,1.5440084049201204,1.4778945790417564,0.34290617234632687,0.1403896529272,Leg_Drive,D:/ML Projects/AIL721/Course Project/New/New_gym_dataset/New_gym_dataset/OHP\Test\Leg_Drive\PXL_20250420_135918014_Sports2D
23.45726645153608,9.322865029248367,111.17484182044308,108.750241665293,48.62496263139874,88.55004611713483,107.91777091706517,100.77281891211355,-0.2006750564505183,0.7934340778785647,0.22760954820117316,-0.5911042101289704,0.4250944204669511,0.9957664705574364,0.9747716276886664,-0.4489427392051446,0.9384918442654229,1.444709209762581,64.99726271891828,1.5457456883044784,1.4492667020050145,0.32539718010968677,0.1336784097644103,Leg_Drive,D:/ML Projects/AIL721/Course Project/New/New_gym_dataset/New_gym_dataset/OHP\Test\Leg_Drive\PXL_20250420_135918014_Sports2D
19.667995451633846,9.572241664057977,110.91131802617832,108.63804017482371,49.23463215866167,88.78399035966362,111.09737238970449,100.78825130439432,-0.15783301947566886,0.7707961618101216,0.28373954744586305,-0.5871508805026623,0.45141183573226373,1.0058520862694793,0.9882514426858028,-0.45290776253586157,0.9405608028745385,1.4587598488053408,67.00824463025957,1.5544056935306856,1.4279378493420882,0.3007544419272637,0.1632116464056335,Leg_Drive,D:/ML Projects/AIL721/Course Project/New/New_gym_dataset/New_gym_dataset/OHP\Test\Leg_Drive\PXL_20250420_135918014_Sports2D
19.553888441142544,12.141438938135673,111.15386144462394,107.75926390506297,49.071600352855576,87.98472570254242,111.37451120600187,104.15671323559322,-0.15588199141467007,0.7658820713502534,0.3209830258167591,-0.6094497270757445,0.4408087831817396,0.9994164685941234,0.9857058498927428,-0.4417832429427467,0.9410312085340521,1.4411997115368702,67.263642271926,1.5407691007559223,1.4556571713218813,0.2956647633587136,0.2057983407695519,Leg_Drive,D:/ML Projects/AIL721/Course Project/New/New_gym_dataset/New_gym_dataset/OHP\Test\Leg_Drive\PXL_20250420_135918014_Sports2D
23.529981131302545,16.442688358937566,111.34865777860935,106.91786240362893,48.51812531766253,86.78464549990073,107.95189355103493,109.65804285903683,-0.18960368111303935,0.7853119767253244,0.32641066667819674,-0.6552762567855052,0.40189348116778023,0.9769521435266633,0.972477935321707,-0.4244843061851307,0.9388948595275235,1.4014364497117937,64.96199752705957,1.5131393663185595,1.5302173916330537,0.31634904712957823,0.24154400541128437,Leg_Drive,D:/ML Projects/AIL721/Course Project/New/New_gym_dataset/New_gym_dataset/OHP\Test\Leg_Drive\PXL_20250420_135918014_Sports2D
12.218225990596661,20.99332423911917,109.08261447687003,106.44954534337099,88.46766725237644,123.99982707261746,79.31410675702686,76.99349716650178,0.3315701965587936,0.6054726631417667,0.3585606379987805,-0.8623774954259802,0.9066976641614782,0.49694785050686036,0.45349431403585955,-0.8843060106520996,0.9534526896142826,1.38125386115896,96.47623131247397,1.4537040639454852,1.4680982841541925,0.2219546052055284,0.6388629411504195,Leg_Drive,D:/ML Projects/AIL721/Course Project/New/New_gym_dataset/New_gym_dataset/OHP\Test\Leg_Drive\PXL_20250420_135938029_Sports2D
17.117262621050752,19.961945726404736,106.33997234228222,100.83992914946468,90.81049034156035,117.99039183330727,72.07224703738892,81.9715538930975,0.3858307390656089,0.6419720044980523,0.13898333862360074,-0.7886066636097284,0.9274877484866588,0.4667317727844687,0.5452019259310995,-0.8459026394948763,0.9555336710552369,1.3126344122793452,98.29896239393945,1.3671691740333098,1.4517193133488338,0.28947020804540086,0.4226822744318691,Leg_Drive,D:/ML Projects/AIL721/Course Project/New/New_gym_dataset/New_gym_dataset/OHP\Test\Leg_Drive\PXL_20250420_135938029_Sports2D
19.51946663145313,19.03910190380325,106.34924275242783,98.90700985561826,90.71604731097284,115.97229991901892,69.76448605757406,83.06680198478432,0.40368340802306574,0.6609309535432994,0.028315782411667958,-0.7633398380111793,0.9263988828438958,0.46824116462607746,0.5756897128771548,-0.8299011854957151,0.9559709698170291,1.2981423501217926,98.67525859822955,1.3446822981948154,1.4729046615556487,0.3154263422189419,0.3347661145750938,Leg_Drive,D:/ML Projects/AIL721/Course Project/New/New_gym_dataset/New_gym_dataset/OHP\Test\Leg_Drive\PXL_20250420_135938029_Sports2D
17.152863385738193,22.24081445016213,108.18304245528584,101.31148291494027,88.78180913579013,118.27633450601618,74.06532747847166,83.96447994414592,0.3795473669046392,0.6452804735992412,0.01080489310655122,-0.7920060814711554,0.9078470117647088,0.49444465934084336,0.5417741966903432,-0.8481460322449891,0.9564839330292134,1.3425906915858323,97.67862957402643,1.3916030580123753,1.483834105743921,0.2872219696065121,0.35071639930581083,Leg_Drive,D:/ML Projects/AIL721/Course Project/New/New_gym_dataset/New_gym_dataset/OHP\Test\Leg_Drive\PXL_20250420_135938029_Sports2D
13.06395445831917,25.932344624712158,109.35957101936201,105.90783218347424,87.09613032262179,122.36353352545808,79.83991521905901,83.56881109925408,0.3365123936614822,0.6180782206175223,-0.018127937407944113,-0.829762702792156,0.8961211949488804,0.5177911281659381,0.5038839437949365,-0.8886034663145652,0.9590390368441981,1.4063945944805034,96.28499057929163,1.4600670589314662,1.490641842939082,0.23911282786931123,0.3713822417506471,Leg_Drive,D:/ML Projects/AIL721/Course Project/New/New_gym_dataset/New_gym_dataset/OHP\Test\Leg_Drive\PXL_20250420_135938029_Sports2D
12.96316831795324,27.1052455022674,109.70745058069738,108.63382739929912,86.1582380541927,124.49951603418924,80.87859362785403,82.60572946807817,0.2909870669366422,0.6300825681842489,-0.07557581064273242,-0.8481574536736959,0.9003986901657643,0.5322371024504033,0.5077534047917461,-0.923859376039642,0.9619051965533554,1.4560964784900454,95.78439955602622,1.508107182794895,1.5230108027988012,0.21458525982961002,0.3722560243131981,Leg_Drive,D:/ML Projects/AIL721/Course Project/New/New_gym_dataset/New_gym_dataset/OHP\Test\Leg_Drive\PXL_20250420_135938029_Sports2D
17.346193244390623,27.699351338894623,111.6447045827227,109.0923211921884,84.15261580293156,124.88964157784267,78.50119095267787,82.80970976105199,0.2437887073950913,0.6930654190417359,-0.04204517915436809,-0.8711109943006171,0.9007386520116917,0.5594216627699036,0.5258895456165142,-0.9427600548004536,0.9622307265048932,1.5021817175703573,96.29850671681774,1.5482447368448864,1.5900782568026384,0.23773070605713328,0.40118102758491797,Leg_Drive,D:/ML Projects/AIL721/Course Project/New/New_gym_dataset/New_gym_dataset/OHP\Test\Leg_Drive\PXL_20250420_135938029_Sports2D
24.055303441871754,29.89132875219901,117.69443219182615,111.4303046552572,78.49863029749673,127.62336714458009,77.44606626063151,82.26796160761897,0.1789243107177694,0.7811526660101139,0.11115684585509253,-0.9143617404134863,0.866352727495495,0.628074418555271,0.49077829801613926,-0.9659047463474657,0.9603274595510454,1.5939791649027366,96.86675042208974,1.6376280805551573,1.696868153889361,0.30356803964782986,0.5013236438139116,Leg_Drive,D:/ML Projects/AIL721/Course Project/New/New_gym_dataset/New_gym_dataset/OHP\Test\Leg_Drive\PXL_20250420_135938029_Sports2D
33.71354440673907,28.860589554573046,129.45511268853363,120.97102581272443,66.83047965895287,137.25661816021093,79.45597593430809,71.60397139436215,0.058481634264479124,0.8830463652480977,0.1292973342376072,-0.9374616127262843,0.7718564167667654,0.7502631227302794,0.3506574301405169,-1.0110812749342784,0.9598758383528918,1.7613443976645577,97.22220292001609,1.8110059838441457,1.8218847826443518,0.4113105663923729,0.531002423995465,Leg_Drive,D:/ML Projects/AIL721/Course Project/New/New_gym_dataset/New_gym_dataset/OHP\Test\Leg_Drive\PXL_20250420_135938029_Sports2D
49.073654078318626,41.31513075330468,147.53468394589132,142.16566145288382,48.07890126327576,157.7792466620509,82.84744465840564,63.535884091253806,-0.13951223013430347,0.995828924533976,-0.2224830647637604,-0.8958298362252491,0.603485664426398,0.902591466871724,0.10030810464402394,-1.0565152382974379,0.9630987770516888,1.9591067051691617,97.46251714705436,2.022692942319054,1.8934774956561367,0.5827578858237007,0.42350475407667476,Leg_Drive,D:/ML Projects/AIL721/Course Project/New/New_gym_dataset/New_gym_dataset/OHP\Test\Leg_Drive\PXL_20250420_135938029_Sports2D
70.61774014451652,73.31726346870943,170.56764408068585,172.4772457393462,24.108054359848705,172.84705582011915,85.27420549563476,66.16431928882855,-0.38215793703782314,1.0996518835433695,-0.7718691076057729,-0.809797253390907,0.37432704749930523,1.037114612915871,-0.19934178861403537,-1.0627379011352216,0.9673752952280391,2.0998525140510926,97.50780066470311,2.176804197509351,1.9488126649333166,0.7989503792173597,0.7229276723845796,Leg_Drive,D:/ML Projects/AIL721/Course Project/New/New_gym_dataset/New_gym_dataset/OHP\Test\Leg_Drive\PXL_20250420_135938029_Sports2D
94.51002192307271,101.86580113808762,165.52158495887926,160.94035656379003,0.27289568909297024,146.7348372117622,85.76287376602015,68.6006383498498,-0.6314811795160894,1.1793874039755234,-1.200672935774154,-0.7343410569662541,0.1196567230459591,1.1237379177305786,-0.47342024232407165,-1.0193389240862887,0.9694217147243395,2.1430768418168675,97.83110888906782,2.223627360144744,1.9965810470929357,1.0253610770687265,1.1064990078402321,Leg_Drive,D:/ML Projects/AIL721/Course Project/New/New_gym_dataset/New_gym_dataset/OHP\Test\Leg_Drive\PXL_20250420_135938029_Sports2D
116.66695524250372,122.61601132788901,144.90091355620294,143.0881583266724,20.655513759458383,128.6445856423338,83.98855851695468,71.26059697022279,-0.8869045600629668,1.2384638410119768,-1.4532529918519803,-0.6780159161128204,-0.12956630480951134,1.1587114749269107,-0.69067431240915,-0.9367192139934764,0.9683937556837084,2.095430688920387,98.3605478384353,2.1692560863719628,1.998410669922225,1.2618594035050144,1.3426033610062582,Leg_Drive,D:/ML Projects/AIL721/Course Project/New/New_gym_dataset/New_gym_dataset/OHP\Test\Leg_Drive\PXL_20250420_135938029_Sports2D
135.3812673646491,139.1504483523045,129.2731160849583,130.94549063459183,35.61141391950888,115.83002063905906,80.23014655485979,74.98046899136355,-1.134261765095021,1.2853185634386377,-1.6303698490304057,-0.6172162409061294,-0.34744107037915023,1.1498373344583335,-0.8440957889277663,-0.8281850353734828,0.965402258856563,1.978022369831816,97.12432929806819,2.039421095559149,1.96615409179678,1.4978384722741647,1.506006671274784,Leg_Drive,D:/ML Projects/AIL721/Course Project/New/New_gym_dataset/New_gym_dataset/OHP\Test\Leg_Drive\PXL_20250420_135938029_Sports2D
151.0148717257366,153.2005089237864,118.4324740251071,121.58072585382989,45.98770079799614,106.00090067693313,74.9728290722595,79.20140960071951,-1.34617131212719,1.335047768443132,-1.80545812026123,-0.55103336444091,-0.5193047341007505,1.1130692118874648,-0.947184183845756,-0.7147359904306336,0.9632571983506032,1.8278052023180984,94.26663743650015,1.8772194014379868,1.9411971594732738,1.708827360868043,1.672608384551296,Leg_Drive,D:/ML Projects/AIL721/Course Project/New/New_gym_dataset/New_gym_dataset/OHP\Test\Leg_Drive\PXL_20250420_135938029_Sports2D
164.63481593284908,164.93626096443595,111.21182719685372,113.34514533366307,53.53527906966446,98.09225160018124,68.90046313681538,83.02851256461719,-1.5248139754494558,1.3974278402523512,-1.9861282166674215,-0.4926190236677327,-0.6497778342847044,1.059787620651232,-1.0277350378218892,-0.6098108155889976,0.9647740381603168,1.6695984362402296,93.43612590578563,1.711844206112656,1.945530255987979,1.8923023274493032,1.8546164716642584,Leg_Drive,D:/ML Projects/AIL721/Course Project/New/New_gym_dataset/New_gym_dataset/OHP\Test\Leg_Drive\PXL_20250420_135938029_Sports2D
175.26843228993292,174.07915289319675,106.5186129991063,106.08112328031,59.39612803802988,91.99586431744616,64.12769574809698,86.07501721064288,-1.6611660888694244,1.441362506194876,-2.119377765499051,-0.4485790036627996,-0.7397628327509548,0.994503399576304,-1.0947762143737882,-0.5188781785686669,0.9699346603656493,1.5133815781449709,94.87063324322682,1.5544639919277135,1.9446945393256092,2.0231761344767607,1.9980264098306284,Leg_Drive,D:/ML Projects/AIL721/Course Project/New/New_gym_dataset/New_gym_dataset/OHP\Test\Leg_Drive\PXL_20250420_135938029_Sports2D
178.91777554610786,179.65046084469898,103.64813283205038,101.39146684360578,63.45006358413031,88.48966325978637,62.36783913023863,88.14012410448632,-1.7143078220405994,1.4219839207048754,-2.1617089626009354,-0.427084028899901,-0.781329034823631,0.9335673799883135,-1.1397461469066115,-0.46026957783661115,0.9747541661348651,1.3938369578249248,95.20990128939626,1.4391818131259666,1.9024247850651816,2.0512378824368813,2.0509549882813864,Leg_Drive,D:/ML Projects/AIL721/Course Project/New/New_gym_dataset/New_gym_dataset/OHP\Test\Leg_Drive\PXL_20250420_135938029_Sports2D
178.13324747930906,178.7004617769152,102.42123999382784,100.49728555118772,64.898999140073,87.81752468508847,63.032246619381866,89.11706290817312,-1.6979522969655125,1.3713904328444102,-2.1527581029901914,-0.4324252061544286,-0.7872793823187019,0.9080248197037053,-1.1624799683747438,-0.4476867580881518,0.9756121414501882,1.3557115777918571,94.7394698276645,1.406673153911627,1.8602685775689887,2.01209139942079,2.0437577874956547,Leg_Drive,D:/ML Projects/AIL721/Course Project/New/New_gym_dataset/New_gym_dataset/OHP\Test\Leg_Drive\PXL_20250420_135938029_Sports2D
179.23862418634687,179.74331861785188,103.25383987865817,102.28765361092375,63.50475607497967,89.04624956456152,64.26613188863209,89.30293094671003,-1.669867283147971,1.3614587310508366,-2.140291875938303,-0.45737328668446686,-0.7762137861037502,0.9307215627879312,-1.1604298913482913,-0.4692950228652948,0.9734136339117191,1.4000165856532258,97.11421115979586,1.4517811321385192,1.8786828381185114,1.987273132085607,2.0259770656285028,Leg_Drive,D:/ML Projects/AIL721/Course Project/New/New_gym_dataset/New_gym_dataset/OHP\Test\Leg_Drive\PXL_20250420_135938029_Sports2D
175.18874320913636,177.51241985533437,106.03804892790936,105.11925046437067,60.3154745730382,91.47277396531821,65.12673136390178,88.98519382065234,-1.6356470283618203,1.3907843041786434,-2.102815557349744,-0.49440845907442227,-0.7455814955106244,0.9781342656283194,-1.1239130407741464,-0.5117483089195196,0.9717699410856029,1.489882574547839,99.59553815392279,1.5371677995855826,1.94221476389674,1.973321756677896,1.984868628731731,Leg_Drive,D:/ML Projects/AIL721/Course Project/New/New_gym_dataset/New_gym_dataset/OHP\Test\Leg_Drive\PXL_20250420_135938029_Sports2D
171.00362081496894,173.0769188587983,109.42188788925907,108.35830703519974,57.041907913866964,94.82210283832576,66.03828709889798,87.8990216971241,-1.5774688771338257,1.4064483099417082,-2.0246988288425527,-0.5310712468639575,-0.7030846810455931,1.017847294631478,-1.066615443450002,-0.5662189506723638,0.9722222162600291,1.5840662453038419,97.32296451086353,1.6252447460999042,1.9884659068512625,1.9283014728617256,1.9081986975406813,Leg_Drive,D:/ML Projects/AIL721/Course Project/New/New_gym_dataset/New_gym_dataset/OHP\Test\Leg_Drive\PXL_20250420_135938029_Sports2D
167.86937066307345,168.07822237419484,111.83777093149787,111.14597583884259,54.95274882462552,97.93649559496598,67.08337816155208,86.01471796916076,-1.526844384604765,1.401592298502789,-1.9612896450590351,-0.548966279980861,-0.6788889587936493,1.0431119759594687,-1.0271918943394367,-0.6140436405213773,0.9735411062757164,1.6571556164808463,92.17417035149425,1.6933634199851566,1.9983546863425763,1.8788584904707948,1.8480805378138343,Leg_Drive,D:/ML Projects/AIL721/Course Project/New/New_gym_dataset/New_gym_dataset/OHP\Test\Leg_Drive\PXL_20250420_135938029_Sports2D
166.48605881908875,164.4216434006721,112.81220048135778,112.75724215386678,54.15417599174223,99.7236186269667,67.66811717265354,84.14526202763886,-1.5236846615137742,1.4064156860310884,-1.9633431825180172,-0.5486934146542692,-0.6800190035390165,1.0598546239583535,-1.030384571213512,-0.6443604878389477,0.974237886456702,1.7042151117973015,92.00840696208452,1.7398578040432384,2.0039339337099777,1.8769822162069842,1.851605875849571,Leg_Drive,D:/ML Projects/AIL721/Course Project/New/New_gym_dataset/New_gym_dataset/OHP\Test\Leg_Drive\PXL_20250420_135938029_Sports2D
166.21984363071513,162.47915894094425,112.6177112477523,113.83669403478504,54.07072868573277,100.52513396827008,67.85088505501767,83.00429290921431,-1.5401555161308766,1.4117897529411485,-1.9893312290243295,-0.5464098722289645,-0.6765333686843623,1.0602464864949857,-1.0545839615629526,-0.661111313489265,0.9731324378533235,1.7213577999842509,93.66732939012788,1.762383308574634,2.0090556470814125,1.8963084374720125,1.8751633513921733,Leg_Drive,D:/ML Projects/AIL721/Course Project/New/New_gym_dataset/New_gym_dataset/OHP\Test\Leg_Drive\PXL_20250420_135938029_Sports2D
165.1755803003884,161.466724989901,112.30713797336016,114.75463838837163,53.79815363243153,100.85992999416334,68.62257333204312,82.32665498406432,-1.515644042834408,1.3859290741328976,-1.9575622008745976,-0.5421309782933452,-0.6443240530924992,1.044858446684225,-1.0519502190543788,-0.6641455411596254,0.9707386639258238,1.7090039878438505,92.62128246643451,1.7569444275909711,1.978056425931151,1.867234759121163,1.8383695034194543,Leg_Drive,D:/ML Projects/AIL721/Course Project/New/New_gym_dataset/New_gym_dataset/OHP\Test\Leg_Drive\PXL_20250420_135938029_Sports2D
161.5971984325821,159.52272564342672,113.5098461148963,115.85724072165218,52.162766845953136,101.52985368250161,70.56556841337108,81.0525793259283,-1.458894455781828,1.3487372047849167,-1.881785697670429,-0.531012885914909,-0.597892430113542,1.0449488241327471,-1.0183749282438637,-0.6669516221097493,0.9688975566643906,1.7119004462424965,91.59248180576338,1.7627843512690866,1.92673231299838,1.8032465398787991,1.7586711575541687,Leg_Drive,D:/ML Projects/AIL721/Course Project/New/New_gym_dataset/New_gym_dataset/OHP\Test\Leg_Drive\PXL_20250420_135938029_Sports2D
155.37994235374384,154.08841510710516,116.76586047908401,118.8870570235989,48.64312346517409,104.296040967857,73.26318111143026,78.38445607496213,-1.4269255102312866,1.3482460470369544,-1.8458469073277717,-0.530490566239481,-0.559719015449423,1.087464076890209,-0.995127521722438,-0.7053587092061865,0.9677486829116597,1.7928227860963954,94.27512398944343,1.8449374270368468,1.9248756840405774,1.7772417268772425,1.7205197300812474,Leg_Drive,D:/ML Projects/AIL721/Course Project/New/New_gym_dataset/New_gym_dataset/OHP\Test\Leg_Drive\PXL_20250420_135938029_Sports2D
147.7829397896029,145.45292498797696,121.30251645840237,124.05923479168608,43.94458868800609,109.3063399380946,76.1616488984032,74.75926492607154,-1.4126688719520957,1.3756686393818498,-1.8479247998388166,-0.5531684419297724,-0.5208015749254741,1.155971925979973,-0.991908391442282,-0.7863965984146714,0.9670330739858278,1.9423685243946442,95.85933131635431,1.998683846216712,1.9773366453397023,1.7797521577919024,1.7220086148128209,Leg_Drive,D:/ML Projects/AIL721/Course Project/New/New_gym_dataset/New_gym_dataset/OHP\Test\Leg_Drive\PXL_20250420_135938029_Sports2D
139.8059417670618,136.3694558707624,126.2355066674222,128.9527275864204,39.171650454743464,114.35988470858605,79.36570868768169,70.72934057934849,-1.3436115318753796,1.365727581321557,-1.7914101423781101,-0.5776137578941167,-0.45686875863689,1.1992288208575745,-0.9684674442661156,-0.865331174905975,0.96774065026319,2.06455999576355,91.43368037033862,2.127002865828991,1.9942665710162082,1.713871218378006,1.6680721163044379,Leg_Drive,D:/ML Projects/AIL721/Course Project/New/New_gym_dataset/New_gym_dataset/OHP\Test\Leg_Drive\PXL_20250420_135938029_Sports2D
131.63918009652298,127.40772614912188,131.1649562375826,133.03156616371444,34.622248725282,118.81877112657904,82.98306862875901,66.22649727570094,-1.2033947656565567,1.2999885481503717,-1.650690922950279,-0.5841811902320881,-0.36925244086969355,1.1973185279247476,-0.9025674751432369,-0.9137297468471144,0.9693905447746682,2.111048274771862,88.02810619447371,2.1773722107621944,1.9365354257967908,1.5567256414660635,1.5311644056324578,Leg_Drive,D:/ML Projects/AIL721/Course Project/New/New_gym_dataset/New_gym_dataset/OHP\Test\Leg_Drive\PXL_20250420_135938029_Sports2D
123.42900301664037,117.7900660426157,136.0322166848289,138.25776564022325,29.8499744102677,124.13995673531986,86.42097139362737,61.93002277793556,-1.054724782921852,1.230438921705277,-1.5026318109154617,-0.5917953059561953,-0.27800160439688865,1.1818570562519186,-0.81802615100075,-0.9568798080407422,0.9697962470365974,2.1387368642926607,90.98105058969789,2.2058608037723295,1.87647496284578,1.3929874350176052,1.384805598374173,Leg_Drive,D:/ML Projects/AIL721/Course Project/New/New_gym_dataset/New_gym_dataset/OHP\Test\Leg_Drive\PXL_20250420_135938029_Sports2D
115.5188718253558,108.27694869783738,141.19703786208146,145.61511665361704,24.369588424761286,131.18174294045974,88.85071659940549,59.45869163829714,-0.9365191814263247,1.1875352941622856,-1.3804275891735973,-0.6253101314027208,-0.18715151898702578,1.1725018772386862,-0.726744294616994,-1.0109940955466696,0.968438139645801,2.1834959727853556,94.65430254359416,2.2491809679707675,1.8664038178970512,1.2730612545336653,1.2637016159942054,Leg_Drive,D:/ML Projects/AIL721/Course Project/New/New_gym_dataset/New_gym_dataset/OHP\Test\Leg_Drive\PXL_20250420_135938029_Sports2D
107.49936354716681,99.7495171301076,147.8412332074381,154.7269528986727,17.46938318542872,140.0375692915395,89.97001963826193,59.78708642164711,-0.8347288109703125,1.1607703909468325,-1.2540713117418836,-0.6846998744578902,-0.08618256112067847,1.1603787095771567,-0.6096957981020785,-1.059929832806898,0.9673147552370239,2.2203085423840547,96.07184053802915,2.2811918228589088,1.892513839697436,1.1760098725597956,1.14506885853411,Leg_Drive,D:/ML Projects/AIL721/Course Project/New/New_gym_dataset/New_gym_dataset/OHP\Test\Leg_Drive\PXL_20250420_135938029_Sports2D
98.21616106210809,91.53155202569931,157.49914466907558,165.83609170266877,8.052605735191907,151.38784210693626,89.83644467308385,62.91939413263557,-0.7232476281679089,1.1428128086289424,-1.1164989550505058,-0.7547903013171262,0.03187709162981232,1.1406572396337404,-0.4564572726774874,-1.092268819796497,0.9683733924025696,2.2329260594302376,96.53624875750099,2.285701038685082,1.9379226426697003,1.0737285320621415,1.0280014053242328,Leg_Drive,D:/ML Projects/AIL721/Course Project/New/New_gym_dataset/New_gym_dataset/OHP\Test\Leg_Drive\PXL_20250420_135938029_Sports2D
87.37450782213986,82.2990516061971,170.62327223682155,179.09023470911032,4.376342246902442,165.3371646990298,88.24914993095773,67.6362163052269,-0.5967539595425817,1.136236407627789,-0.99595811907094,-0.8252656337120396,0.1668711404877809,1.1128942105901813,-0.2843337847784273,-1.118049925974178,0.9713293327847643,2.2309441365643594,97.92172181741593,2.2761145896143677,2.0017128213520183,0.9671399932334476,0.9405393101718137,Leg_Drive,D:/ML Projects/AIL721/Course Project/New/New_gym_dataset/New_gym_dataset/OHP\Test\Leg_Drive\PXL_20250420_135938029_Sports2D
75.18045440306635,71.03720816995734,173.0302656825376,166.98533732004103,19.84654004345572,179.86214304603197,84.97300555347793,71.17506512392289,-0.45653140690370125,1.119355058835655,-0.880174160953809,-0.8799728979266547,0.3150199210342614,1.0514867565687882,-0.1098513919954197,-1.1425863072886824,0.9748514896378054,2.194073063857471,99.72919678311617,2.2348315914583976,2.043718537800769,0.8496542007753025,0.863171079812821,Leg_Drive,D:/ML Projects/AIL721/Course Project/New/New_gym_dataset/New_gym_dataset/OHP\Test\Leg_Drive\PXL_20250420_135938029_Sports2D
59.73113205594559,56.371436525833055,152.48411130396497,152.71501346362066,39.75299779928923,164.9521225668749,80.51587014476519,71.4193139589582,-0.2904563598701084,1.0550456235259889,-0.6818949273613869,-0.8914877691105064,0.47125959794314376,0.9277949709130511,0.07030531435988725,-1.1443488718724875,0.9772788192842812,2.0721438427855383,99.63466956186541,2.110579172340564,1.9855015489212213,0.6913587453458808,0.7028271983624939,Leg_Drive,D:/ML Projects/AIL721/Course Project/New/New_gym_dataset/New_gym_dataset/OHP\Test\Leg_Drive\PXL_20250420_135938029_Sports2D
41.81841650026811,37.53200284239979,130.48695969431913,137.1768272964522,61.87881498853801,149.5426019793093,76.30276851119388,67.98940086309047,-0.09836325902999073,0.9429691084184342,-0.3264755422655632,-0.8652345054330515,0.6268982943705262,0.7662065258631423,0.2520388335870168,-1.0990939834133866,0.9768003750387978,1.8653005092765287,96.45046695038701,1.9025944405590438,1.822535465473448,0.49883681516249684,0.4360507869826275,Leg_Drive,D:/ML Projects/AIL721/Course Project/New/New_gym_dataset/New_gym_dataset/OHP\Test\Leg_Drive\PXL_20250420_135938029_Sports2D
28.542282102210656,17.403532683847377,115.38028737142398,122.50845876914214,77.71430031215452,135.60304645272063,73.74341758563484,61.80048623112673,0.07973385996768069,0.8283794120686703,0.08449574419748163,-0.8449918380968771,0.7642752079345237,0.6287684769850217,0.40610592337759543,-1.0174341891835446,0.9739973730374377,1.6462026661685663,92.74623431082719,1.6847161346946606,1.6733780255584885,0.34302495517456144,0.40899169125976176,Leg_Drive,D:/ML Projects/AIL721/Course Project/New/New_gym_dataset/New_gym_dataset/OHP\Test\Leg_Drive\PXL_20250420_135938029_Sports2D
22.641968935097935,11.78182687877883,108.73252222617003,111.45680647185071,84.68648010377014,124.8758088017909,72.67155096113191,66.90601807698795,0.19635587863056675,0.7661416222440218,0.3257246871668093,-0.8469796194009285,0.8687302487843158,0.5563540289288209,0.5206143988901607,-0.9300829325310174,0.9726989647720004,1.4864369614598383,92.49874186228865,1.5266563088467182,1.6183004754581993,0.291092843789201,0.5702683091620864,Leg_Drive,D:/ML Projects/AIL721/Course Project/New/New_gym_dataset/New_gym_dataset/OHP\Test\Leg_Drive\PXL_20250420_135938029_Sports2D
22.161487924092988,26.85923877155572,107.22346801307737,104.30786679019508,85.87961007531776,117.41094487859013,71.95890200058925,89.44829389296558,0.24618055189204904,0.770509296320568,0.34096004398182134,-0.8575283054837297,0.9349487971759077,0.5461685912877625,0.6060936527433896,-0.8600813792600301,0.9739637895358607,1.4062499705477927,96.02726629422307,1.444189975621421,1.6307941577677683,0.31309944192852984,0.5862626617185168,Leg_Drive,D:/ML Projects/AIL721/Course Project/New/New_gym_dataset/New_gym_dataset/OHP\Test\Leg_Drive\PXL_20250420_135938029_Sports2D
23.21039117204693,32.28332243328413,108.19201710994749,100.55315825083417,85.00968467901141,113.75486003979313,71.77992414894166,98.528462393491,0.2738667193524172,0.7864785852577284,0.29257320815312293,-0.8754414971218293,0.9599572882747861,0.5606370672303448,0.6478428593396716,-0.8221656520687761,0.9735721200071599,1.3828027192991208,98.99366773206481,1.4175890720693833,1.6620253586933404,0.33957664583333214,0.5625915656129752,Leg_Drive,D:/ML Projects/AIL721/Course Project/New/New_gym_dataset/New_gym_dataset/OHP\Test\Leg_Drive\PXL_20250420_135938029_Sports2D
22.45844818623248,36.976931449947344,109.6339326748485,99.73919714622708,84.4092133241824,113.7823431452579,73.13233848958511,103.19458830468946,0.31482666370182333,0.7604160057293979,0.2938468697538585,-0.8956522762993984,0.9541208157994456,0.5665776573309355,0.6310180368537289,-0.8166030906912788,0.9701132743791018,1.3831807480222142,98.21448540063834,1.4204169766169852,1.656201167278875,0.3365489448764121,0.5839156595493532,Leg_Drive,D:/ML Projects/AIL721/Course Project/New/New_gym_dataset/New_gym_dataset/OHP\Test\Leg_Drive\PXL_20250420_135938029_Sports2D
20.383333418100953,39.17392116762573,110.34940330973102,101.2092789881695,83.98000560159333,115.53868789949391,75.6366609803057,103.63523326813183,0.3355762245472518,0.7269747705995288,0.3052506944159057,-0.9033049387115899,0.9446285179783442,0.5710120481782547,0.6021530696595828,-0.8312834040199848,0.9688888235353402,1.4022954521982396,96.08805881526327,1.44351029367892,1.6305617339951568,0.32201257065857714,0.5995699915563604,Leg_Drive,D:/ML Projects/AIL721/Course Project/New/New_gym_dataset/New_gym_dataset/OHP\Test\Leg_Drive\PXL_20250420_135938029_Sports2D
19.896103396193375,35.59009530528713,110.34690237040566,103.40808524981702,83.11861573170611,116.87360335192871,76.98528087210049,98.71649195335843,0.3071009828247792,0.7349124962786527,0.3002547192835387,-0.9022096843495483,0.948465741041106,0.586668217574852,0.6105262149310771,-0.854640070319792,0.9725102370052455,1.4413082878946437,95.90796011937108,1.4803961307911002,1.6371364957233445,0.3133462795814823,0.5887651562444413,Leg_Drive,D:/ML Projects/AIL721/Course Project/New/New_gym_dataset/New_gym_dataset/OHP\Test\Leg_Drive\PXL_20250420_135938029_Sports2D
20.744407160067084,31.905041930679456,110.35684047301086,104.23302060247659,82.4384320176909,117.0282930931784,76.81716082224202,94.87674883750108,0.2749195336832215,0.759310375458173,0.305501421105019,-0.8952978966954654,0.9559733884968996,0.5997858269506777,0.6336000108034967,-0.8673040446629198,0.9751676310861941,1.4670898716135974,96.85629351211078,1.502090971291904,1.654890868340728,0.31747788396639565,0.5826514507234158,Leg_Drive,D:/ML Projects/AIL721/Course Project/New/New_gym_dataset/New_gym_dataset/OHP\Test\Leg_Drive\PXL_20250420_135938029_Sports2D
20.65246621704003,29.477338524417934,110.86104031823409,103.13807311907719,82.57614025284717,116.57525369015839,76.77139353011277,92.90208483425957,0.2850074092647733,0.7517329983837789,0.3242424534570819,-0.874218914164302,0.9512350568902213,0.5951197420465206,0.6284484495376886,-0.8587974055639326,0.9726252867676689,1.453917147610453,96.4754847392312,1.4893173825621837,1.6264252244144317,0.3145591080943113,0.5869000167996787,Leg_Drive,D:/ML Projects/AIL721/Course Project/New/New_gym_dataset/New_gym_dataset/OHP\Test\Leg_Drive\PXL_20250420_135938029_Sports2D
19.851652633416027,25.323010520332602,110.94335584725575,102.44720991221406,83.21968382607908,116.61024958554881,76.92866354050491,88.71276093478382,0.3014059683296795,0.7315182184370613,0.31141231383693513,-0.8460191582121116,0.9435112837442553,0.5824342149036986,0.6121606569275085,-0.8527770759411337,0.9696033909173352,1.4352112908448322,95.94198508644754,1.4729645913124798,1.5775691115369763,0.30484965432436284,0.5644643281639373,Leg_Drive,D:/ML Projects/AIL721/Course Project/New/New_gym_dataset/New_gym_dataset/OHP\Test\Leg_Drive\PXL_20250420_135938029_Sports2D
19.97802421247902,20.870381219846838,109.93787027732058,103.79950308761515,83.87062804896034,117.608001413896,76.15134773856066,83.26237980595084,0.29019822505204546,0.7386493046857552,0.25476472707547443,-0.8273507668447075,0.953503741632049,0.5751284971144635,0.6158039095434037,-0.8700034701414814,0.9710988890445418,1.4451319672559448,97.397538855068,1.484064546904122,1.5664008927513642,0.30537272291193507,0.5067361783757304,Leg_Drive,D:/ML Projects/AIL721/Course Project/New/New_gym_dataset/New_gym_dataset/OHP\Test\Leg_Drive\PXL_20250420_135938029_Sports2D
20.032833534062004,18.37682203826212,108.60205760861162,105.45512364592916,84.73643316224135,118.79361441678216,75.23073330369664,79.58320762147996,0.2964918123729068,0.7434746616165289,0.23825126983644807,-0.822144936212904,0.9718699931752549,0.5654195545909568,0.6245280291856387,-0.8931570187389184,0.9730241079195109,1.4585765733298754,99.09159051636595,1.499363885190945,1.566702487999089,0.3143906989519044,0.48752898615296725,Leg_Drive,D:/ML Projects/AIL721/Course Project/New/New_gym_dataset/New_gym_dataset/OHP\Test\Leg_Drive\PXL_20250420_135938029_Sports2D
18.273144359165507,15.949139348993786,107.7432208401328,105.33234467267036,86.14024362114279,119.21580913394601,75.58661201969174,76.73333021504776,0.3595913539258304,0.6998330491335252,0.3352881516023693,-0.8303342143140551,0.9706553592121058,0.5427862733256993,0.6145714977536545,-0.8961824794687396,0.9707857708674797,1.4389687527944388,98.13376894745628,1.4823720140065868,1.53036025163026,0.32156039538953995,0.5711813147186874,Leg_Drive,D:/ML Projects/AIL721/Course Project/New/New_gym_dataset/New_gym_dataset/OHP\Test\Leg_Drive\PXL_20250420_135938029_Sports2D
15.927249694296256,14.466420514110967,106.92098481880613,104.25814685211076,87.61052815084031,118.78965982175725,76.46222215486345,75.6767606923537,0.4118121487055667,0.6500403224147484,0.44236898905849675,-0.844371705519991,0.9572414616958331,0.5187139137572386,0.6066694495941684,-0.8863223455773793,0.9680097836765079,1.4050362593346182,96.71597418079466,1.4481117448988616,1.4947243992550516,0.3310097862550052,0.6725248808894746,Leg_Drive,D:/ML Projects/AIL721/Course Project/New/New_gym_dataset/New_gym_dataset/OHP\Test\Leg_Drive\PXL_20250420_135938029_Sports2D
16.016807302065203,17.1434433795291,105.48637404262337,104.13389424235251,88.43446059943703,118.05472888441287,75.5487320984978,79.08871449511622,0.3850414240189767,0.6577598474575057,0.4168226142141519,-0.8449002845553785,0.9646405724023869,0.5083911412834213,0.632423842251973,-0.8864625802769669,0.9706290625332895,1.3948537215603882,97.56651510614462,1.4338705870275386,1.5029961797660034,0.3159595478399106,0.6463686389841947,Leg_Drive,D:/ML Projects/AIL721/Course Project/New/New_gym_dataset/New_gym_dataset/OHP\Test\Leg_Drive\PXL_20250420_135938029_Sports2D
17.846307622041905,17.33616251907292,103.40137015901968,105.36015374709442,88.65078656653095,117.41231047264503,73.50290581142713,79.92385204642785,0.2993070576117544,0.717619325632285,0.2612959606550581,-0.8243244240741382,1.0000958672177656,0.5100748821873363,0.6886220495374675,-0.9002592686106322,0.9779579321031578,1.4103341507979683,100.35595622914157,1.4443193400378487,1.5424121922335015,0.30044097867521974,0.49617622888209983,Leg_Drive,D:/ML Projects/AIL721/Course Project/New/New_gym_dataset/New_gym_dataset/OHP\Test\Leg_Drive\PXL_20250420_135938029_Sports2D
22.302501851678322,29.903742163865243,121.45269804589294,82.96926103813607,118.22256443043412,142.64452351446317,39.474933717887566,67.25921864940206,0.7945804604112782,0.4525374748344344,-0.16355369282640572,-0.8931269616744961,1.3774875389428987,-0.25521598800213235,0.1614360895643389,-1.029345007637394,0.5049003488760542,0.7741290196352617,126.09672786067901,1.441546692472064,1.651918227784109,0.4144850526757994,0.6944851150502478,Leg_Drive,D:/ML Projects/AIL721/Course Project/New/New_gym_dataset/New_gym_dataset/OHP\Test\Leg_Drive\PXL_20250420_135943357_Sports2D
20.348889640802803,25.548730142746017,117.08586687078125,87.12574280219434,117.62299969854155,141.8346093715172,42.02811066065564,63.71412077122885,0.7378683211505552,0.5041799185971915,-0.20338446242954777,-0.8604869848614288,1.3995232349546498,-0.22993767029990267,0.19630922107354032,-1.0579053545318668,0.5777313194969356,0.8279676842319641,126.46343026539708,1.4605664823390725,1.657791470599554,0.39382543180076734,0.6071778314622472,Leg_Drive,D:/ML Projects/AIL721/Course Project/New/New_gym_dataset/New_gym_dataset/OHP\Test\Leg_Drive\PXL_20250420_135943357_Sports2D
19.08162212972977,26.854505437826596,116.63681385118515,88.74984224414416,116.4582877150662,141.8449438103954,44.46009015520408,65.00956162743122,0.6988016852912186,0.5264654166543807,-0.1337173989321605,-0.914156813325767,1.4181178768318479,-0.20653667206605889,0.20743397036299815,-1.0731690033773356,0.6004885912094495,0.8666323313112766,126.67932553388792,1.4888945963555287,1.6638751260563718,0.3749240455783694,0.6691019332280055,Leg_Drive,D:/ML Projects/AIL721/Course Project/New/New_gym_dataset/New_gym_dataset/OHP\Test\Leg_Drive\PXL_20250420_135943357_Sports2D
18.669319139547174,32.545030093339705,119.8879992404938,87.83991184865975,114.80563536068813,142.53354644984168,46.5250454997647,70.01148364349802,0.6878701777029178,0.5236120444195081,-0.041214445795523864,-0.9905312146788899,1.436862031976679,-0.18653270140082337,0.19567189893850856,-1.0766970287918765,0.5779482913918037,0.8901643273910531,126.55645888197678,1.527398270298509,1.6805339024533195,0.36518724304524813,0.7916696800688459,Leg_Drive,D:/ML Projects/AIL721/Course Project/New/New_gym_dataset/New_gym_dataset/OHP\Test\Leg_Drive\PXL_20250420_135943357_Sports2D
18.083475926582913,33.00306997919999,123.3380615531993,86.89810892730745,113.31678933616404,143.55295981667072,48.59973473725304,69.45011016252927,0.7086065951538821,0.4897790813719422,-0.04513909959782596,-0.9886274124416893,1.4638676092505836,-0.17607928517308422,0.16865868523395958,-1.0687753841854652,0.549681264204953,0.892696099012381,126.58466388790856,1.573045607108778,1.6594632666338387,0.36170790788221996,0.8051606557517019,Leg_Drive,D:/ML Projects/AIL721/Course Project/New/New_gym_dataset/New_gym_dataset/OHP\Test\Leg_Drive\PXL_20250420_135943357_Sports2D
16.265293167744396,29.956736562823508,124.67899295562084,87.17784572766472,112.5228931263665,144.379731809652,51.211813705889085,65.57700475317156,0.7741966592928602,0.40749240175059126,-0.058207705234289475,-0.9620385557077427,1.5027576747731959,-0.17803840451679603,0.1391312381544888,-1.0516509856732363,0.5416805399314576,0.8736125811564402,127.21791334621105,1.6194678140056538,1.6026578142325292,0.37937074080627264,0.7802949854375557,Leg_Drive,D:/ML Projects/AIL721/Course Project/New/New_gym_dataset/New_gym_dataset/OHP\Test\Leg_Drive\PXL_20250420_135943357_Sports2D
13.905090986541719,26.744914176814234,124.8824299309586,86.70691858212608,112.56127798615653,144.15062649924127,53.53363102730173,62.594287677572986,0.8791752611329579,0.2863767390928296,-0.05524424740392615,-0.9358358454773777,1.5203964964990935,-0.18751980589144612,0.12956688050902126,-1.031656212513057,0.5381279659675945,0.8441364066216109,127.8249280047157,1.6269521485585055,1.5384873804539632,0.45807096940148995,0.7607087984723901,Leg_Drive,D:/ML Projects/AIL721/Course Project/New/New_gym_dataset/New_gym_dataset/OHP\Test\Leg_Drive\PXL_20250420_135943357_Sports2D
12.43190606681423,24.182271888044372,125.06047358023822,84.04310788705392,113.60953644806816,142.71311791536044,53.95855748511759,61.46915397268393,0.9529771031978845,0.18766123315033778,-0.16779979845342455,-0.8470263385818354,1.4951538520411702,-0.20685271635471608,0.15248517458143743,-1.0211502181950998,0.5199662847360546,0.8142975018403837,127.67367422464764,1.5702992068185468,1.5253587231769874,0.5308334352853163,0.6417576505139863,Leg_Drive,D:/ML Projects/AIL721/Course Project/New/New_gym_dataset/New_gym_dataset/OHP\Test\Leg_Drive\PXL_20250420_135943357_Sports2D
12.802482976432128,24.968287328955167,124.5392609852122,81.1136116745454,115.56356968542816,141.21644234518567,51.633947338139684,63.75184498376951,0.9289941891504903,0.1758002381367494,-0.3594874824476102,-0.7524330917066774,1.4512308135690433,-0.23761584654811357,0.1877126248514015,-1.0222604165287419,0.49844491052536893,0.7846445699806284,126.9866441384632,1.4873282470323743,1.588018303633951,0.500943383042779,0.508618697776281,Leg_Drive,D:/ML Projects/AIL721/Course Project/New/New_gym_dataset/New_gym_dataset/OHP\Test\Leg_Drive\PXL_20250420_135943357_Sports2D
13.47998543460101,28.015063206869712,123.05465482871229,80.13986714572948,117.62405522803431,140.81857720247598,48.895959337364715,67.19648600439375,0.8487313109592718,0.22846833433528896,-0.49348001998072827,-0.735468922076253,1.4204957737996557,-0.2703846095432035,0.2023775800200036,-1.0280307426795368,0.4897064611143482,0.7576461331363333,126.46019264281541,1.4345171999921926,1.6524848838043684,0.4131126842903024,0.4939779213087235,Leg_Drive,D:/ML Projects/AIL721/Course Project/New/New_gym_dataset/New_gym_dataset/OHP\Test\Leg_Drive\PXL_20250420_135943357_Sports2D
12.911814072255018,30.897742044749336,122.0282694183483,80.77851959415774,118.75934864279218,141.56613765529815,48.32883728495283,69.33160438945119,0.8026516544136205,0.2524340274060582,-0.5295110322574303,-0.7640352010490377,1.4163525755157165,-0.29379972185801706,0.19234040716552192,-1.0363451981563678,0.48804829109537334,0.7425454762983507,126.61668836532034,1.4316352791966567,1.6756691547422868,0.36633988402372464,0.5282798633490777,Leg_Drive,D:/ML Projects/AIL721/Course Project/New/New_gym_dataset/New_gym_dataset/OHP\Test\Leg_Drive\PXL_20250420_135943357_Sports2D
11.440348229632736,30.546603237414125,122.57201867908277,81.50719026543013,118.41807269934509,142.49728164385814,50.141579071022214,68.04932159355602,0.8174424931125416,0.2179666483280449,-0.49222304928001465,-0.7758809417168819,1.434208646160967,-0.2969698696166331,0.17995906358591027,-1.0467872930321664,0.48496086804065014,0.7498174234155334,127.28441932641134,1.4612899041077418,1.6440671717324986,0.3809640759446672,0.5362239897510542,Leg_Drive,D:/ML Projects/AIL721/Course Project/New/New_gym_dataset/New_gym_dataset/OHP\Test\Leg_Drive\PXL_20250420_135943357_Sports2D
10.804893328328665,25.907310655776712,123.45556104362518,82.14535357670132,117.25645057948428,142.85736519981086,51.9386560921871,63.049945455965876,0.8328255292375409,0.20583059579656093,-0.44909697769548407,-0.736085605576976,1.4511974879362552,-0.2783616096410542,0.17751571939293737,-1.0546729916253503,0.48919961832540465,0.7763113819842961,127.86300017334226,1.491618117789537,1.5907644213369259,0.3986293592357272,0.4916579863969275,Leg_Drive,D:/ML Projects/AIL721/Course Project/New/New_gym_dataset/New_gym_dataset/OHP\Test\Leg_Drive\PXL_20250420_135943357_Sports2D
12.075017090907208,20.43617465140956,122.85588116309711,84.17471087822474,116.46736719671807,143.49795923803993,51.45761571237474,56.93821541336964,0.7951264088164536,0.26981840729984113,-0.46586488815309324,-0.6478452808995092,1.4527891940013802,-0.2541049832581602,0.164040582334203,-1.057877071028037,0.5101939818701997,0.8037720877698767,128.0191209975613,1.518855672258567,1.5595530435584979,0.3653934070109692,0.3943797426999722,Leg_Drive,D:/ML Projects/AIL721/Course Project/New/New_gym_dataset/New_gym_dataset/OHP\Test\Leg_Drive\PXL_20250420_135943357_Sports2D
14.811358093047447,19.387473194678137,121.91716399929344,89.40168319620716,115.72068367174059,147.03953086724118,49.467958235211974,52.34794232743699,0.7511408313786123,0.3698168371721386,-0.5589336494326489,-0.5553190507585949,1.4490891572051792,-0.22696270461132007,0.08771884753304361,-1.0542451458842992,0.5352689433956274,0.8272824412729791,128.04705864462989,1.5930239664535453,1.6037991010130548,0.34431187417500697,0.3184650862908971,Leg_Drive,D:/ML Projects/AIL721/Course Project/New/New_gym_dataset/New_gym_dataset/OHP\Test\Leg_Drive\PXL_20250420_135943357_Sports2D
20.024609447036433,26.16434377955458,124.04883404500438,99.63778441697627,113.02874907336778,156.71536753534846,46.946641479595804,49.44897624420613,0.7405437977915307,0.4842037558892511,-0.7367825574670299,-0.4799699782363944,1.4256132109915112,-0.15582762529835167,-0.09307135242042189,-1.03074344245441,0.5435029082912494,0.8749158171560584,128.82560914731957,1.7526780908813653,1.7641213533992874,0.38480434773707084,0.37933361617670014,Leg_Drive,D:/ML Projects/AIL721/Course Project/New/New_gym_dataset/New_gym_dataset/OHP\Test\Leg_Drive\PXL_20250420_135943357_Sports2D
28.16534236312019,43.55338698323793,132.00246047003733,118.18815858840519,105.6587740728014,175.84939313124394,46.1758835640784,47.70399385199395,0.6479375279313001,0.6523985547037311,-1.008448256776458,-0.38007834082339365,1.3074926673458689,0.019374788693615082,-0.3722754476070126,-0.9588700012882754,0.5349241184037979,0.9782447899818905,130.64441595655956,1.9438579652688286,1.951825403969132,0.4461173692308773,0.596721310378267,Leg_Drive,D:/ML Projects/AIL721/Course Project/New/New_gym_dataset/New_gym_dataset/OHP\Test\Leg_Drive\PXL_20250420_135943357_Sports2D
44.10592384505874,73.48851008049031,152.81419066711902,148.32206258689104,85.52769230764386,153.336054438346,50.366383847297406,46.824564518836304,0.3444291007094823,0.8954619537878175,-1.348504188026639,-0.2079083559392011,1.0497822815369684,0.311245654095522,-0.702560548951823,-0.8139688681628572,0.5248495713772826,1.1252145222583791,132.90437955647698,2.0825016486588,2.020754601751038,0.6382196841290669,0.9245154386175248,Leg_Drive,D:/ML Projects/AIL721/Course Project/New/New_gym_dataset/New_gym_dataset/OHP\Test\Leg_Drive\PXL_20250420_135943357_Sports2D
85.43081928175052,106.53201050212597,159.01257985673698,179.5572147307365,37.65498767960587,120.91480690786705,56.91419303864362,47.44681740999301,-0.09494302438059844,1.1823054016581969,-1.7084289559829517,0.023998594370679697,0.7258507507087453,0.6475263523831475,-1.0151792843053469,-0.6124324894748311,0.5203777283242124,1.2599588418579786,134.890884436397,2.1491118784272887,1.9862053044152597,1.059570727349954,1.3125945479709693,Leg_Drive,D:/ML Projects/AIL721/Course Project/New/New_gym_dataset/New_gym_dataset/OHP\Test\Leg_Drive\PXL_20250420_135943357_Sports2D
119.80163860687277,130.80979746821924,121.6391039208832,158.09487319776542,0.3405310282266549,99.39344609042112,59.857830364899876,50.203243558640345,-0.5045657110477642,1.4711519371013428,-2.053848901628725,0.2638787459515161,0.43120631909056945,0.9277833122254856,-1.2599407484225562,-0.3975044512666389,0.5194978290954114,1.3252877634921245,135.57074580931882,2.1485730287845004,1.9641249865234665,1.5283165566599868,1.7088170858403404,Leg_Drive,D:/ML Projects/AIL721/Course Project/New/New_gym_dataset/New_gym_dataset/OHP\Test\Leg_Drive\PXL_20250420_135943357_Sports2D
138.58202179042894,148.55960010235262,104.62684627204044,144.44255772698472,16.718366074643676,85.7877700736688,58.13634428421473,54.3473701760214,-0.8269858926164839,1.7262988336959464,-2.354853544668608,0.476582523277038,0.17339756825870356,1.104495050642754,-1.430941433237212,-0.18615809048225604,0.520193207208451,1.29065314112501,134.13696477032695,2.05905054877649,1.9738719357431271,1.9293238594044915,2.063788195166843,Leg_Drive,D:/ML Projects/AIL721/Course Project/New/New_gym_dataset/New_gym_dataset/OHP\Test\Leg_Drive\PXL_20250420_135943357_Sports2D
154.0977768308446,162.6075762907119,92.86484281197556,134.9425578035693,28.265292468671404,76.07269308421621,54.16751563782682,58.680269374928095,-1.0586198992765745,1.8997224934628913,-2.5614011209867034,0.6403828544469402,-0.07099966156158787,1.1865767649456218,-1.535517550569215,0.0161518894996643,0.5169836195236424,1.1704248754459574,131.25224758550968,1.8747551936949103,1.9606855246880905,2.2144231485039896,2.315034784297737,Leg_Drive,D:/ML Projects/AIL721/Course Project/New/New_gym_dataset/New_gym_dataset/OHP\Test\Leg_Drive\PXL_20250420_135943357_Sports2D
167.4065181723698,173.0464098685356,83.22707478926543,129.12076432116666,37.008136645237116,69.35597575566918,49.6016184728673,62.402385624204776,-1.202469037945097,1.9864358637996484,-2.6654611652521627,0.7475966324809059,-0.2906567030882771,1.2104671522623451,-1.5837952453273698,0.18217270014582634,0.5035509964109439,1.0282944521165187,128.40061623688712,1.652149136633209,1.9170468449197755,2.38337559764008,2.446869525656237,Leg_Drive,D:/ML Projects/AIL721/Course Project/New/New_gym_dataset/New_gym_dataset/OHP\Test\Leg_Drive\PXL_20250420_135943357_Sports2D
177.46810701397368,179.44450119893733,76.70730413765018,126.04610704122284,42.65458452359685,65.40799570246993,45.18647750962315,64.85249690140614,-1.3134688102184928,2.065483875176775,-2.739177845880556,0.8224092893694681,-0.4611808951826792,1.2187257738771546,-1.6034188647875585,0.2892321934096916,0.490324141210311,0.9294935804674631,127.43513189543856,1.4726390920172197,1.8915286622857341,2.5245609822810726,2.538778439129059,Leg_Drive,D:/ML Projects/AIL721/Course Project/New/New_gym_dataset/New_gym_dataset/OHP\Test\Leg_Drive\PXL_20250420_135943357_Sports2D
177.03414965119774,178.18760115175556,74.16475327507145,124.35485531448384,45.30185679111397,63.821465380669245,42.33600644231178,65.63386422891365,-1.4149546085467082,2.168946575781529,-2.805948864034122,0.8732771002394982,-0.5627540920449315,1.2335719900605242,-1.6129410623384575,0.3329547435411824,0.49191626430285484,0.9006172465193418,129.09094090742988,1.3834753692431159,1.9009535524705348,2.668596135573518,2.6215573147085904,Leg_Drive,D:/ML Projects/AIL721/Course Project/New/New_gym_dataset/New_gym_dataset/OHP\Test\Leg_Drive\PXL_20250420_135943357_Sports2D
176.30841236099093,179.2193620365241,74.58588732056381,124.41248155117073,45.25190980384658,64.25027867558109,41.560322164837295,65.03091663905744,-1.422371904512791,2.2052663317457433,-2.786316059336547,0.8662101172319754,-0.5687401062326484,1.2424555657453935,-1.6020264397212165,0.3147445963116783,0.4975463040671958,0.9277109694337152,131.13266546124996,1.3886426069301963,1.9113909079792737,2.6968385063021896,2.6034404126033253,Leg_Drive,D:/ML Projects/AIL721/Course Project/New/New_gym_dataset/New_gym_dataset/OHP\Test\Leg_Drive\PXL_20250420_135943357_Sports2D
179.48697956984452,177.58729202082858,76.95711987126619,126.32422859056713,42.89838430368865,66.1797327655221,42.38536387353257,63.76702478635079,-1.3258169289758666,2.158777845147134,-2.6951724287936027,0.806863031337165,-0.4873630212534441,1.2400824629576532,-1.5770517423896036,0.25587990283874823,0.4978143586558856,0.9842025601189051,132.25932725913407,1.4683583310336634,1.9242682112117127,2.596786668350219,2.4958308225287573,Leg_Drive,D:/ML Projects/AIL721/Course Project/New/New_gym_dataset/New_gym_dataset/OHP\Test\Leg_Drive\PXL_20250420_135943357_Sports2D
174.88506038699765,174.05102508325962,81.12273289836416,128.24884845181361,39.243828033078756,68.6154093832565,44.358767646081134,62.666434466515966,-1.25183674015558,2.138129347475177,-2.651022055560521,0.7523103864848749,-0.38229916872128467,1.2489075954909994,-1.5663391547962953,0.19165883211581217,0.5055302961494695,1.0572487633751873,133.3306133582674,1.5873643678383593,1.9693180899705014,2.527429324886164,2.4365712067838228,Leg_Drive,D:/ML Projects/AIL721/Course Project/New/New_gym_dataset/New_gym_dataset/OHP\Test\Leg_Drive\PXL_20250420_135943357_Sports2D
169.51383120942597,171.73478446178584,85.48561973807246,128.73752595543354,36.05863647406396,70.28178216756984,46.54480526463798,62.01656662935575,-1.2482040109921524,2.159795512093269,-2.6619601463390565,0.7284775708258143,-0.3059752723248547,1.26705314286989,-1.5707163903582337,0.14865763950472902,0.5231570022126011,1.118395503365161,134.77465389394112,1.68830642881905,2.0118094987411506,2.5311227862117702,2.4452403574486046,Leg_Drive,D:/ML Projects/AIL721/Course Project/New/New_gym_dataset/New_gym_dataset/OHP\Test\Leg_Drive\PXL_20250420_135943357_Sports2D
165.85555152442808,170.28677214336932,88.2783296825985,128.479756451703,34.223266556092376,70.98135269039368,48.367715031664304,61.268124833763004,-1.2295385836538288,2.127151954944752,-2.626039485094853,0.7081884966146773,-0.25057010001227675,1.2569961131869731,-1.5596422918915265,0.12358176231918372,0.537323104704174,1.1334143508677894,136.19170779994633,1.731559440014866,1.9908973011689073,2.4860685014577504,2.4110994250722637,Leg_Drive,D:/ML Projects/AIL721/Course Project/New/New_gym_dataset/New_gym_dataset/OHP\Test\Leg_Drive\PXL_20250420_135943357_Sports2D
162.82060281219483,167.42500054588166,90.10313348190412,129.39781914218023,32.82971251873498,72.33066514281941,50.009109706540166,59.75566568870104,-1.1536872237097104,2.0229132585583627,-2.5274412736645124,0.6650903988438462,-0.18689960891612817,1.2119440344744095,-1.5237316269632462,0.07987723324559841,0.5436556902695443,1.1320668012288109,135.83074662653559,1.7517691305992245,1.931549406080654,2.3540822557965857,2.3066387383408444,Leg_Drive,D:/ML Projects/AIL721/Course Project/New/New_gym_dataset/New_gym_dataset/OHP\Test\Leg_Drive\PXL_20250420_135943357_Sports2D
159.09929902253768,161.559626220241,92.4694594122733,132.41527536066795,30.831644996460057,75.71637976940133,51.73234597392242,57.27600598964228,-1.0855077727171678,1.9369215909263084,-2.4570545386052465,0.6164489988727991,-0.11951926250673214,1.1749149180468959,-1.498738549707107,0.0006541944776307472,0.549038928558338,1.174260723569265,132.2479817111103,1.8113900985439122,1.903887706085252,2.2413859369819997,2.225305058596085,Leg_Drive,D:/ML Projects/AIL721/Course Project/New/New_gym_dataset/New_gym_dataset/OHP\Test\Leg_Drive\PXL_20250420_135943357_Sports2D
154.13134936703878,153.7837596530008,95.88437999360713,136.51196767330907,27.897971905462054,80.2943195723783,53.76662253842327,54.0780792253791,-1.0518659273065556,1.8997587321171585,-2.4320942837840622,0.5793363968384666,-0.057083065742258216,1.170797431557636,-1.5061172776214102,-0.09149922493977826,0.5560396313830003,1.2622966564974143,128.29809753723285,1.9217421773486645,1.9101166088821473,2.1871050427388945,2.1912092653027875,Leg_Drive,D:/ML Projects/AIL721/Course Project/New/New_gym_dataset/New_gym_dataset/OHP\Test\Leg_Drive\PXL_20250420_135943357_Sports2D
147.9416523487267,146.21419156703507,100.39358536073851,139.98117206903922,24.03764854406404,84.41240597384186,56.09599619533737,50.62659754087693,-0.9856256569839121,1.8404201942893732,-2.357030351930539,0.5271325653759549,0.018686091250795726,1.1654488311881388,-1.4998171228803028,-0.17632415299107043,0.5654167172719876,1.3417729841792092,126.72505151416898,2.026377741784502,1.89880889864638,2.0930717712639857,2.106518227087153,Leg_Drive,D:/ML Projects/AIL721/Course Project/New/New_gym_dataset/New_gym_dataset/OHP\Test\Leg_Drive\PXL_20250420_135943357_Sports2D
140.8851817275183,139.25525747414508,106.75551214180125,142.78365633628462,18.96370732033148,88.50287579841736,58.078525592813214,47.75813327256242,-0.8408278960185513,1.7127967389132435,-2.181117260957665,0.42509549039310984,0.12429591386609141,1.1115580838966534,-1.4207413895309267,-0.26538435451287534,0.5838135861693973,1.3769424384095288,127.89125231717313,2.0695677682988562,1.858642000819201,1.8903354385601312,1.9145059019944801,Leg_Drive,D:/ML Projects/AIL721/Course Project/New/New_gym_dataset/New_gym_dataset/OHP\Test\Leg_Drive\PXL_20250420_135943357_Sports2D
132.66176460602415,131.25804962849833,115.55685398777099,147.35177626632787,11.84955995215215,94.75819020625106,59.18779534612803,46.01623983474939,-0.6659916556763055,1.5609189113461048,-1.9689169626797935,0.28110298015631846,0.24773746925910617,1.0159632006275978,-1.286278690917585,-0.3777393160961087,0.6074647661613868,1.3937025167237067,130.81780643436846,2.0725858932274033,1.8263469476956764,1.6464621813304359,1.6770243011715267,Leg_Drive,D:/ML Projects/AIL721/Course Project/New/New_gym_dataset/New_gym_dataset/OHP\Test\Leg_Drive\PXL_20250420_135943357_Sports2D
121.9126423652671,120.04312438619293,126.25229210259934,156.43538029719375,1.950835948647914,104.63850834844095,60.03819358338076,44.681632734633865,-0.5260510114366278,1.439113453426944,-1.794317126471136,0.13351808150089906,0.37206033956777146,0.9213865620816244,-1.1586638279878598,-0.5092388494148855,0.6184512981306737,1.4306254114965098,133.68231028934844,2.0951862793456906,1.8201863129194857,1.4564129453735342,1.4696800871284341,Leg_Drive,D:/ML Projects/AIL721/Course Project/New/New_gym_dataset/New_gym_dataset/OHP\Test\Leg_Drive\PXL_20250420_135943357_Sports2D
107.69734633545293,106.33429233335677,139.07685866701087,169.2887334518126,11.266029344572297,117.09956277425101,61.0366243199748,43.4338551076078,-0.4181415972402754,1.3527340499539118,-1.6723024537116316,0.009036326778292605,0.5019802663659304,0.8434707718024136,-1.0541834339553469,-0.6438330338345727,0.6130563877954139,1.4873038056369863,134.92706393303334,2.1526072731596613,1.8380541409796145,1.325057654900714,1.3156870879588407,Leg_Drive,D:/ML Projects/AIL721/Course Project/New/New_gym_dataset/New_gym_dataset/OHP\Test\Leg_Drive\PXL_20250420_135943357_Sports2D
88.5046419126438,91.87189872490144,158.06953023113985,175.9596633200469,30.50060056073441,131.60926635035844,60.99475752662178,43.481165075259874,-0.26620142716915274,1.2661471903057808,-1.564385185821417,-0.10512256781398427,0.6600582256881494,0.7526022832574844,-0.9275400417791592,-0.7766593020214699,0.6097154317383703,1.5292615852789542,134.64613259494425,2.204338734195609,1.8882960098359474,1.167475527455464,1.185028820930475,Leg_Drive,D:/ML Projects/AIL721/Course Project/New/New_gym_dataset/New_gym_dataset/OHP\Test\Leg_Drive\PXL_20250420_135943357_Sports2D
64.31349164454305,75.57900430495317,174.60512446900356,158.67294807650325,57.021761783138714,149.70016567135463,58.664746572318236,45.279169976307806,-0.029795942830719284,1.1464552503147316,-1.421740209308151,-0.23689334087612335,0.8525545367851719,0.6092338744780023,-0.7422522565855432,-0.909791826088249,0.6207799609092727,1.5190257005662513,133.45900378097116,2.202464026303761,1.962437811939303,0.9364350278510986,1.032367307954056,Leg_Drive,D:/ML Projects/AIL721/Course Project/New/New_gym_dataset/New_gym_dataset/OHP\Test\Leg_Drive\PXL_20250420_135943357_Sports2D
41.9504094730068,58.316554958132684,147.47950447351158,140.13474476057502,82.87872676740623,169.5070239985072,55.170863759586986,47.82357895663985,0.215073980667505,0.9745384212383972,-1.2373662920359327,-0.37308023908405685,1.0397030214313319,0.4007841807738564,-0.5160754355851619,-1.0265661662032792,0.6379855263016736,1.4273503469771356,131.3770876804084,2.111344505364383,1.981327534614134,0.6772172318773523,0.8540565178674856,Leg_Drive,D:/ML Projects/AIL721/Course Project/New/New_gym_dataset/New_gym_dataset/OHP\Test\Leg_Drive\PXL_20250420_135943357_Sports2D
24.97600130179305,43.00973701129637,127.67492337617675,123.16947091896101,101.9100832456336,172.75447754077138,53.11391545257336,50.25525947052503,0.43636897141764563,0.7126674990871809,-1.0203468513632472,-0.4825462742754828,1.178230788311056,0.15594358749029055,-0.28254850321941377,-1.0960521187474117,0.6483191611196376,1.2519957062377023,128.8441002038009,1.9238943284395595,1.8842921621595814,0.39247825543795783,0.6589798736266176,Leg_Drive,D:/ML Projects/AIL721/Course Project/New/New_gym_dataset/New_gym_dataset/OHP\Test\Leg_Drive\PXL_20250420_135943357_Sports2D
15.607609999957312,30.478448038042885,116.68585155908157,108.01930668745386,113.24713065821852,157.95228890475394,51.14525934182416,52.52615913328898,0.6943703958760509,0.40545817999619155,-0.7376907468794618,-0.5961010354546993,1.272864293734401,-0.060573540887173094,-0.06169620170195208,-1.1143197103977314,0.643683197370037,1.0537461695105583,126.73244001592496,1.7004213318285262,1.7475468459085233,0.3227441898319197,0.44863681150582435,Leg_Drive,D:/ML Projects/AIL721/Course Project/New/New_gym_dataset/New_gym_dataset/OHP\Test\Leg_Drive\PXL_20250420_135943357_Sports2D
17.28405813787007,22.714555637709637,113.3457981868775,96.07684670851232,117.74967419020112,147.1723190855909,44.966267671928804,55.54223655211872,0.902760985663761,0.2535992694035365,-0.4001295491953201,-0.7491945487571302,1.3444632805356047,-0.18862342769544974,0.12343477932988298,-1.1084623682342774,0.6280245539621061,0.9198389405388276,125.44711757983625,1.5287296285767094,1.6441165371002844,0.5172046660118167,0.4353221015177303,Leg_Drive,D:/ML Projects/AIL721/Course Project/New/New_gym_dataset/New_gym_dataset/OHP\Test\Leg_Drive\PXL_20250420_135943357_Sports2D
20.888604473363788,20.447802108155077,113.74849945506162,89.00229807169178,118.01647614593016,140.76727367268353,41.09491938070606,59.68052843547158,0.899933175320196,0.3430750500187818,-0.15433238677700373,-0.8611357274954456,1.393868175301535,-0.2232346343676491,0.2515481158119667,-1.0984982163157688,0.618888667095127,0.8752635819481196,124.9995770415546,1.4390904961804534,1.6004997569839068,0.5083075761591357,0.6010002319130524,Leg_Drive,D:/ML Projects/AIL721/Course Project/New/New_gym_dataset/New_gym_dataset/OHP\Test\Leg_Drive\PXL_20250420_135943357_Sports2D
18.901958194284294,17.9570746823962,114.50756727528439,85.7886024585905,117.16712507764667,137.46329481152162,43.93091672806908,60.4937798708746,0.7532174965671449,0.4729226840493915,-0.10363833378451155,-0.8447960101319494,1.416501910320564,-0.21558783008752777,0.316545926790904,-1.0825850478257646,0.6201256084340736,0.8669972177382369,124.90897805630829,1.4005667928622845,1.5718092985482064,0.3960049980075604,0.6076487698060941,Leg_Drive,D:/ML Projects/AIL721/Course Project/New/New_gym_dataset/New_gym_dataset/OHP\Test\Leg_Drive\PXL_20250420_135943357_Sports2D
15.587869513582472,15.61674653928554,115.67033335174278,83.89008438630759,116.65314602390502,136.21356376195544,47.758984462512565,59.40318277733009,0.6640196605650989,0.4785870849743908,-0.10890695441391074,-0.7998804962204663,1.4215251415564036,-0.20926569138049678,0.3226205284090223,-1.0550527838610384,0.6112027514485885,0.8457870924805416,124.50207671757632,1.386703701085161,1.4939527798123804,0.3192172049680773,0.5714747088405012,Leg_Drive,D:/ML Projects/AIL721/Course Project/New/New_gym_dataset/New_gym_dataset/OHP\Test\Leg_Drive\PXL_20250420_135943357_Sports2D
14.097741486671142,17.447339833757198,117.68753712635151,82.68543289256868,116.04915255263187,136.4221225715519,49.85310596069702,61.02521726220531,0.6672175975992041,0.4351744678982319,-0.02226280164633232,-0.8533491444529686,1.4242291737251938,-0.20334812330680624,0.29415371579592503,-1.0285596762925264,0.5914969766862526,0.8252115529857201,123.84549129231843,1.3993014856688857,1.4613953334161056,0.2986124484652015,0.675274979588499,Leg_Drive,D:/ML Projects/AIL721/Course Project/New/New_gym_dataset/New_gym_dataset/OHP\Test\Leg_Drive\PXL_20250420_135943357_Sports2D
14.185445483817373,24.685163252756094,118.38237068614704,83.3819232607363,115.41388698069863,137.17818092758205,50.40066753548399,67.50698232517406,0.6913162098298182,0.4196420872370741,0.075587137150208,-0.9459736448185343,1.4327734162638104,-0.19373010843576519,0.27665991679371454,-1.0292320108121618,0.5906583738082641,0.8355019023763967,123.2091703358313,1.4264157362184313,1.4980082171272184,0.3135512644993962,0.8079759904152819,Leg_Drive,D:/ML Projects/AIL721/Course Project/New/New_gym_dataset/New_gym_dataset/OHP\Test\Leg_Drive\PXL_20250420_135943357_Sports2D
14.19135187911352,23.97815653492402,116.48237213066578,85.87377474161997,115.46699311191118,137.82313998419679,50.34165500897532,66.15501655072721,0.7598112683456102,0.3736038891879656,0.03914792157463419,-0.9500801853344801,1.439604152545198,-0.18993667323676847,0.2871450730936221,-1.0596926227705297,0.6163576339895895,0.8697559495337611,122.31436496697165,1.4438273240106476,1.5071480313902441,0.3718784843144457,0.7742243954255388,Leg_Drive,D:/ML Projects/AIL721/Course Project/New/New_gym_dataset/New_gym_dataset/OHP\Test\Leg_Drive\PXL_20250420_135943357_Sports2D
14.412628769655168,20.147166140245933,114.63979261866538,87.7844103753156,116.02499412157339,138.44919711555443,49.56237710877142,61.6979690246915,0.9369473647122836,0.2275455971043942,-0.08564798354674825,-0.879360977212941,1.4295622112888449,-0.19226057897398066,0.2920039760253545,-1.082722874770912,0.6338563453611445,0.8904622957969313,121.0713235312503,1.4446320773303245,1.506964966596088,0.5574347115198685,0.6379484846228242,Leg_Drive,D:/ML Projects/AIL721/Course Project/New/New_gym_dataset/New_gym_dataset/OHP\Test\Leg_Drive\PXL_20250420_135943357_Sports2D
15.614557442918269,19.951908383272283,114.84431323654528,87.68922819420546,116.52174292878506,139.05528435953585,47.863699628296686,60.89662402373649,1.0914381619590454,0.09196625280032394,-0.1348255839530664,-0.8490096685480979,1.4108257342330877,-0.1969903337048395,0.2713510626576541,-1.0751160378385538,0.6243424846822433,0.8781257041337142,120.4497346001753,1.4385782145654347,1.5456902856316062,0.7346420203743699,0.5946456475652143,Leg_Drive,D:/ML Projects/AIL721/Course Project/New/New_gym_dataset/New_gym_dataset/OHP\Test\Leg_Drive\PXL_20250420_135943357_Sports2D
15.649229788931002,20.189508608886644,114.1848594384327,87.72699017913637,117.4715193846818,139.3833690022509,46.879250826387185,60.80613960663575,1.0100964508911354,0.15119986368432223,-0.15560014922724064,-0.8327769477202677,1.3997533956378876,-0.21369942622482258,0.25072818584718265,-1.0598090414059105,0.6203763283909982,0.846109615181088,121.5662044053461,1.4269409285728902,1.5254700681788171,0.6380693129194772,0.5736339269450386,Leg_Drive,D:/ML Projects/AIL721/Course Project/New/New_gym_dataset/New_gym_dataset/OHP\Test\Leg_Drive\PXL_20250420_135943357_Sports2D
14.005178920242685,18.55185036493605,110.26189044358573,89.77973193386998,119.40212566672177,139.4437480441774,46.592695413035564,59.108102320758626,0.704268398348841,0.4061287394701736,-0.2828825872499802,-0.7411604230850986,1.3962306620887914,-0.24839457217192834,0.24799268176992564,-1.0587807636631652,0.6472686361208868,0.8103861914912368,124.22727710936034,1.4054096338101643,1.5135189099860966,0.33350129998391514,0.42892982660640405,Leg_Drive,D:/ML Projects/AIL721/Course Project/New/New_gym_dataset/New_gym_dataset/OHP\Test\Leg_Drive\PXL_20250420_135943357_Sports2D
2.0870362089699315,150.07515225164713,159.68928319534746,58.868518375017594,116.67263077879183,155.2304323491569,61.24033301223823,125.30558460080404,0.8443593460840021,-0.1864634226751963,9.440494968906416,-7.910313771501434,1.7795505281251114,-0.6997321702952194,0.13924007247384956,-1.3232970350823068,0.110808323707394,0.6235648647870874,44.49497726115115,1.7548366110597844,11.556444602775532,0.37133543470556024,12.735968604908786,Leg_Drive,D:/ML Projects/AIL721/Course Project/New/New_gym_dataset/New_gym_dataset/OHP\Test\Leg_Drive\PXL_20250420_135948296_Sports2D
2.926478258961203,150.5014108604539,153.56895565328287,63.39762804962651,117.96006416937,154.92664787227937,59.11345757166887,125.42805873273322,0.8471985954809366,-0.1371203546430501,7.450023950658993,-6.51877275253743,1.7471473454229771,-0.6754415183824051,0.11491656921859335,-1.3005750797533753,0.026683262820257854,0.6251335613709703,44.39134855101722,1.7478470403159192,9.182744143148783,0.3687705151282217,10.289245282045574,Leg_Drive,D:/ML Projects/AIL721/Course Project/New/New_gym_dataset/New_gym_dataset/OHP\Test\Leg_Drive\PXL_20250420_135948296_Sports2D
3.857613755304928,151.11685764845166,147.31307738700076,67.93939895953332,119.30633147652323,154.55880782305732,56.83605476817199,125.67566547150896,0.8447517714356784,-0.08549296531387787,5.323779550659333,-5.025736345454583,1.7022118476123917,-0.6458288004034453,0.09026267348042515,-1.268442426950895,0.05896821786292268,0.6226136265474498,44.21489746497206,1.7280126932251672,6.668410192998122,0.3642446769309953,7.672601334254209,Leg_Drive,D:/ML Projects/AIL721/Course Project/New/New_gym_dataset/New_gym_dataset/OHP\Test\Leg_Drive\PXL_20250420_135948296_Sports2D
4.964372257855841,152.31992689449646,140.8965341105074,72.32243481469426,120.76755747867573,153.98652640387732,54.26807026346844,126.30645329837381,0.8381490369503849,-0.03216009235457208,3.0994903661317585,-3.453400905540339,1.6426778480568613,-0.6109528118231358,0.06836691455960826,-1.2262937117378214,0.14497632821087106,0.6153408999146858,43.82014491588927,1.6902956364011616,4.10104295379502,0.3590214974438635,4.934460618468131,Leg_Drive,D:/ML Projects/AIL721/Course Project/New/New_gym_dataset/New_gym_dataset/OHP\Test\Leg_Drive\PXL_20250420_135948296_Sports2D
6.193020946481168,155.74040120717345,134.30603777656333,76.32783381029333,122.4706759779689,153.10454756482565,51.33630307554996,128.84494877199913,0.8263479222881643,0.01928190248370354,1.0418367259055354,-1.9716788943665244,1.5653336613430247,-0.571988947487274,0.050325934443057954,-1.1732022610668174,0.2287465347882776,0.6012133135795433,41.7655058299371,1.629940447069125,2.0025884048098703,0.3526667911510958,2.4054397091753668,Leg_Drive,D:/ML Projects/AIL721/Course Project/New/New_gym_dataset/New_gym_dataset/OHP\Test\Leg_Drive\PXL_20250420_135948296_Sports2D
6.8933230687070415,35.22071711169147,127.97384947976724,80.23648682478397,124.33233068295193,152.5426669875032,48.77434624834101,62.67805012418829,0.8015602503203356,0.060914663009726366,-0.37579871143563937,-0.9075732681797051,1.4797898473943656,-0.5333670781231006,0.02346419602389764,-1.113841963849608,0.3039303011001408,0.5804748857265075,130.96091091900263,1.56774854354862,1.5245140201673097,0.3377184650869812,0.7622687274892933,Leg_Drive,D:/ML Projects/AIL721/Course Project/New/New_gym_dataset/New_gym_dataset/OHP\Test\Leg_Drive\PXL_20250420_135948296_Sports2D
6.077255692912614,29.88901343750986,123.06204755129323,85.64536701501633,125.47947605768864,154.18689062399818,48.44326824939876,55.70212281351168,0.755519523610067,0.0921446151390137,-0.9657577071939977,-0.43227139381844687,1.423511336826761,-0.5000247847114057,-0.03893940393001807,-1.0644536579940427,0.36582683487875645,0.564428873282637,133.17264590088672,1.5675911846317454,1.7993908568555583,0.30404321979507,0.5591026855253899,Leg_Drive,D:/ML Projects/AIL721/Course Project/New/New_gym_dataset/New_gym_dataset/OHP\Test\Leg_Drive\PXL_20250420_135948296_Sports2D
4.384218997979166,33.647723873403336,120.5388852503342,95.17938440519,124.74809892409799,160.4663685796221,50.86768207792279,53.18135529378124,0.6841725636022388,0.13842319799436925,-1.080654812191875,-0.34790184832717785,1.4254486280676664,-0.46469010215597845,-0.16057790407920167,-1.0366743932335452,0.418073447921324,0.5719842910775667,133.49245286060622,1.6860148842502327,1.8306085646669505,0.24056310629369168,0.6416547888167802,Leg_Drive,D:/ML Projects/AIL721/Course Project/New/New_gym_dataset/New_gym_dataset/OHP\Test\Leg_Drive\PXL_20250420_135948296_Sports2D
4.325075525461827,43.9834560952218,120.26384942920174,111.4314021513614,122.24909906485108,173.94435064541426,53.42582540968718,50.03910544980758,0.5693877910684481,0.24748201552274507,-1.1622082120925616,-0.3359304153745598,1.434860643613672,-0.39466978831225774,-0.3611971017506847,-1.0071274418786802,0.46154814244816406,0.6124576535664223,134.04157942375525,1.8976110776698645,1.827236925712888,0.1269346172581059,0.7263033702634508,Leg_Drive,D:/ML Projects/AIL721/Course Project/New/New_gym_dataset/New_gym_dataset/OHP\Test\Leg_Drive\PXL_20250420_135948296_Sports2D
7.920822344085231,63.26712030142128,123.15032584062797,136.0155930822676,118.06815112855207,162.7659299485523,54.01102652736277,46.03305024997359,0.37829286232601933,0.4576544551271478,-1.370913961407955,-0.22511538745164103,1.33656162628058,-0.23828682880359095,-0.6493021880571002,-0.9211637958277612,0.48147105421858777,0.6828769670241703,135.89692977033422,2.099994295513188,1.8777377799183155,0.22504755323891903,0.9328137554965712,Leg_Drive,D:/ML Projects/AIL721/Course Project/New/New_gym_dataset/New_gym_dataset/OHP\Test\Leg_Drive\PXL_20250420_135948296_Sports2D
18.787089675433645,88.0435535460099,134.18565445932734,163.06740526604338,108.30674892539155,134.44019134923752,52.90616139917482,42.483744895247426,0.10954656939080001,0.7534894869613689,-1.6440740390912785,-0.01411601081934604,1.0785092393907885,0.020832560826519173,-0.9713939929890293,-0.7486357208899951,0.46186621434893155,0.7694682817165143,139.86514499674578,2.1895626729301423,1.9142631581671927,0.6201396895787736,1.2200197463037754,Leg_Drive,D:/ML Projects/AIL721/Course Project/New/New_gym_dataset/New_gym_dataset/OHP\Test\Leg_Drive\PXL_20250420_135948296_Sports2D
57.98186384563993,108.47524318772092,174.52550097596688,178.25882834500192,70.87855136470783,112.85477600432695,51.13958478965224,41.33001919204787,-0.1779458024947414,1.055881813298616,-1.8704015256414288,0.21324928823921513,0.7479779832036106,0.3098111254253026,-1.217180129567919,-0.5295118101302076,0.416216483961419,0.8393229355555102,144.43423268644784,2.136892462980128,1.8906178744262307,1.057769201790376,1.477140252337134,Leg_Drive,D:/ML Projects/AIL721/Course Project/New/New_gym_dataset/New_gym_dataset/OHP\Test\Leg_Drive\PXL_20250420_135948296_Sports2D
130.4742316482232,124.28142659461555,112.6542972152326,166.44769441871972,0.2330367767011287,98.8689548572508,49.29273157507511,43.15038145186637,-0.4245018567581441,1.3050463354764266,-2.0271133336175953,0.40124484390737547,0.4636267780408063,0.5409391535631163,-1.3433109894570487,-0.32819556347490847,0.3814134164607511,0.8691347170380248,146.93038217821118,2.0050983147893024,1.8398969215486156,1.4240776096415872,1.6731267832866639,Leg_Drive,D:/ML Projects/AIL721/Course Project/New/New_gym_dataset/New_gym_dataset/OHP\Test\Leg_Drive\PXL_20250420_135948296_Sports2D
155.2506540290662,138.26689412309645,89.18179710399114,156.35032747826799,22.71433614501746,88.24646072727677,47.463682115951265,46.513354850373204,-0.6343156121995438,1.5194201863922345,-2.168925921097886,0.5648554250856149,0.24283591656060186,0.7146354544660822,-1.4072799056400067,-0.15758233051122214,0.37292516434372813,0.8722177849773044,147.29436213903503,1.8664528097724586,1.8072693998697125,1.7271134771811347,1.8631928003821638,Leg_Drive,D:/ML Projects/AIL721/Course Project/New/New_gym_dataset/New_gym_dataset/OHP\Test\Leg_Drive\PXL_20250420_135948296_Sports2D
166.1638473749092,151.03260712567968,80.45294943369201,146.64576263653333,31.78250671105305,78.88121878127838,45.618659336143836,49.913825906958024,-0.8462682733499098,1.742646369069059,-2.3346186935219264,0.7361170703347261,0.03416727394839158,0.8810216960592383,-1.4705273366065172,0.008840877639578014,0.3784136676574015,0.8721808184196603,147.159605168357,1.7391967258053866,1.7967437776257484,2.0314728727319498,2.0880280314561586,Leg_Drive,D:/ML Projects/AIL721/Course Project/New/New_gym_dataset/New_gym_dataset/OHP\Test\Leg_Drive\PXL_20250420_135948296_Sports2D
173.37545085697988,162.15413309570548,75.59126742668384,138.0877132847313,37.061667357483735,70.74064806889889,43.68621650050386,52.894781164604375,-1.0779840224559682,1.986631045901355,-2.5215022214539577,0.9230069523698738,-0.1966642791370623,1.0639383201183474,-1.5491288389658433,0.1874674999788855,0.38514809977406905,0.8764708201394619,147.1298509678893,1.6116331729487325,1.7930535416375788,2.3639856172654516,2.342739697010326,Leg_Drive,D:/ML Projects/AIL721/Course Project/New/New_gym_dataset/New_gym_dataset/OHP\Test\Leg_Drive\PXL_20250420_135948296_Sports2D
178.78571458483313,170.45363221353054,72.2165992881196,131.9083585129326,40.5008543934673,64.6258121945196,41.71513980863448,55.079444408050136,-1.2840853828339427,2.194197674728268,-2.669083471442863,1.0893234022683327,-0.42118886727210086,1.2262189475005674,-1.6181583791032752,0.3556272435173972,0.38618705185168145,0.8705917039831702,145.7568614811774,1.4800898375766518,1.771712974325761,2.6552729885019173,2.5532914759251137,Leg_Drive,D:/ML Projects/AIL721/Course Project/New/New_gym_dataset/New_gym_dataset/OHP\Test\Leg_Drive\PXL_20250420_135948296_Sports2D
177.92660594686157,174.43650014703437,69.50725921586518,129.42053355339652,42.36697060395177,61.29476337321337,40.29357655081356,55.731263520247644,-1.364561016029653,2.2593267618266535,-2.6768095115629844,1.1646908199660482,-0.543187302987503,1.2905759744188252,-1.6358026938741335,0.45539615536296213,0.3725704277819979,0.835179819055863,142.6963996938147,1.3752576931471892,1.7088662789237041,2.764261893809795,2.592615186129284,Leg_Drive,D:/ML Projects/AIL721/Course Project/New/New_gym_dataset/New_gym_dataset/OHP\Test\Leg_Drive\PXL_20250420_135948296_Sports2D
178.72760511853568,173.20546601807973,68.33880585613561,130.93632185905966,41.870465475605336,61.1455931908007,40.59807059414131,54.351059208880464,-1.2977248832945232,2.185031903989329,-2.558867041973887,1.1365073560327672,-0.4962979683586624,1.249927351643149,-1.6092640720205706,0.4554307728261327,0.34545005697430475,0.7944965788170163,142.9129388778996,1.3674495828557311,1.6400863611608867,2.6779596937190124,2.465911632957365,Leg_Drive,D:/ML Projects/AIL721/Course Project/New/New_gym_dataset/New_gym_dataset/OHP\Test\Leg_Drive\PXL_20250420_135948296_Sports2D
174.80851679303905,166.9373347596013,71.13399969950889,135.29738880055808,37.95087768538685,64.38226618545372,43.142360892347746,51.31960094505501,-1.1946952394386368,2.1161524369628113,-2.4729615063245713,1.0737387974721315,-0.3346943934735086,1.1984963385475988,-1.6071288813493723,0.38056224738723093,0.32696847831173576,0.8179340911603679,146.838660519806,1.5126485723452916,1.6494213666782385,2.5675887166075726,2.3521259691610434,Leg_Drive,D:/ML Projects/AIL721/Course Project/New/New_gym_dataset/New_gym_dataset/OHP\Test\Leg_Drive\PXL_20250420_135948296_Sports2D
164.2495087843701,157.39173090062206,78.53262073316098,140.65374830527034,31.13960092160573,70.32596996003704,46.89009213723561,47.717700860659114,-1.1268924442334751,2.1082473652004983,-2.4748317842415193,1.002221701051078,-0.1471039790040725,1.1910596864970824,-1.6520625649997123,0.2540238276183844,0.3366387716984055,0.937035858878698,149.32003580924135,1.7728329155299818,1.7436264605982807,2.513164502970848,2.320827860988479,Leg_Drive,D:/ML Projects/AIL721/Course Project/New/New_gym_dataset/New_gym_dataset/OHP\Test\Leg_Drive\PXL_20250420_135948296_Sports2D
153.0671386106762,146.83884912945712,87.55330385260449,145.90176566411733,23.905194278251543,77.36026379497329,50.83805566757531,44.1991129244304,-1.0484925320420313,2.055197921776983,-2.4408364062473673,0.8772986480337887,0.02187282685840481,1.1834124210154338,-1.673272265811669,0.08797067086691483,0.3658271880093845,1.095441750148519,150.53321653619687,2.018293713306337,1.8237511242277193,2.4077254355897018,2.242014835795897,Leg_Drive,D:/ML Projects/AIL721/Course Project/New/New_gym_dataset/New_gym_dataset/OHP\Test\Leg_Drive\PXL_20250420_135948296_Sports2D
143.7261928603578,136.6799792433725,94.45654878664999,151.90116217223735,18.199093090388136,84.55680404927563,54.47290023003033,41.236783292648106,-0.9147201675076779,1.8866458140079096,-2.288343066654916,0.6908532365169039,0.1557577951220932,1.1223171247260793,-1.6098657417737732,-0.08316197733546728,0.38519170209485837,1.2054791020615465,151.49967488110713,2.1378976447781084,1.821197341707989,2.182558666033903,2.029319203726978,Leg_Drive,D:/ML Projects/AIL721/Course Project/New/New_gym_dataset/New_gym_dataset/OHP\Test\Leg_Drive\PXL_20250420_135948296_Sports2D
136.977780501774,127.23773602043683,98.74533702377138,159.47987261431854,13.833428609564576,92.0586382476545,56.855648107790586,39.29637426809132,-0.7487436996663506,1.665032668123701,-2.0828320843518733,0.4962702875503905,0.2613686912334517,1.0054339228928184,-1.4893499595487674,-0.2289168013639577,0.3839531456947141,1.2343507242567762,151.0019476034783,2.1421105257829116,1.773639568908018,1.9065704308742444,1.761201253369102,Leg_Drive,D:/ML Projects/AIL721/Course Project/New/New_gym_dataset/New_gym_dataset/OHP\Test\Leg_Drive\PXL_20250420_135948296_Sports2D
129.91489297155758,117.61009986804497,105.7890056753234,167.47413990527298,7.056958606804162,100.32010418740045,57.14206563524654,37.9302040554454,-0.575199959074798,1.4608475596349786,-1.900910764483544,0.3316018892387782,0.3803682124166078,0.843657492405606,-1.3631416157358445,-0.3584422339641952,0.38825500616512043,1.2020997263698012,148.790116894705,2.1177512301973866,1.7414663142553375,1.6364063883411708,1.5330947667772732,Leg_Drive,D:/ML Projects/AIL721/Course Project/New/New_gym_dataset/New_gym_dataset/OHP\Test\Leg_Drive\PXL_20250420_135948296_Sports2D
110.26381202808984,106.32159623998072,128.76797241602853,175.4345095798609,13.712677515851357,110.48980448003803,56.023510456058794,36.81140072001874,-0.3861004920649751,1.2742564421367701,-1.749357222237382,0.18439578253809266,0.5571094821541549,0.638616242237123,-1.2343509371665908,-0.5037418191722471,0.42349272256456927,1.1423580614093702,145.9581146158056,2.1246911244837063,1.7453553133105095,1.3538585543479549,1.3555813974625477,Leg_Drive,D:/ML Projects/AIL721/Course Project/New/New_gym_dataset/New_gym_dataset/OHP\Test\Leg_Drive\PXL_20250420_135948296_Sports2D
60.26640335294855,92.10553342476138,176.72751150052412,173.38536387973804,64.70152236288895,125.18560225684926,55.03207428416249,37.29113568161065,-0.17914910114494742,1.0856865417544566,-1.6064033524108934,0.023534662737993706,0.7924858818850414,0.4061506881625664,-1.0684606411849868,-0.6828427660779249,0.47824689047015123,1.0889934542404913,143.42027904146744,2.1561606399118465,1.7791068860118886,1.0482923026298283,1.1964767904053766,Leg_Drive,D:/ML Projects/AIL721/Course Project/New/New_gym_dataset/New_gym_dataset/OHP\Test\Leg_Drive\PXL_20250420_135948296_Sports2D
27.07957573595438,74.8685890519385,139.7799178079579,155.91041668289068,98.48421426387117,145.8254512452803,54.43621000017447,40.69404029721879,0.017848394994420785,0.9033411276549037,-1.468285679631749,-0.15520720153601608,1.0421742685344182,0.17097455065121633,-0.8445245565992162,-0.880549006635571,0.5260041672646836,1.0515235572867874,141.2725941557881,2.159938482524374,1.8245873651315987,0.7589484975992012,1.0485999953804532,Leg_Drive,D:/ML Projects/AIL721/Course Project/New/New_gym_dataset/New_gym_dataset/OHP\Test\Leg_Drive\PXL_20250420_135948296_Sports2D
13.581036339224198,57.59948208675368,123.60192785378423,134.96205274581928,112.9558488240412,168.48017057635505,53.46311483673465,46.07965266310871,0.16284854449786584,0.7218495450590885,-1.3264399349782026,-0.32213360843169153,1.2295360149703314,-0.06852086439051604,-0.5743337558236316,-1.0464161722805077,0.5510958199924265,0.9778953078899916,139.2458678598765,2.0518833746530345,1.818758092730502,0.5137027227105821,0.9104116258801119,Leg_Drive,D:/ML Projects/AIL721/Course Project/New/New_gym_dataset/New_gym_dataset/OHP\Test\Leg_Drive\PXL_20250420_135948296_Sports2D
4.638233956455438,44.278874889336926,113.8514438064768,116.11212991237785,122.97177546711652,172.93534918597095,52.389990576428,51.34352570336601,0.2540085214068186,0.5080177765455852,-1.1743488373241726,-0.44837247218005577,1.3035573070017163,-0.30053572981362636,-0.31127670878446434,-1.13874781656544,0.5472240774794143,0.8382120867518137,137.55758528281387,1.8194197978797944,1.7189784908772032,0.2863585474042394,0.7757958142216204,Leg_Drive,D:/ML Projects/AIL721/Course Project/New/New_gym_dataset/New_gym_dataset/OHP\Test\Leg_Drive\PXL_20250420_135948296_Sports2D
1.708741258869469,36.642163991980986,110.08970957629062,102.48132485465936,128.8220641413155,161.3930985722654,52.88667711755411,55.24906541971562,0.40430279431360544,0.23326905939766343,-1.0414715320269983,-0.5320270765807458,1.3237245078074347,-0.46242025632235934,-0.1209993383746116,-1.1706035987119212,0.5163573635213735,0.7081833423895618,136.5047586378827,1.6089594892865067,1.6358305469849592,0.034509791015099905,0.6716482305950461,Leg_Drive,D:/ML Projects/AIL721/Course Project/New/New_gym_dataset/New_gym_dataset/OHP\Test\Leg_Drive\PXL_20250420_135948296_Sports2D
5.237087346761188,33.32229792031056,113.422300236481,94.26810951287344,128.3506990211911,156.04110877054546,56.8863883255701,57.281189149765076,0.6929739471827504,-0.05874375282471204,-0.9577044188874807,-0.5717216963095789,1.3802501765583197,-0.5070061873800873,-0.025414921395687688,-1.170673239829401,0.47296602826786033,0.6636670524493138,136.07435382788373,1.5544607824299748,1.728550097253259,0.38843477451962377,0.6163145843655345,Leg_Drive,D:/ML Projects/AIL721/Course Project/New/New_gym_dataset/New_gym_dataset/OHP\Test\Leg_Drive\PXL_20250420_135948296_Sports2D
6.96392698942831,31.272631480517855,118.99577051330864,90.84938359269638,124.16257083424216,154.00772494024702,62.80135615518608,57.26490654027086,0.9180515093616399,-0.18498678442655553,-0.9222351274013953,-0.5647630619961451,1.4672788585130778,-0.4672348679118643,0.011965637540343502,-1.1653176361945183,0.45152640332943883,0.6980827682826539,136.02797381303074,1.614080581170348,1.8790649074614791,0.6256408874262965,0.5844639124606492,Leg_Drive,D:/ML Projects/AIL721/Course Project/New/New_gym_dataset/New_gym_dataset/OHP\Test\Leg_Drive\PXL_20250420_135948296_Sports2D
3.1884446118560534,28.621620274458714,120.23089106781791,90.5983351755081,121.63057192882513,152.45979817215118,61.5578726830312,56.16182210230751,0.8630750569733868,-0.07288086809149083,-0.8850487419702346,-0.5508939216711792,1.5179566139293315,-0.42759653216251126,0.050439640755951365,-1.1780519094843092,0.4716050910410324,0.7504553773217978,135.69557561693603,1.6482685885204391,1.8123005533921952,0.5229847644193935,0.5445606474873698,Leg_Drive,D:/ML Projects/AIL721/Course Project/New/New_gym_dataset/New_gym_dataset/OHP\Test\Leg_Drive\PXL_20250420_135948296_Sports2D
2.1972316050095775,24.66363147462951,117.0945935987996,89.08629076404308,123.16974532048908,149.35062968333185,59.02748628452058,55.31300179129771,0.77060462640968,-0.011573107787895862,-0.7152519026254522,-0.6182604218705521,1.5131022826343363,-0.4572260547237989,0.13320001431607073,-1.2054715797576387,0.49599921152848825,0.7482455250338398,135.00753794209345,1.5697138706920637,1.604942093019296,0.42493761971359506,0.4648708363745871,Leg_Drive,D:/ML Projects/AIL721/Course Project/New/New_gym_dataset/New_gym_dataset/OHP\Test\Leg_Drive\PXL_20250420_135948296_Sports2D
3.652253974164181,20.193308675742887,113.85282383498752,83.94432967418338,127.50463417169703,145.301787680868,56.14761980246714,54.89152099487485,0.9566946190877287,-0.208501620207979,-0.40309515235366966,-0.7720255067858166,1.4812917426583105,-0.5603837302346688,0.24549609115637402,-1.228006475307081,0.4793436264034238,0.667622745072412,134.80087190871396,1.404603510606861,1.471933216304477,0.684879640207882,0.5335506221088208,Leg_Drive,D:/ML Projects/AIL721/Course Project/New/New_gym_dataset/New_gym_dataset/OHP\Test\Leg_Drive\PXL_20250420_135948296_Sports2D
4.6906341981964985,18.614656497903837,113.78871776528425,79.70178612740227,130.49846157209987,143.98896546478642,44.8109042297038,54.62569103311745,1.1787319131349052,-0.3647025471582462,-0.26509630245060656,-0.8297621737864486,1.4429110756507353,-0.630631254243449,0.27221693065560587,-1.2112483224235264,0.43386070122397496,0.5806170681800774,134.92684440745927,1.3067673706470888,1.516878496268045,0.9320049031442799,0.6402606184533175,Leg_Drive,D:/ML Projects/AIL721/Course Project/New/New_gym_dataset/New_gym_dataset/OHP\Test\Leg_Drive\PXL_20250420_135948296_Sports2D
9.318205319301498,21.7577962995334,116.3167624185099,81.26352688879639,129.36050008298358,146.94078939028975,41.32129459771487,54.817006909243695,1.0942655955445688,-0.21432536548220577,-0.48315414773030235,-0.6981897063824112,1.4208722391370154,-0.5858153596471574,0.1597966464979958,-1.151455845967995,0.4118760113075632,0.5656404863208376,132.6639057432899,1.382121850675666,1.64996295318051,0.7645191711842616,0.49302116483570596,Leg_Drive,D:/ML Projects/AIL721/Course Project/New/New_gym_dataset/New_gym_dataset/OHP\Test\Leg_Drive\PXL_20250420_135948296_Sports2D
5.400981983001415,26.764875018965572,117.31407179736908,87.32382370272882,126.63091893380063,151.2688144338986,47.968099083197984,55.496060585067006,0.8263534853060351,0.034091335389107816,-0.7824445250543869,-0.5425818360853913,1.4273261530444756,-0.5076330715122672,0.036424027986029124,-1.1054575005409422,0.43923387036266126,0.597824429028675,128.5928884500233,1.513936184069713,1.7090298373165138,0.42032698622270487,0.4640768471818694,Leg_Drive,D:/ML Projects/AIL721/Course Project/New/New_gym_dataset/New_gym_dataset/OHP\Test\Leg_Drive\PXL_20250420_135948296_Sports2D
0.1555290815406138,28.53113473047786,113.06867498847802,91.6722626545096,127.26440154299152,152.00533918597912,52.58006937547058,56.525795544498735,0.6595200679755636,0.07961226736269539,-0.8827568158386657,-0.5172862765813535,1.44274105870221,-0.5196372170668742,0.029705966512372773,-1.1206416156667234,0.494957129808852,0.6010043985998492,124.91345523826348,1.5355371890307012,1.6537550780300738,0.28076986000913784,0.5232278701525257,Leg_Drive,D:/ML Projects/AIL721/Course Project/New/New_gym_dataset/New_gym_dataset/OHP\Test\Leg_Drive\PXL_20250420_135948296_Sports2D
7.215659770206632,27.109912761513566,105.2038404872103,92.64286408559809,131.49348872246225,149.34019329527064,55.72217104774438,57.76971946624292,0.6599941382198776,-0.09967096113991895,-0.8156724395445375,-0.5953157748365859,1.4486968672861735,-0.6372403908750391,0.12316092527038286,-1.1872238599077278,0.5490617777968958,0.5499834690326888,120.53693620079788,1.4351053444904036,1.5566809660541698,0.4456916088643288,0.5110118480747374,Leg_Drive,D:/ML Projects/AIL721/Course Project/New/New_gym_dataset/New_gym_dataset/OHP\Test\Leg_Drive\PXL_20250420_135948296_Sports2D
15.134606779117966,25.341920978834853,97.00534406951721,92.7947834859135,136.50833052329892,146.30845807872964,58.626276255819036,59.033462900105214,0.7358302780123844,-0.3697509618244783,-0.7080415772751653,-0.6984666592912152,1.4451930809341444,-0.8023014610804523,0.24788276545635138,-1.2720843586213257,0.5946309159731975,0.46978289754087343,114.4964652466385,1.2861757120904715,1.4808173230525614,0.7459360983723644,0.504563276446625,Leg_Drive,D:/ML Projects/AIL721/Course Project/New/New_gym_dataset/New_gym_dataset/OHP\Test\Leg_Drive\PXL_20250420_135948296_Sports2D
9.492763314893592,29.27400859518536,134.17354240738416,93.70596774072898,109.92676566243124,157.80627581054443,60.5804710226752,51.467732784640916,0.6758046177219651,0.3175514382951664,-0.8101068079325506,-0.530680589166345,1.5749855410792413,-0.18951483973247987,-0.0876716011440486,-1.1059960745846857,0.43679695158979215,0.9164812348522059,120.0209175152526,1.898516954473239,1.71097350572769,0.24681654919999,0.4768180794455036,Leg_Drive,D:/ML Projects/AIL721/Course Project/New/New_gym_dataset/New_gym_dataset/OHP\Test\Leg_Drive\PXL_20250420_135952662_Sports2D
4.402868585379125,29.30184800488053,126.20721459588293,90.05926189969487,117.99433188157258,154.26080837715037,57.602799533048376,55.04103962773017,0.6127605465202415,0.22252472262749265,-0.7300459857063704,-0.5851226390914052,1.4999677048541924,-0.34045325415913325,-0.04059072209334107,-1.0671488146007466,0.4352067985987292,0.7266955604416133,122.47335224379475,1.7033516091531453,1.5669791459626878,0.1626697478753559,0.46195628870370803,Leg_Drive,D:/ML Projects/AIL721/Course Project/New/New_gym_dataset/New_gym_dataset/OHP\Test\Leg_Drive\PXL_20250420_135952662_Sports2D
1.8302024346306451,29.153775589281405,123.0186508995972,87.6866701724562,121.8678942547805,152.57321532683383,56.30190331058921,56.580560262447555,0.5897135207605555,0.16710226480347326,-0.6813283732894951,-0.6178227683617782,1.4757904400050517,-0.4237950557798325,-0.01358455954834679,-1.0584438215939338,0.4244120669964718,0.6346487658141013,124.12966606177581,1.618955510582069,1.49387241895679,0.14421366210622946,0.46559645426604596,Leg_Drive,D:/ML Projects/AIL721/Course Project/New/New_gym_dataset/New_gym_dataset/OHP\Test\Leg_Drive\PXL_20250420_135952662_Sports2D
1.4784099897187877,27.811647877468275,123.20773457402785,85.92096346428217,122.35323855474766,151.48193659305772,56.16835145553331,56.32971128441056,0.6268922921467713,0.13063422216470058,-0.6475132967385342,-0.6429657709338549,1.5117672677741738,-0.4624460319553696,0.02530203035914721,-1.0911739136229388,0.41372464375167917,0.6287278816675692,125.4426162136064,1.6139633363956878,1.4908274730176485,0.1878526334669087,0.47662377756647445,Leg_Drive,D:/ML Projects/AIL721/Course Project/New/New_gym_dataset/New_gym_dataset/OHP\Test\Leg_Drive\PXL_20250420_135952662_Sports2D
1.9293861197539965,25.771536074197115,123.78509574129194,84.44835870190391,121.73439907403275,149.96785351722855,56.336214806213064,55.803682556968575,0.7140668495352305,0.0882115081478535,-0.6193074373339793,-0.6651626047454198,1.5804299369685133,-0.488790019065383,0.08725292709457931,-1.1452741488569864,0.41438360550521763,0.6564841297916035,127.1766917882104,1.6311189397111117,1.5314893218242498,0.2850358551048395,0.48653610411471987,Leg_Drive,D:/ML Projects/AIL721/Course Project/New/New_gym_dataset/New_gym_dataset/OHP\Test\Leg_Drive\PXL_20250420_135952662_Sports2D
2.2372075221005447,24.683776697935652,123.61747300645325,83.8703639547084,121.29644487911419,148.7842818402758,56.46634759878524,55.899494857659846,0.7925952568050412,0.05124947050726293,-0.617024439321061,-0.6681910434642557,1.6284125257935187,-0.502672164954966,0.13020921175535838,-1.174115867062211,0.4239794358637173,0.6714437021072449,128.51285436510574,1.6417825115691813,1.5825998675755812,0.37586412745143727,0.4848479382909471,Leg_Drive,D:/ML Projects/AIL721/Course Project/New/New_gym_dataset/New_gym_dataset/OHP\Test\Leg_Drive\PXL_20250420_135952662_Sports2D
2.1775296636835826,25.17032601931973,122.92314231086644,84.56805935576385,121.02464702532386,148.5158486919543,56.79782331099246,56.654477327365456,0.8035551111944097,0.049932002311830044,-0.6493949352434991,-0.6469737291179385,1.623796072216864,-0.4868631484415113,0.12433916451543549,-1.1561024987945223,0.43918998893641464,0.6692393503530111,128.50751880427714,1.6420268956732866,1.6114407950475818,0.39288055187555565,0.47194465183215395,Leg_Drive,D:/ML Projects/AIL721/Course Project/New/New_gym_dataset/New_gym_dataset/OHP\Test\Leg_Drive\PXL_20250420_135952662_Sports2D
2.10099228482218,26.738295293745285,122.13863288164782,86.48910582605725,120.41549774307528,149.04323645078028,57.48350997210235,57.695058842965025,0.7545966825012803,0.08961102603060711,-0.6965628217387263,-0.617161350046705,1.580885730419879,-0.4371275422572594,0.08445363437401913,-1.1109937353218802,0.46091039703854114,0.6738661930646208,128.39710077438323,1.6411595486824584,1.614122392612181,0.34129066306045547,0.4620275443266469,Leg_Drive,D:/ML Projects/AIL721/Course Project/New/New_gym_dataset/New_gym_dataset/OHP\Test\Leg_Drive\PXL_20250420_135952662_Sports2D
2.6372826680809216,28.906202077983707,122.11135611306824,89.15269061315925,119.30877740594173,150.5728241321693,58.053939925977446,58.33337794581441,0.6998096325894423,0.145135258910372,-0.7441527392406312,-0.5959984572588324,1.5410507414181258,-0.3794299720473654,0.03238587535009735,-1.074973771901519,0.47838330851432614,0.6955437998541538,129.2435050589372,1.6612798847947379,1.6230546868494313,0.27718019240167585,0.4694498656803196,Leg_Drive,D:/ML Projects/AIL721/Course Project/New/New_gym_dataset/New_gym_dataset/OHP\Test\Leg_Drive\PXL_20250420_135952662_Sports2D
3.6137563339699263,31.016873358317035,122.69454997665761,92.32401978051124,118.59350390630742,153.61207366347608,57.7927397597225,57.40479969484096,0.6893591184140632,0.1750894489368076,-0.7960416658849456,-0.5794407664431375,1.5334148858191683,-0.3565902162451954,-0.025893335380471796,-1.0718802744266798,0.4804063711676104,0.7152900581814844,130.10833403133608,1.7155413128322083,1.6660526209929316,0.25914967174259346,0.4928506123710022,Leg_Drive,D:/ML Projects/AIL721/Course Project/New/New_gym_dataset/New_gym_dataset/OHP\Test\Leg_Drive\PXL_20250420_135952662_Sports2D
4.178296798410956,32.32294899049014,122.43126775812385,95.93184465234596,119.44485545651665,157.80796786698647,56.37684774507244,54.51498112350371,0.7508024285458714,0.14071425244888058,-0.8569364610444957,-0.5430786484066912,1.5462845578777247,-0.38826626809892234,-0.0935773377998657,-1.0872763284499172,0.4713794477329068,0.6990100603509948,130.2164609831343,1.782627863960171,1.7471110635451157,0.3240669926492291,0.5172233532287437,Leg_Drive,D:/ML Projects/AIL721/Course Project/New/New_gym_dataset/New_gym_dataset/OHP\Test\Leg_Drive\PXL_20250420_135952662_Sports2D
4.314327703885544,32.92585063998114,121.06173877193793,99.16041335168757,121.37036772913481,161.5925198527602,54.31530456697954,51.33333078722096,0.8543440684536199,0.0563768832892845,-0.9123398887079188,-0.48715167703352863,1.5515520248390005,-0.4443355144013659,-0.156953075616643,-1.0916094875757472,0.46279936568667945,0.6472739731743812,130.0427907653559,1.827006643291671,1.848403500423688,0.44681819778215615,0.5342955523757538,Leg_Drive,D:/ML Projects/AIL721/Course Project/New/New_gym_dataset/New_gym_dataset/OHP\Test\Leg_Drive\PXL_20250420_135952662_Sports2D
4.392984032860254,33.16502936202938,119.87432160685847,100.87121629417122,122.76763724352702,163.51317514455687,52.83937872361268,49.65185421747254,0.9270231961946555,-0.010335315709818707,-0.9412913685005063,-0.4467767912300294,1.545930506018361,-0.47944144149346557,-0.1912816789975545,-1.0839155414719368,0.4595494963987012,0.6044740999784711,130.11585192382907,1.83937356545987,1.9186142067144012,0.5393428960749641,0.5425061561909208,Leg_Drive,D:/ML Projects/AIL721/Course Project/New/New_gym_dataset/New_gym_dataset/OHP\Test\Leg_Drive\PXL_20250420_135952662_Sports2D
4.330802384747675,33.15315263328248,119.52741438872195,101.1043085281855,123.10880283437125,163.74052575127868,52.560394780881026,49.41262688200385,0.9441045135574042,-0.02847983984102858,-0.9454301574927393,-0.43675210676894055,1.541146386045092,-0.48560710839561694,-0.1965918293980311,-1.0782979688341403,0.45963849608618784,0.5926908604385234,130.24363730721024,1.8360328323477246,1.9331392906469596,0.5628231362861787,0.5424022581659868,Leg_Drive,D:/ML Projects/AIL721/Course Project/New/New_gym_dataset/New_gym_dataset/OHP\Test\Leg_Drive\PXL_20250420_135952662_Sports2D
4.249283998685213,33.08755504919045,119.62648339244173,100.85065166326667,122.96728106501995,163.44441612072836,52.78343493629484,49.643138928462115,0.9363392149883883,-0.02226065217361039,-0.9413774144633373,-0.4408424493191758,1.5404496996747825,-0.4810808132055831,-0.19193239028541442,-1.077697804461525,0.4602964036707264,0.5966169912559419,130.275409175308,1.8322389418059406,1.9238062432119198,0.5533748277217198,0.5402713286721327,Leg_Drive,D:/ML Projects/AIL721/Course Project/New/New_gym_dataset/New_gym_dataset/OHP\Test\Leg_Drive\PXL_20250420_135952662_Sports2D
4.230254882397499,33.05647033862324,119.72948113445283,100.70356642582306,122.84975258341461,163.28280014369048,52.91999253418797,49.773670194932755,0.9304748936882722,-0.01672233899830947,-0.9388298611747768,-0.4445038309182556,1.5414167166254085,-0.47843898533109996,-0.18898339228295372,-1.0787641230161977,0.46052153435543225,0.6003251376850977,130.2619427639652,1.8315771367449158,1.9176280325920507,0.5457375634466226,0.5393798565074719,Leg_Drive,D:/ML Projects/AIL721/Course Project/New/New_gym_dataset/New_gym_dataset/OHP\Test\Leg_Drive\PXL_20250420_135952662_Sports2D
4.230656715805556,33.03534178370012,119.74287075799516,100.68146904211773,122.83837479223739,163.26271459235014,52.930968491957046,49.77262719134998,0.9305835343205917,-0.016563171861687532,-0.9381572749554061,-0.4454954841945394,1.542567841171881,-0.47888350243958777,-0.18837305292779094,-1.0797265392742934,0.46049036598096715,0.6008430368347055,130.24945263705533,1.8322578240464205,1.9173354273096603,0.545748182389562,0.5391565845893738,Leg_Drive,D:/ML Projects/AIL721/Course Project/New/New_gym_dataset/New_gym_dataset/OHP\Test\Leg_Drive\PXL_20250420_135952662_Sports2D
4.236818685932609,33.042701457026,119.72629007429414,100.71053470111758,122.8563482564219,163.29317303183382,52.90683305764548,49.74952842519219,0.931454519679404,-0.017314838918645298,-0.9386394037892131,-0.44498921691296595,1.5425438855567468,-0.47936354380714585,-0.1888670221876168,-1.079728984474979,0.4604687879541319,0.6003654406678329,130.2473045816831,1.8325453319916651,1.9183734402318737,0.5468551398346783,0.5393960649740155,Leg_Drive,D:/ML Projects/AIL721/Course Project/New/New_gym_dataset/New_gym_dataset/OHP\Test\Leg_Drive\PXL_20250420_135952662_Sports2D
4.284098389597204,33.18115744949581,119.7415937283002,100.83068827631323,122.84175954039141,163.4140415450049,52.87414207001147,49.767115904490915,0.9272855468521677,-0.013672738049302306,-0.9420617145452252,-0.4420782314301081,1.5384659160123983,-0.47633856738684416,-0.1916420754802235,-1.0769706175371203,0.4604577114792695,0.6006320501502762,130.2554154427267,1.8314017914958904,1.9178087627427258,0.5414857254295725,0.5413910021377614,Leg_Drive,D:/ML Projects/AIL721/Course Project/New/New_gym_dataset/New_gym_dataset/OHP\Test\Leg_Drive\PXL_20250420_135952662_Sports2D
4.372797946884398,33.43422658047149,119.8033227313552,101.02637616592366,122.79237854905557,163.62207744633457,52.83482350406014,49.81214913413691,0.9187672926765378,-0.006128716686199889,-0.9479255638923573,-0.43711803964111473,1.531035619262523,-0.47027941538790013,-0.19651654897796283,-1.0718348238925473,0.46026639344516745,0.6015554085046472,130.2718976780964,1.8292909564893158,1.9158011424118313,0.5304033641084716,0.5448799351756071,Leg_Drive,D:/ML Projects/AIL721/Course Project/New/New_gym_dataset/New_gym_dataset/OHP\Test\Leg_Drive\PXL_20250420_135952662_Sports2D
4.301614419356226,33.20533293729254,119.79823597778915,100.82761491933702,122.82214899269192,163.447999889818,52.87623658795192,49.75733304747456,0.9264215952371816,-0.012818354399271072,-0.9423801615408081,-0.44126036154975007,1.537536138828708,-0.4753992123926931,-0.19258712613989096,-1.0758423016046674,0.45988388439768524,0.6004430892119744,130.26789235677435,1.8313542572009447,1.917285205603911,0.5400678278370912,0.5413397227610774,Leg_Drive,D:/ML Projects/AIL721/Course Project/New/New_gym_dataset/New_gym_dataset/OHP\Test\Leg_Drive\PXL_20250420_135952662_Sports2D
3.7213522799727445,31.54869311815898,119.48460508309468,99.52196360660042,123.11763880223194,162.12420749192682,53.16100891779544,49.42448562623215,0.984390455104577,-0.06408848709394488,-0.9020185567537761,-0.47422989913236313,1.5874928953822733,-0.5159072004760448,-0.16031643418622502,-1.1093958805471553,0.46016501475100746,0.5934886800711106,130.1821001937774,1.8458240072930119,1.9304804940452713,0.6153441719670283,0.5191004302616435,Leg_Drive,D:/ML Projects/AIL721/Course Project/New/New_gym_dataset/New_gym_dataset/OHP\Test\Leg_Drive\PXL_20250420_135952662_Sports2D
3.0094754356713023,29.70230796363054,118.95568398054917,98.17589419325762,123.48502932279347,160.6166074966003,53.50549524153527,49.08570046703028,1.0543096010773865,-0.12634339035798045,-0.8539524110203056,-0.5155378275077218,1.6486012820048885,-0.5660079000451561,-0.11925055909222403,-1.1522775533685716,0.4626661986115403,0.5862696533234154,130.04510209217784,1.862528453065458,1.9475462040022147,0.7080299488620349,0.49943510461770235,Leg_Drive,D:/ML Projects/AIL721/Course Project/New/New_gym_dataset/New_gym_dataset/OHP\Test\Leg_Drive\PXL_20250420_135952662_Sports2D
4.549049970449677,34.267219582639335,119.45014268889669,101.88867854480456,122.77484863317895,164.1136698668802,52.67610139637146,50.15354971575912,0.889895609597202,0.018287872764519205,-0.9693988968770081,-0.4251864196738613,1.5087257641566918,-0.4535424187015803,-0.2064993960828237,-1.0618588570373853,0.46600075870045243,0.608316438335805,130.209060898843,1.81990281044572,1.9114511528833005,0.49634745682093157,0.560955947305266,Leg_Drive,D:/ML Projects/AIL721/Course Project/New/New_gym_dataset/New_gym_dataset/OHP\Test\Leg_Drive\PXL_20250420_135952662_Sports2D
16.814552893165697,72.41689716803448,129.469133408773,136.0988033831083,113.18407513670643,161.24798807141215,50.0013719701279,53.664885239446654,0.20480695384778236,0.6249024512730788,-1.4451361498643136,-0.033574976129964976,0.9173982541284391,0.02699643077861795,-0.5908581894568714,-0.6619109589359101,0.4593751039992312,0.688907389714528,131.55230629241112,1.6581407935455583,1.7764866359999545,0.4620239373051237,1.020044655364062,Leg_Drive,D:/ML Projects/AIL721/Course Project/New/New_gym_dataset/New_gym_dataset/OHP\Test\Leg_Drive\PXL_20250420_135952662_Sports2D
169.45009872355007,159.17118380677883,78.11669715227252,143.2740768791801,37.01806048047356,78.40883451192616,47.567961756923516,57.58001831870499,-0.7765524154252064,1.4958791981008122,-2.117971510296769,0.5411307774826273,0.06475888973574176,0.7267932785958732,-1.1599863043076983,-0.06729387181669658,0.42474869450527064,0.7940871504125697,135.80761581653667,1.4596489964312855,1.6464961994365375,1.7771711138645745,1.82785308235583,Leg_Drive,D:/ML Projects/AIL721/Course Project/New/New_gym_dataset/New_gym_dataset/OHP\Test\Leg_Drive\PXL_20250420_135952662_Sports2D
176.03449827835098,174.51118133828913,68.63669971852461,133.05724036663412,43.00359375378216,64.69753383894084,46.96909547543127,59.20871517722993,-1.382245261320718,2.0366187888439327,-2.521220733546081,0.9095935353221163,-0.4580818816172018,1.1738900747363528,-1.5323746828238223,0.32032682678148594,0.36877833040842656,0.8535632479548668,142.5327397812813,1.3721061332796485,1.6023267608096992,2.6157557527968986,2.3293420324355782,Leg_Drive,D:/ML Projects/AIL721/Course Project/New/New_gym_dataset/New_gym_dataset/OHP\Test\Leg_Drive\PXL_20250420_135952662_Sports2D
173.6969422280037,174.03988662390765,68.21949575134153,134.66567424934374,41.63996646513945,64.52513646582473,47.943024237135745,58.5650230897324,-1.4457406690770827,2.1114935690790873,-2.5682472854168745,0.9595717077600183,-0.48688980545306965,1.2464123055552845,-1.6048327370306117,0.37069339512115457,0.33971419449349427,0.8757189104341299,145.31045433498292,1.4200985910689892,1.6083982959178353,2.727824674164631,2.3826753427233918,Leg_Drive,D:/ML Projects/AIL721/Course Project/New/New_gym_dataset/New_gym_dataset/OHP\Test\Leg_Drive\PXL_20250420_135952662_Sports2D
168.6296227650473,170.30147863084744,73.17450074431625,135.70882354486307,38.20461338049298,67.08793766967227,49.57499061544576,57.38941630051975,-1.3173733147419275,2.034608983312107,-2.511352848218783,0.885968389414293,-0.33101181064654756,1.1944068768636238,-1.5737833211865118,0.2861236119136001,0.36453736485000937,0.9082832649500238,147.50271858004945,1.5393048810414587,1.6567927873791375,2.5710189407196182,2.3078687460034226,Leg_Drive,D:/ML Projects/AIL721/Course Project/New/New_gym_dataset/New_gym_dataset/OHP\Test\Leg_Drive\PXL_20250420_135952662_Sports2D
163.61414842290833,167.7272135811202,79.1916666034811,134.96337525420327,34.763336759035965,68.91837861672025,51.149188336127686,56.645592197840486,-1.198058706847609,1.9557996937711064,-2.4416354984360256,0.8096489888642614,-0.20374396375449222,1.1548972580319448,-1.5339635732265566,0.2121853760355397,0.40601907440912,0.9427118819964052,152.30977178234193,1.6303956274110945,1.691196226029315,2.410657289910777,2.2281211977512827,Leg_Drive,D:/ML Projects/AIL721/Course Project/New/New_gym_dataset/New_gym_dataset/OHP\Test\Leg_Drive\PXL_20250420_135952662_Sports2D
160.82717465977035,166.22979260965104,81.71963215237821,135.1370795077316,32.94953444437144,69.80624610448132,52.12235978460108,56.03603871413238,-1.1097791264004844,1.879165641088731,-2.359047630985096,0.7579623837525897,-0.13885021095953592,1.123926453316755,-1.488837049675434,0.1717939816976003,0.4173781047238231,0.9521324716191546,155.65935381571924,1.6519747904304547,1.678621023581036,2.2884587492571966,2.1359366480182116,Leg_Drive,D:/ML Projects/AIL721/Course Project/New/New_gym_dataset/New_gym_dataset/OHP\Test\Leg_Drive\PXL_20250420_135952662_Sports2D
160.14120251703773,164.543996006364,81.02333736717135,136.95964843188,32.58684252544344,70.56982832449492,52.44564000840574,55.11382433085892,-1.0572466633305901,1.8205225611610825,-2.303189926588064,0.740539346508445,-0.11396595318910999,1.095294893964434,-1.4615135973231839,0.1536796659646003,0.4005118388256997,0.9416152279998337,154.09852501027777,1.643935488640741,1.648859714829654,2.2184855834729547,2.0710585677151108,Leg_Drive,D:/ML Projects/AIL721/Course Project/New/New_gym_dataset/New_gym_dataset/OHP\Test\Leg_Drive\PXL_20250420_135952662_Sports2D
159.5627328825871,162.2769519107546,79.98900599314483,139.11385127680148,32.59158306399229,71.69444033393876,53.02885018140517,53.97139224469335,-1.0351561024109,1.777262779316237,-2.2793225605618965,0.735342363887933,-0.10342043369071575,1.0758848791832398,-1.4570687126953799,0.1373124808739552,0.38398253096427376,0.9385723983092846,151.799662928509,1.6472042405604508,1.62282110156181,2.1802694073554294,2.040541065782081,Leg_Drive,D:/ML Projects/AIL721/Course Project/New/New_gym_dataset/New_gym_dataset/OHP\Test\Leg_Drive\PXL_20250420_135952662_Sports2D
157.66838756473305,159.55038378171565,80.67276945223232,140.59961789368333,32.12732968628223,73.39971703219797,54.458942121549164,52.950100813913586,-1.0244223843403557,1.7360535933063692,-2.2629169782666443,0.7122562869067922,-0.08708161545717347,1.066440959186733,-1.4555434225244688,0.10275352716224584,0.38751718154533754,0.9636874320244871,152.17330355458668,1.6737327098565762,1.6068695602866063,2.1412494636947144,2.016932214419272,Leg_Drive,D:/ML Projects/AIL721/Course Project/New/New_gym_dataset/New_gym_dataset/OHP\Test\Leg_Drive\PXL_20250420_135952662_Sports2D
154.5659257833142,156.123810350088,83.43417341137341,141.8906254278042,30.533102255855038,75.85790109503259,55.96717647254082,51.98171144512059,-1.0152160336111247,1.7152949081861633,-2.262543784176697,0.6769436020575593,-0.05092694099773176,1.064069640880952,-1.4602366193280105,0.049700029476101804,0.4062148076941185,1.0143696114048502,152.3171104520354,1.7364041804767174,1.6229602435888404,2.110403684552302,2.008700990058033,Leg_Drive,D:/ML Projects/AIL721/Course Project/New/New_gym_dataset/New_gym_dataset/OHP\Test\Leg_Drive\PXL_20250420_135952662_Sports2D
150.7636335049426,151.51792394758274,87.3875779633561,144.32655204414948,27.45821667905932,79.17234668656492,56.694583174116694,50.69027063414767,-1.0040225621131453,1.7316726729596439,-2.2922937041646847,0.6460404391498934,0.008849212092960218,1.0662031898396265,-1.4883543477970045,-0.012204303813822467,0.4201775052351436,1.078407493653449,148.73884409963998,1.845150731543387,1.684707654915097,2.107186233755008,2.028128916593383,Leg_Drive,D:/ML Projects/AIL721/Course Project/New/New_gym_dataset/New_gym_dataset/OHP\Test\Leg_Drive\PXL_20250420_135952662_Sports2D
146.48309293187717,146.0855378882194,91.24865095323666,148.18389406733445,23.546226897742972,82.97877191831407,57.06313396586585,49.06430980653342,-0.9698906382332873,1.7429717149403865,-2.3052144999111013,0.6054428027387228,0.08298231201424644,1.0608762765009183,-1.5162415521789594,-0.07884769496927246,0.41937092694760947,1.1397239714701908,143.55607023980832,1.9637942099285337,1.754155592204081,2.0924071853408903,2.022812830651231,Leg_Drive,D:/ML Projects/AIL721/Course Project/New/New_gym_dataset/New_gym_dataset/OHP\Test\Leg_Drive\PXL_20250420_135952662_Sports2D
141.7929410550348,140.59229987505242,94.77043315741756,152.27682098283475,19.679235189004327,86.72648932925674,57.88629413396956,47.318789204309134,-0.8921885403822218,1.6939012487332181,-2.2387967037294794,0.5350908951537741,0.1594155014272094,1.0338806788783372,-1.4988624752765722,-0.14725162727427937,0.4138937244792272,1.1811323061526164,140.77370142518382,2.0359173295245037,1.7765683159271952,2.0065862688065184,1.9318309021778362,Leg_Drive,D:/ML Projects/AIL721/Course Project/New/New_gym_dataset/New_gym_dataset/OHP\Test\Leg_Drive\PXL_20250420_135952662_Sports2D
136.53124582678944,135.1316758385469,99.06864139058567,155.77267930612518,15.418001904618949,90.25932260132986,58.88675607782951,45.390998439876746,-0.7850184278997984,1.6072474246642414,-2.1272864908144515,0.45680825179924256,0.2394533430615079,0.9889235169380228,-1.4495489342721521,-0.2117418124811204,0.4144811026054779,1.2006653294191432,140.78685397856813,2.072275542997955,1.7678217792478284,1.870223721434665,1.7992793180221278,Leg_Drive,D:/ML Projects/AIL721/Course Project/New/New_gym_dataset/New_gym_dataset/OHP\Test\Leg_Drive\PXL_20250420_135952662_Sports2D
130.43538639679562,129.27868697517886,105.17958959073493,159.24638248380018,9.48909150077016,93.9150635753052,59.05370510397456,43.19375055048405,-0.6682005824571955,1.531529669292688,-2.049089870841203,0.4033249231763056,0.3336646892755886,0.9308256811983708,-1.4129106321561595,-0.27428525276504406,0.417370404410461,1.205110933963415,141.5326444214362,2.1219843817975166,1.783171661936456,1.7349576991194486,1.7081257308938083,Leg_Drive,D:/ML Projects/AIL721/Course Project/New/New_gym_dataset/New_gym_dataset/OHP\Test\Leg_Drive\PXL_20250420_135952662_Sports2D
122.74290611936017,122.53867348139032,113.6283121072554,163.65955230687294,1.0777994146679157,98.36566382879674,58.33489329530805,40.90433731018706,-0.542108170209986,1.4569334416481958,-2.0027241472280966,0.365165602244662,0.44217480818504246,0.8498556543183529,-1.3865289281310769,-0.3460808127636747,0.41796397852039824,1.1959364670820276,141.65157455881302,2.1850449397010525,1.8235558799983154,1.5968957899089942,1.651506586768651,Leg_Drive,D:/ML Projects/AIL721/Course Project/New/New_gym_dataset/New_gym_dataset/OHP\Test\Leg_Drive\PXL_20250420_135952662_Sports2D
111.76103584467857,114.7144030866567,125.87539795341435,168.83359318889464,10.703477150415175,104.00551399189355,57.53548700490627,38.719917078550246,-0.4075756173046772,1.3491221092977137,-1.930277227732754,0.3069167953731001,0.5519414120795244,0.7386775052495022,-1.3368679913294614,-0.4332515703393214,0.4253358078423752,1.1719290755888234,141.8705016743871,2.2228402373127683,1.8452132968231505,1.4252329120983929,1.5664422029349674,Leg_Drive,D:/ML Projects/AIL721/Course Project/New/New_gym_dataset/New_gym_dataset/OHP\Test\Leg_Drive\PXL_20250420_135952662_Sports2D
93.65753713864125,106.02791272165358,146.42598211769317,174.0608980131359,29.561199762240033,110.92568036858883,56.78126309911873,36.95359309024241,-0.2729983385308415,1.2174069452994232,-1.8259180355118305,0.2170207777289806,0.6613459983077579,0.6055526593514767,-1.2588674515487677,-0.536750234697301,0.4518864681738729,1.1423028940487776,142.47216308815126,2.2342953239807204,1.8472498665686252,1.2247502422530623,1.4492366191530577,Leg_Drive,D:/ML Projects/AIL721/Course Project/New/New_gym_dataset/New_gym_dataset/OHP\Test\Leg_Drive\PXL_20250420_135952662_Sports2D
68.87436885446654,96.70905777015531,174.47184522463363,179.50223056223817,55.4583192125946,119.51129544980061,55.66731193293887,36.2203532199559,-0.15344914262651854,1.0989237422789135,-1.729393718468051,0.10992003509773657,0.767565587591427,0.46987982820169655,-1.168217751791809,-0.6562584696339694,0.48501608122214274,1.126138297835666,142.45665242797395,2.239518832893781,1.8605723955123217,1.0403732127279646,1.3393409487940555,Leg_Drive,D:/ML Projects/AIL721/Course Project/New/New_gym_dataset/New_gym_dataset/OHP\Test\Leg_Drive\PXL_20250420_135952662_Sports2D
48.623820247006975,87.16541534197749,163.18219448079773,169.79520857035467,77.1500653310471,129.87253161780043,54.226114421945944,37.0379469597779,-0.06976261200480714,0.9973879852445278,-1.644134948943692,-0.0024189720536339386,0.841984509643613,0.34044673102363743,-1.063014499494404,-0.7725301279134128,0.4949695156951027,1.1129768589370501,141.38133717060148,2.2062952461867402,1.8650099750886626,0.9036539282416374,1.2342537855922642,Leg_Drive,D:/ML Projects/AIL721/Course Project/New/New_gym_dataset/New_gym_dataset/OHP\Test\Leg_Drive\PXL_20250420_135952662_Sports2D
31.002607213589364,77.51389440950379,145.31770759475296,156.62348283328535,96.04732886956945,142.0114807023921,52.950063916841174,39.525375111895904,-0.00888871693129126,0.8724682631581113,-1.5284842676950687,-0.11972586306544677,0.8931730495883539,0.19148253041842764,-0.9205988192515181,-0.8564848317063601,0.47922753929122086,1.0479673621247878,139.71876670532717,2.0947563066556616,1.8148332766437798,0.7752229387944043,1.096214431876317,Leg_Drive,D:/ML Projects/AIL721/Course Project/New/New_gym_dataset/New_gym_dataset/OHP\Test\Leg_Drive\PXL_20250420_135952662_Sports2D
15.655118124652333,65.91044821627769,130.22995975250444,140.24754671058312,112.28070592168466,157.24178761522796,52.06417595366304,43.1522358315056,0.09034398302441426,0.7078053625994285,-1.3587023230050457,-0.24210255277144474,0.9890476632079539,0.0072807486995251315,-0.7297377511268094,-0.9130017078195266,0.4615834871653874,0.9202824565190517,137.8037225882685,1.9496520459576023,1.7326454469111274,0.5935447272987109,0.9152238316691566,Leg_Drive,D:/ML Projects/AIL721/Course Project/New/New_gym_dataset/New_gym_dataset/OHP\Test\Leg_Drive\PXL_20250420_135952662_Sports2D
9.177142963860605,52.1683108873012,123.35637892123984,122.41152171812615,119.8781746576432,174.35392470299098,50.94468237849619,46.52223559029215,0.271428664213136,0.531206958800614,-1.1617287453145482,-0.3562895744444042,1.1389963245775137,-0.17272344632596484,-0.5195887207127108,-0.9651842575538626,0.4503391636806287,0.7924608112278977,136.0109389698013,1.838178035390575,1.685701710566264,0.352539243365008,0.727218321240841,Leg_Drive,D:/ML Projects/AIL721/Course Project/New/New_gym_dataset/New_gym_dataset/OHP\Test\Leg_Drive\PXL_20250420_135952662_Sports2D
7.739042921318318,41.58861911971404,121.06483869886922,109.25463550146554,122.67483584210063,172.99431004243533,49.586121236581015,48.59430907727868,0.4854551440128428,0.35971308008534664,-0.9964073835872405,-0.4419255896544367,1.2576772776708816,-0.29782207867347993,-0.3513807515079942,-1.010706935067499,0.4424503113937988,0.7128848563940191,135.10081407176978,1.7599069747406904,1.684797052326326,0.14336055081845264,0.5907830386394458,Leg_Drive,D:/ML Projects/AIL721/Course Project/New/New_gym_dataset/New_gym_dataset/OHP\Test\Leg_Drive\PXL_20250420_135952662_Sports2D
5.45761016627096,36.5295975499911,118.94456323943527,102.7173498446683,124.78139454137757,166.44330762548128,49.76099529235146,50.0862899245098,0.6319123812072293,0.19412752912040182,-0.9009315302369831,-0.4945898451846291,1.2930372819461602,-0.3653382500065805,-0.2514463947224812,-1.0379078268562367,0.44266499331796,0.6725695768496562,135.1850284396163,1.684571062080674,1.6804588892684071,0.18557378945559483,0.5286827701035086,Leg_Drive,D:/ML Projects/AIL721/Course Project/New/New_gym_dataset/New_gym_dataset/OHP\Test\Leg_Drive\PXL_20250420_135952662_Sports2D
1.5871824739125506,34.5861119841178,116.36864691665166,99.65465498360423,126.40995566611089,162.4332575663669,52.002861859977045,52.15285441775089,0.693287551884312,0.07182640127053912,-0.8666343889162919,-0.5263106616035917,1.3002831809648892,-0.40236173545127335,-0.18200293090104513,-1.0582681319886993,0.4574300525071321,0.6559063965374259,135.29530168993696,1.6209211327049011,1.670665857487611,0.29402074431646635,0.5163883625716906,Leg_Drive,D:/ML Projects/AIL721/Course Project/New/New_gym_dataset/New_gym_dataset/OHP\Test\Leg_Drive\PXL_20250420_135952662_Sports2D
1.0392430352228035,34.08733361378992,114.19957973188784,99.19071859839637,126.36312220646711,159.75342053675138,52.59763475831019,54.33391307703855,0.6952240301994697,0.0726444008835102,-0.8835504639522032,-0.5485702140592931,1.3362649233615258,-0.4175103030370469,-0.12220590249580722,-1.0949687500908296,0.4914707870829856,0.6774584470537828,134.65853125904064,1.6081315547434216,1.6965955620602118,0.3121611463944627,0.5408378829189575,Leg_Drive,D:/ML Projects/AIL721/Course Project/New/New_gym_dataset/New_gym_dataset/OHP\Test\Leg_Drive\PXL_20250420_135952662_Sports2D
3.9664106815513027,34.555270532629805,112.10746974808596,101.49982822169731,125.55844757113218,159.16574554091542,50.47514174731654,55.389524991714374,0.6332793141725627,0.1989044469278266,-0.926508222140974,-0.5665493120275945,1.378698566614163,-0.4161151307714655,-0.08858014174077179,-1.1448233011766589,0.5348550630449572,0.7287081704051934,133.62893816296062,1.6382681116371063,1.737485716642884,0.2216645538975983,0.5861112887157188,Leg_Drive,D:/ML Projects/AIL721/Course Project/New/New_gym_dataset/New_gym_dataset/OHP\Test\Leg_Drive\PXL_20250420_135952662_Sports2D
4.901110408508891,34.56234646253428,110.46214515919642,103.24075680257583,125.7577638788216,159.46066584059386,49.34112571266954,55.10168062194044,0.5527499689150002,0.294953013928874,-0.9359766153375506,-0.5773735932367067,1.3865559544719246,-0.4211926485759817,-0.07960828279047948,-1.174747073689088,0.5560068328811716,0.7535544251131062,132.80713948578514,1.6484786447615243,1.7254740079842643,0.13820440908196543,0.6003548274115506,Leg_Drive,D:/ML Projects/AIL721/Course Project/New/New_gym_dataset/New_gym_dataset/OHP\Test\Leg_Drive\PXL_20250420_135952662_Sports2D
3.201732271546184,33.20323825186115,110.59940844348681,101.90006486591845,126.34115289389533,158.84062620330056,50.4571148345585,54.36261204856057,0.5301729665630412,0.26750902946847,-0.9013057915230475,-0.5765884146183938,1.3810185614698873,-0.43494421788856596,-0.07106921412740082,-1.1717992569096942,0.5455087789427223,0.7368550390211283,132.31477520716078,1.628347093395603,1.6618158532056635,0.11124414540568164,0.5699853506247251,Leg_Drive,D:/ML Projects/AIL721/Course Project/New/New_gym_dataset/New_gym_dataset/OHP\Test\Leg_Drive\PXL_20250420_135952662_Sports2D
3.415882467385551,31.921417208855637,112.75087044194377,99.95756854013335,124.92265421352427,157.63109319560147,51.661463319090025,54.290324013254185,0.5615130113694611,0.24818576932220235,-0.8816360897590164,-0.5602281610969074,1.4019863534783206,-0.41649844360028376,-0.05847632057711733,-1.151939278135576,0.5347428725500655,0.7354408345352923,131.95270582230424,1.6351833057523328,1.6541500569729475,0.14032336176663265,0.5445770854367886,Leg_Drive,D:/ML Projects/AIL721/Course Project/New/New_gym_dataset/New_gym_dataset/OHP\Test\Leg_Drive\PXL_20250420_135952662_Sports2D
8.048154596928208,31.721961044104994,115.9621501628884,99.66273363422741,121.08549318186317,156.71037697897899,50.866352221208636,55.01158406512604,0.6043219975284735,0.3385870539839467,-0.906453474308854,-0.528724441452414,1.44891739592187,-0.3486209833792024,-0.05144742914745559,-1.1271485365867944,0.5439414643523197,0.778527553207592,131.62861928264692,1.6903253412904593,1.7420309286638271,0.19640301827590959,0.5504418064738866,Leg_Drive,D:/ML Projects/AIL721/Course Project/New/New_gym_dataset/New_gym_dataset/OHP\Test\Leg_Drive\PXL_20250420_135952662_Sports2D
2.5584919938275723,32.9248929701998,97.2932591221391,99.65063597380745,110.33541285825436,127.2793079542008,67.10609514791783,85.64558501599899,0.563799341482003,0.35408918004559997,-0.28535554408922903,-1.0373909444060905,1.224074651510287,0.07526073928730496,0.64171884608182,-1.107983520907459,0.8859716254636179,1.1832442601947641,100.98114298429583,1.3187893172907086,1.630116853613134,0.3436275325180341,0.5968066632707592,Leg_Drive,D:/ML Projects/AIL721/Course Project/New/New_gym_dataset/New_gym_dataset/OHP\Test\Leg_Drive\PXL_20250420_135957879_Sports2D
1.9346294687115655,33.69025575718501,93.38188920617436,106.5412648201247,111.36964035815761,131.29279438445664,70.56498911055401,82.39746137272837,0.39800577857138064,0.3488888103017729,-0.26264749511111524,-1.0271348746513111,1.213674703843374,0.061086088285241036,0.5696110372005359,-1.1382194037045799,0.9081319969888763,1.1993054919898207,105.04290407588185,1.3613051347168141,1.5264022830103678,0.21600061533073397,0.5755427122596944,Leg_Drive,D:/ML Projects/AIL721/Course Project/New/New_gym_dataset/New_gym_dataset/OHP\Test\Leg_Drive\PXL_20250420_135957879_Sports2D
4.716028939996909,35.6991636712568,91.65564711446534,111.03802437375546,111.76701009163989,134.4606815798607,72.94901884835696,81.23848209139611,0.3076211192953476,0.33405602331656004,-0.2745826568951274,-1.0392779460873165,1.1852927978625707,0.06487069209988186,0.5170874140723127,-1.1612905452128903,0.9175975046390233,1.2261612373127722,106.54874963723711,1.3964131963049742,1.4916458790641487,0.16556719347410423,0.5854108547612532,Leg_Drive,D:/ML Projects/AIL721/Course Project/New/New_gym_dataset/New_gym_dataset/OHP\Test\Leg_Drive\PXL_20250420_135957879_Sports2D
7.462533520801815,38.91968510275688,90.81599455160493,113.95173220455601,111.49222770508327,136.25995446124418,75.97030581571852,82.65973064151268,0.27382258875953025,0.30307397550960774,-0.3027211635423749,-1.0649638118749243,1.1524815450009684,0.0835159471661853,0.4835959414282859,-1.1662551255374525,0.9251552548318045,1.2497710727036377,105.28167142254927,1.4175103826193278,1.4845639380068232,0.18028350090968653,0.6128797228391086,Leg_Drive,D:/ML Projects/AIL721/Course Project/New/New_gym_dataset/New_gym_dataset/OHP\Test\Leg_Drive\PXL_20250420_135957879_Sports2D
10.0131750201241,42.15040098516166,89.46972367006786,117.08517397702809,110.90128306291211,137.4561807100081,79.11189195721197,84.69422027515357,0.25154298873399505,0.27077557390640505,-0.3242678161022815,-1.0860952672564188,1.1398233311660193,0.09991093682451524,0.45931668275905724,-1.1588659286686447,0.9374582566877824,1.25877686549316,103.3103080976587,1.4309467130633697,1.4739934065538114,0.21258163217289497,0.6353791667015823,Leg_Drive,D:/ML Projects/AIL721/Course Project/New/New_gym_dataset/New_gym_dataset/OHP\Test\Leg_Drive\PXL_20250420_135957879_Sports2D
10.597371631280097,44.002179825374085,89.20161972353642,118.88922597142906,110.29301481571034,138.38386051067585,80.30435681556985,85.61831931469824,0.2424501994829961,0.26081692605442874,-0.3324008165278711,-1.1035861584754019,1.160256560433375,0.10400524065433712,0.44791179929722585,-1.1633769798304507,0.9426727462875987,1.2673822204847878,102.56003139984657,1.4538544464694767,1.4805571477262345,0.22367928577683133,0.6535623821565605,Leg_Drive,D:/ML Projects/AIL721/Course Project/New/New_gym_dataset/New_gym_dataset/OHP\Test\Leg_Drive\PXL_20250420_135957879_Sports2D
8.799802157386944,43.66194949324284,92.08636352759873,116.35917074683962,109.30344456353694,137.74897883797536,79.49635759385001,85.91297065526746,0.28658386718495893,0.2779436035775432,-0.2950942479152783,-1.1279800007272165,1.2031893847331718,0.10800053961639186,0.4689571123575935,-1.182574030879642,0.9311207062778568,1.2905745704960339,102.45877449511894,1.4848164034010491,1.5215027475255678,0.21462427763297104,0.6719447869706112,Leg_Drive,D:/ML Projects/AIL721/Course Project/New/New_gym_dataset/New_gym_dataset/OHP\Test\Leg_Drive\PXL_20250420_135957879_Sports2D
5.510070017783666,42.941507136448585,96.87366205826413,110.7285518893072,107.71786311681703,135.32007706438839,77.79220690096662,87.6214300720602,0.38575740634972544,0.3098904427521073,-0.18988616335614553,-1.1581636861312192,1.2389277136421395,0.12530702074365122,0.5166467602769825,-1.1875114681086718,0.9092976726904266,1.3128184888523229,101.44540084358087,1.4983931928124128,1.5768793373860603,0.2291870144458466,0.7037498918936241,Leg_Drive,D:/ML Projects/AIL721/Course Project/New/New_gym_dataset/New_gym_dataset/OHP\Test\Leg_Drive\PXL_20250420_135957879_Sports2D
2.442850569057129,44.4836030108122,99.81875734186077,106.7592724265145,106.83189669411252,133.4099264624878,75.61095387494447,91.07367654832441,0.4640450259011834,0.33744935374772145,-0.08645835698649847,-1.1838369315099722,1.2665432704775157,0.13156635401076122,0.5423091549716302,-1.172052957715718,0.8937580327336012,1.3036193117264792,99.8349939831581,1.4912874853524425,1.6178275360136303,0.2635614848931851,0.7497334962168736,Leg_Drive,D:/ML Projects/AIL721/Course Project/New/New_gym_dataset/New_gym_dataset/OHP\Test\Leg_Drive\PXL_20250420_135957879_Sports2D
2.0732452903440786,46.6534764468958,99.32904413149802,106.83793694847179,107.68388378527774,133.8508648652476,74.38936150506599,92.80261158164825,0.4678449456417491,0.33547794374392975,-0.07781936703064676,-1.1911400312789144,1.3103383733440745,0.10008091725275621,0.5187214124661798,-1.1619370638876059,0.8909040654920234,1.262017981140362,98.99299072931377,1.489747226032373,1.62120695279384,0.26467804628926966,0.7604827638901474,Leg_Drive,D:/ML Projects/AIL721/Course Project/New/New_gym_dataset/New_gym_dataset/OHP\Test\Leg_Drive\PXL_20250420_135957879_Sports2D
4.711866338787946,46.48347877803087,97.01660870680335,109.83498200609453,108.79131781143646,135.64290852433433,75.92054852735146,90.84057025369655,0.43402530584885196,0.29451469043208983,-0.16739395342857874,-1.1718821083073572,1.3506692996378147,0.06461908816384014,0.4787864831582332,-1.1624014968278304,0.9002585512445477,1.2270205849916707,99.18272041592738,1.505243887768912,1.5849368116057851,0.26649977835052174,0.7235023283770566,Leg_Drive,D:/ML Projects/AIL721/Course Project/New/New_gym_dataset/New_gym_dataset/OHP\Test\Leg_Drive\PXL_20250420_135957879_Sports2D
7.743075023662236,45.059173075701445,94.76229482781248,112.94728049694484,108.45382124361333,136.1633965683706,79.28925378004888,88.89577650733087,0.417313785760081,0.2529378381483387,-0.2670278741482069,-1.1408181324024282,1.3380083172823531,0.07879194616408117,0.47073884697229634,-1.1550383808837827,0.9190244955038953,1.2338303270478639,100.08962954431121,1.5081424369319116,1.552700619221858,0.3019387423069867,0.684885089764416,Leg_Drive,D:/ML Projects/AIL721/Course Project/New/New_gym_dataset/New_gym_dataset/OHP\Test\Leg_Drive\PXL_20250420_135957879_Sports2D
8.568226574984806,43.915738848489646,94.39445508180538,113.48327714826898,106.55032402218859,134.4280562522629,82.01790255279619,89.48768259622675,0.4325789976438811,0.25521580399615573,-0.2865196506425938,-1.1332673749178412,1.301101934752672,0.13342959085142536,0.5082578779185302,-1.1403741673462275,0.9339253830239712,1.273803758197653,101.12835383813076,1.500392519594684,1.563645869145106,0.33056621785893014,0.6749664261421122,Leg_Drive,D:/ML Projects/AIL721/Course Project/New/New_gym_dataset/New_gym_dataset/OHP\Test\Leg_Drive\PXL_20250420_135957879_Sports2D
6.891839323391573,44.257182349408545,96.14264091672135,111.3953972448428,104.12479860445369,131.6628367660179,82.76704071893799,92.59434558339062,0.4711037458513741,0.289538425921995,-0.2228294365197104,-1.1625378448050607,1.3092373507997144,0.18316766380241056,0.5660081087046261,-1.1267949506110178,0.9380859423707582,1.3099626144134284,101.88533508663522,1.5061181087371944,1.6093690557495675,0.3478041798705608,0.6952683592864023,Leg_Drive,D:/ML Projects/AIL721/Course Project/New/New_gym_dataset/New_gym_dataset/OHP\Test\Leg_Drive\PXL_20250420_135957879_Sports2D
4.996336201152531,46.98792569655806,97.59279454953582,109.2905845215373,102.61689605927954,129.50027513035266,82.37944014187308,97.4876505662054,0.5160538112578902,0.3167364038089101,-0.13614566474023845,-1.2007273217038572,1.356016808385358,0.20435462086365577,0.5976580282586779,-1.1042811323422013,0.9384346080058059,1.308635753205857,102.1634048105563,1.5124931649312956,1.6516840844239316,0.37566304088742164,0.7324241988496395,Leg_Drive,D:/ML Projects/AIL721/Course Project/New/New_gym_dataset/New_gym_dataset/OHP\Test\Leg_Drive\PXL_20250420_135957879_Sports2D
4.560265228839599,51.505970046259925,97.44425753752996,109.29057040837702,102.32337335028927,129.05820129619636,82.23689187855031,102.44776875006357,0.5645352107105402,0.3162605488352001,-0.07412919519315213,-1.2228759467564878,1.3910748897762537,0.2035808313698571,0.5800733834029753,-1.0784682873704177,0.9410719879650639,1.282049118740275,101.94237555902197,1.5170278132593489,1.6663833218772257,0.42446132984637647,0.7583109245761968,Leg_Drive,D:/ML Projects/AIL721/Course Project/New/New_gym_dataset/New_gym_dataset/OHP\Test\Leg_Drive\PXL_20250420_135957879_Sports2D
5.111382575761988,57.31463890471013,97.31717751264006,110.89118094758723,102.24605277786878,130.45441123809607,82.86532979789314,106.86022766661408,0.6361766317347186,0.2986170574916752,-0.015531691883811165,-1.2464624572221277,1.406510372861375,0.20219351432490013,0.5432359216479986,-1.0771194639119062,0.9422725356631525,1.2793129782368062,101.91016141497785,1.5433355028647802,1.6769002492282943,0.4994921499453935,0.7900644348088901,Leg_Drive,D:/ML Projects/AIL721/Course Project/New/New_gym_dataset/New_gym_dataset/OHP\Test\Leg_Drive\PXL_20250420_135957879_Sports2D
5.926349112810502,66.22057865450023,98.43623605377944,112.69013233151182,101.70949537151398,132.8358637568052,84.21685374129652,113.384714897695,0.7427952544754255,0.27882792176251836,0.0800742726743586,-1.295238226986386,1.4251604670141345,0.20971857596555601,0.5154406446119393,-1.106976253055348,0.9388196562146094,1.316694829020904,102.61745913796045,1.6003985216319931,1.7078885620427866,0.6015772555528925,0.863502841859958,Leg_Drive,D:/ML Projects/AIL721/Course Project/New/New_gym_dataset/New_gym_dataset/OHP\Test\Leg_Drive\PXL_20250420_135957879_Sports2D
6.815216348272658,80.68766832674184,100.40444594746218,114.25616281954443,100.79385233759199,135.45446110459866,86.02136401068064,125.23320722214318,0.8674916067401045,0.26437672331387163,0.19952057446517668,-1.361847491299447,1.4527517834169092,0.2236706336973271,0.4952211033489819,-1.1529969458659355,0.9323345412452342,1.3766675795632626,103.7757585316618,1.6769253495286902,1.7580644175209104,0.7157282519462097,0.9730804747050041,Leg_Drive,D:/ML Projects/AIL721/Course Project/New/New_gym_dataset/New_gym_dataset/OHP\Test\Leg_Drive\PXL_20250420_135957879_Sports2D
6.273410027391179,89.4757623288162,102.66029339225805,115.00292435110973,99.83499473128182,137.4982124746495,86.43841529610938,131.9775498541667,0.9458577664619076,0.2722649087150846,0.25333286452781695,-1.4059751345916762,1.4757637023927772,0.23928273224269217,0.4837845598265157,-1.1986389429034894,0.9239110004146993,1.4379216751461816,104.93331628701603,1.7468947773525731,1.8155110527774543,0.7780323383414376,1.0434916234990566,Leg_Drive,D:/ML Projects/AIL721/Course Project/New/New_gym_dataset/New_gym_dataset/OHP\Test\Leg_Drive\PXL_20250420_135957879_Sports2D
2.6686558081517564,71.4319270748608,104.71290164735127,113.23365446163622,99.37845317475215,137.32500928373972,83.29020263339976,114.10691779112108,0.896557511137776,0.31456612309740606,0.14877159832179035,-1.376620724180694,1.475582849364836,0.24644589917578422,0.4995557665636436,-1.2196565522495033,0.9128957785257895,1.4661024514252874,105.75916364779046,1.7612737619225023,1.8491340470102424,0.7068471409374266,0.9855119697472043,Leg_Drive,D:/ML Projects/AIL721/Course Project/New/New_gym_dataset/New_gym_dataset/OHP\Test\Leg_Drive\PXL_20250420_135957879_Sports2D
0.09109485165969576,52.98394251744971,105.16878956933067,109.05340026343417,100.10272191174396,134.32491174450865,79.98837293991998,98.65903077294105,0.7513990875284913,0.35514652976582767,-0.041978134333880215,-1.282807052023642,1.453860635277946,0.2311366177883564,0.5454254488710538,-1.1933514826624934,0.9042949281118343,1.4244881004508496,106.05771057442796,1.6895031329441788,1.8199833384586266,0.5466204767893942,0.8481741403134941,Leg_Drive,D:/ML Projects/AIL721/Course Project/New/New_gym_dataset/New_gym_dataset/OHP\Test\Leg_Drive\PXL_20250420_135957879_Sports2D
0.8004875895305752,45.35232386857478,102.90264067755794,106.58007885148484,101.65288525530148,131.13560478434434,79.14760233422956,94.21671908423046,0.6415722699428928,0.35387182916986704,-0.16332670424780016,-1.196577101439137,1.4296961076903627,0.20278205977855707,0.5788383230548614,-1.1418581700815793,0.9095589601201363,1.3446402298601363,106.39262681489787,1.5912310697799845,1.746927086366181,0.4453668417510676,0.7431288374341177,Leg_Drive,D:/ML Projects/AIL721/Course Project/New/New_gym_dataset/New_gym_dataset/OHP\Test\Leg_Drive\PXL_20250420_135957879_Sports2D
2.1299238962672216,43.321008077272374,100.12474062851084,109.08583715141384,102.317036209005,131.52761398892974,79.81288768726209,91.79339408834264,0.5766353677596737,0.3463210414455915,-0.24617387682735548,-1.1428097559750567,1.3937720397020403,0.19948469145539646,0.5496092464713374,-1.1178931038524884,0.9242679329326836,1.3173777953078847,107.90832616816633,1.564638960605713,1.701330533671965,0.40277270834171647,0.6829185938271047,Leg_Drive,D:/ML Projects/AIL721/Course Project/New/New_gym_dataset/New_gym_dataset/OHP\Test\Leg_Drive\PXL_20250420_135957879_Sports2D
1.4923865043153053,43.93409627496821,100.35251998639451,115.2739224516957,101.39990609634094,137.02634853443112,80.09248040797448,86.90774774053708,0.45754879256144504,0.3859682958921254,-0.40505870541464645,-1.1054407516662905,1.330124477120437,0.23356145094331018,0.45523246982354304,-1.1519157842559309,0.928793861476915,1.385477235199241,110.70078634700391,1.6385918325462634,1.722902389197854,0.28332196579534347,0.677666422130607,Leg_Drive,D:/ML Projects/AIL721/Course Project/New/New_gym_dataset/New_gym_dataset/OHP\Test\Leg_Drive\PXL_20250420_135957879_Sports2D
0.3372859700047812,45.9131203417369,102.87905993223822,121.18746180702408,100.47425507304575,144.54077681230797,79.18845895694906,81.37234352942893,0.29597049748884247,0.44681434778528106,-0.5883424886430375,-1.0890589343149961,1.2559338395746842,0.26349113774073496,0.35214648141848004,-1.2317589061448728,0.9180779198241736,1.4952500438856078,114.17345896618657,1.7471703644759098,1.77226301550051,0.09853179504299199,0.7410373423880169,Leg_Drive,D:/ML Projects/AIL721/Course Project/New/New_gym_dataset/New_gym_dataset/OHP\Test\Leg_Drive\PXL_20250420_135957879_Sports2D
1.0033080269108363,44.15418769350512,102.13551022231528,122.09695955239232,102.44422463572626,146.67669441043392,78.55908339118417,77.47749328307121,0.3045548525858752,0.4167951484940293,-0.5463788088373469,-1.1042315354373153,1.211083745574559,0.23333306373405974,0.34995496080189,-1.3033133797578724,0.9093832879615253,1.536646443491932,119.05981428809648,1.7614837712168845,1.7428741404284804,0.10374452352120528,0.7324043305914943,Leg_Drive,D:/ML Projects/AIL721/Course Project/New/New_gym_dataset/New_gym_dataset/OHP\Test\Leg_Drive\PXL_20250420_135957879_Sports2D
8.862379314659288,38.37954486716329,96.78473651631332,119.97313688146711,106.66719447071603,143.4250678684964,82.19518484394321,74.95447699866692,0.6274877754312147,0.24061124358447203,-0.1741350925934819,-1.160005704307508,1.1806957582318265,0.16478381153898375,0.4448207715387847,-1.326381625264123,0.9173942871392861,1.4911654368031066,128.33888372626768,1.6628548812078234,1.6137927553630873,0.4808034903202804,0.7017488529328453,Leg_Drive,D:/ML Projects/AIL721/Course Project/New/New_gym_dataset/New_gym_dataset/OHP\Test\Leg_Drive\PXL_20250420_135957879_Sports2D
54.23096184957497,37.55009075371713,94.57471575452774,126.64912733556812,107.34384577237795,148.56768886247383,126.88711607719702,68.98240189124331,0.8773243031932192,0.11895875837369593,0.05399818876636576,-1.2129344145731822,0.9988891728519391,0.21018950547282977,0.3378232461157399,-1.3219846789977396,0.9277153721808192,1.5321741844705694,144.7741566305987,1.6687018580470403,1.5658241647259512,0.7720066797288782,0.7867812218753847,Leg_Drive,D:/ML Projects/AIL721/Course Project/New/New_gym_dataset/New_gym_dataset/OHP\Test\Leg_Drive\PXL_20250420_135957879_Sports2D
50.47809676921877,52.71364810118912,114.01465780225755,154.77305672737333,88.98637848112755,177.77409301075855,141.49171828809122,54.93955509043065,0.4550286370876026,0.33545828986278736,-0.39757023591865087,-1.1288339751225742,0.559446331276535,0.46669038272966334,-0.16298786045848523,-1.2934594061662372,0.920497786321033,1.7601497888959003,153.37107697452788,1.9026398610189252,1.6944251755529054,0.2880855482082536,0.6984907835422436,Leg_Drive,D:/ML Projects/AIL721/Course Project/New/New_gym_dataset/New_gym_dataset/OHP\Test\Leg_Drive\PXL_20250420_135957879_Sports2D
118.84940901052485,90.8289425780034,126.4946014776675,172.77753163866512,26.73377715041029,146.00591026674275,87.88436813988548,56.83485284474614,-0.48348223428830533,0.7925795694677251,-1.2097062961373242,-0.8678765529122553,0.06098487495518092,0.7724661201160331,-0.7236479057294211,-1.1855221417047102,0.8928090288273277,1.9579882618207434,140.1896494524724,2.109352183480195,1.812323349283358,0.788728569618504,1.07091385636728,Leg_Drive,D:/ML Projects/AIL721/Course Project/New/New_gym_dataset/New_gym_dataset/OHP\Test\Leg_Drive\PXL_20250420_135957879_Sports2D
147.99596030400875,113.94584940717894,103.2995991996622,157.60957855443084,46.218071472176746,127.12724922626983,78.22211116816798,61.073098633448765,-1.2485269730729547,1.1460862156434681,-1.7569390718241884,-0.5989483799322113,-0.28244287561733133,0.9446497966996658,-1.0162967234696485,-1.0082587547127604,0.861785650080422,1.952908551412426,129.62989825758098,2.0862390275774807,1.8175886778676327,1.6637295720123606,1.512667144300036,Leg_Drive,D:/ML Projects/AIL721/Course Project/New/New_gym_dataset/New_gym_dataset/OHP\Test\Leg_Drive\PXL_20250420_135957879_Sports2D
157.58452431007396,130.9653974162135,94.90062228358254,147.45302732745427,52.81053356895752,115.16418317999434,75.22600925888358,66.12958059620782,-1.6270813028884714,1.2976293133631167,-1.9903093217884578,-0.44286741392721113,-0.4912575164344355,0.9980832552882836,-1.1250628372984564,-0.8257575716252802,0.8453658589986951,1.8238408269135638,127.42946837927096,1.9308300149604825,1.7779942214254665,2.0864876708900484,1.7233336501680145,Leg_Drive,D:/ML Projects/AIL721/Course Project/New/New_gym_dataset/New_gym_dataset/OHP\Test\Leg_Drive\PXL_20250420_135957879_Sports2D
164.29783140124118,147.12712099195858,89.581030030818,137.22189883383663,57.73515405419247,104.53808291884717,73.43732265295131,71.66520391080573,-1.7850952845345949,1.3346844391294044,-2.09439633407199,-0.366092269827545,-0.6364041734424923,0.9930593480663543,-1.2008176261374763,-0.662217324595099,0.8416633476625346,1.6552766726614532,129.63364807076542,1.748857743968973,1.7286724828536393,2.2491217954308795,1.8252160531507,Leg_Drive,D:/ML Projects/AIL721/Course Project/New/New_gym_dataset/New_gym_dataset/OHP\Test\Leg_Drive\PXL_20250420_135957879_Sports2D
171.00059610514953,160.50327509449883,85.15265474255652,128.5046738942058,62.09673525530839,95.75406389207075,71.09613915015878,76.25733898656952,-1.8664595789660396,1.3424633497385565,-2.1557635176943624,-0.3078556921198173,-0.7458102214928879,0.9586949478466151,-1.2794025323386018,-0.5221808906618235,0.8410332534072945,1.4808758385084386,132.87009198633945,1.5740756027814358,1.6754849175340438,2.327347542434645,1.888635026865688,Leg_Drive,D:/ML Projects/AIL721/Course Project/New/New_gym_dataset/New_gym_dataset/OHP\Test\Leg_Drive\PXL_20250420_135957879_Sports2D
177.2976951114021,170.13064483374885,81.88062777240114,122.12980349204977,65.5863350760086,89.59676634045958,68.28863996460666,79.72741117420843,-1.9724143107094865,1.3764311723319984,-2.245061503914676,-0.25268748638183686,-0.8517151330540789,0.9301933938793445,-1.3555876393688837,-0.41389272990302145,0.8430814948731973,1.344086123782366,133.2142561051012,1.4354285111994498,1.651776042970788,2.4362417349645673,1.983369286468688,Leg_Drive,D:/ML Projects/AIL721/Course Project/New/New_gym_dataset/New_gym_dataset/OHP\Test\Leg_Drive\PXL_20250420_135957879_Sports2D
178.87027645087585,176.47766705008743,80.56803968929609,117.66049518898389,67.68697521848637,85.91551009676635,66.55725166936223,82.3931771468539,-2.146405918788478,1.4412629462786344,-2.400827719491888,-0.2119001693863761,-0.9743546814631564,0.9330325283239256,-1.42491259748124,-0.34223333201705736,0.8503982794814957,1.275265860340983,130.2458192728926,1.3525181885053472,1.6726263000647845,2.6149490704297444,2.148372779923988,Leg_Drive,D:/ML Projects/AIL721/Course Project/New/New_gym_dataset/New_gym_dataset/OHP\Test\Leg_Drive\PXL_20250420_135957879_Sports2D
178.13946598072576,179.22294414465998,81.0893646854335,115.12986758999178,68.45862439247136,84.67785666789662,66.59809037319712,83.9008008125567,-2.2877322736380203,1.480730126860759,-2.5254705602611285,-0.20485561381509923,-1.0624675288044216,0.9504622396196364,-1.4659867847081731,-0.3180667888079113,0.8620539557615448,1.2685290284275477,128.03260956275503,1.3311625317174667,1.7022687161832801,2.7494130089259388,2.2832916150159344,Leg_Drive,D:/ML Projects/AIL721/Course Project/New/New_gym_dataset/New_gym_dataset/OHP\Test\Leg_Drive\PXL_20250420_135957879_Sports2D
179.45250768381825,178.369243839901,83.16412127105575,114.32690108840316,68.13563714265489,85.6266595021138,67.58814482647375,83.99590334201449,-2.2841373236796625,1.4652404433695039,-2.5089566412709194,-0.2348053551247494,-1.0496009673070632,0.9561024150740309,-1.454881151181022,-0.3456693531396879,0.877144138846855,1.3017717682137189,128.49339771690322,1.3634008082582254,1.714846769405407,2.725048745512905,2.2779748964970765,Leg_Drive,D:/ML Projects/AIL721/Course Project/New/New_gym_dataset/New_gym_dataset/OHP\Test\Leg_Drive\PXL_20250420_135957879_Sports2D
178.10055879026615,175.07610234633222,86.32860932472872,114.80588501012367,66.71408541992442,87.8485797547767,68.6135266296581,82.92468210110886,-2.211529565668775,1.4471869842062088,-2.4272328036893844,-0.27484436666588935,-0.9774001886730519,0.9638730449161649,-1.4086665022589833,-0.4012679405934813,0.891344574099428,1.3651409855096461,132.29208638392336,1.4316426032890495,1.7354883636253398,2.6358709602674435,2.2071902268926493,Leg_Drive,D:/ML Projects/AIL721/Course Project/New/New_gym_dataset/New_gym_dataset/OHP\Test\Leg_Drive\PXL_20250420_135957879_Sports2D
175.24192817726507,170.8121625773449,88.79556380713602,117.00115250137014,64.78172551556185,90.578441824068,69.53979733829667,81.39060440141296,-2.1726176436300797,1.454144812386553,-2.3846653848631787,-0.3046683617543283,-0.9299267229396024,0.9905052887345455,-1.363432017528883,-0.45928668822496077,0.8955354471238917,1.4497919769595062,136.9349899002592,1.5132163153009859,1.7715496115247753,2.597953013207671,2.1669005064618982,Leg_Drive,D:/ML Projects/AIL721/Course Project/New/New_gym_dataset/New_gym_dataset/OHP\Test\Leg_Drive\PXL_20250420_135957879_Sports2D
172.91181239534723,166.3559520103183,88.99070959703708,120.96229469135194,63.54255626147495,93.49556054986391,70.63074386612769,79.85151256018219,-2.1359649445591145,1.443350781867019,-2.3470179727607965,-0.32901782922596906,-0.9174407563561298,1.014975460829921,-1.3311220488006434,-0.510863584511854,0.8872787743318032,1.5258390453417752,137.1541632421622,1.580922833033941,1.7848904376181718,2.5690721826685174,2.1195028088500356,Leg_Drive,D:/ML Projects/AIL721/Course Project/New/New_gym_dataset/New_gym_dataset/OHP\Test\Leg_Drive\PXL_20250420_135957879_Sports2D
170.97741529911218,161.73030714570731,88.4046244210638,125.19172440419675,62.87563577892139,96.47198460418203,71.89822047980932,78.20229174988931,-2.0652060158091863,1.402686736092493,-2.2781353184838826,-0.3565157867988462,-0.8956540615300889,1.0203780279847119,-1.30654900781682,-0.5594501843549204,0.8769806628892561,1.5798282123396323,134.52047134029723,1.632388384358396,1.7720418743598545,2.4989720531699944,2.0395205540632313,Leg_Drive,D:/ML Projects/AIL721/Course Project/New/New_gym_dataset/New_gym_dataset/OHP\Test\Leg_Drive\PXL_20250420_135957879_Sports2D
168.273737538285,156.41295024050567,89.45742821233935,129.09447369656718,61.38694207748679,99.93884398639327,73.11320453920179,76.35179422689889,-2.0147606786145316,1.3856199299105347,-2.239270816644777,-0.38868997485277923,-0.845093936596583,1.030542429389806,-1.288038343844891,-0.6196646619222079,0.87329961773419,1.650207091312014,132.00518819835537,1.7086202597795135,1.788457558965144,2.4496326290308796,1.996255257228981,Leg_Drive,D:/ML Projects/AIL721/Course Project/New/New_gym_dataset/New_gym_dataset/OHP\Test\Leg_Drive\PXL_20250420_135957879_Sports2D
164.27144350186046,149.2444848024309,92.07361339353166,134.00984927409866,58.70033516568586,104.78379783331609,74.42889166382548,74.02828263574699,-1.9965212015352503,1.3970933038912965,-2.233009478398288,-0.4270955802716931,-0.7771884030689299,1.0573121616823817,-1.2620616645554692,-0.7049917666963955,0.8727001653481937,1.7623039283787774,129.71384299400447,1.827790254838849,1.839454209867009,2.437937146117043,1.9889027534913748,Leg_Drive,D:/ML Projects/AIL721/Course Project/New/New_gym_dataset/New_gym_dataset/OHP\Test\Leg_Drive\PXL_20250420_135957879_Sports2D
160.30681833354512,139.2922185450066,94.06940783916721,140.57054388440514,56.54926250607504,111.18921422964743,76.24244417252993,70.48143277465401,-1.9134515828831975,1.35582814582484,-2.1451347191964114,-0.46715180573128123,-0.6964482647314727,1.0578592220182539,-1.1951576418036907,-0.8039028251462685,0.8713737302675955,1.8617620471645224,128.25334292126772,1.9273995338387924,1.8376433221459179,2.3466808882584558,1.9000853455043811,Leg_Drive,D:/ML Projects/AIL721/Course Project/New/New_gym_dataset/New_gym_dataset/OHP\Test\Leg_Drive\PXL_20250420_135957879_Sports2D
157.78533730360888,127.38545161261281,94.60248418037185,147.63700593577047,55.952199251976225,118.19168936811847,78.16686194836734,65.57714098073127,-1.7309286948933946,1.2403507860490253,-1.9571151301455394,-0.4958891069498114,-0.5924240753740553,1.0018174829580841,-1.0917514793456873,-0.8888518362928367,0.8708252714402618,1.8906693192509207,128.56526407951756,1.9554943955720736,1.7509109827551728,2.1343306342830792,1.7123870571918447,Leg_Drive,D:/ML Projects/AIL721/Course Project/New/New_gym_dataset/New_gym_dataset/OHP\Test\Leg_Drive\PXL_20250420_135957879_Sports2D
155.82482818567888,115.88958133784317,95.58064576808854,154.196320936086,55.01087651123263,124.78784321540714,79.18604832555374,60.67742455325027,-1.562651690178899,1.1456750132874645,-1.811839627128277,-0.5194036588789009,-0.4711528181132833,0.9371850003624117,-1.0124916849400067,-0.9683910353966958,0.8711411654323526,1.9055760357591074,129.79630369851665,1.9809764755788084,1.6836215763717195,1.94260646695189,1.5685651599614843,Leg_Drive,D:/ML Projects/AIL721/Course Project/New/New_gym_dataset/New_gym_dataset/OHP\Test\Leg_Drive\PXL_20250420_135957879_Sports2D
152.76054495360606,106.69175310230871,99.06044603481199,159.65812406577308,51.95203300861002,130.670603109195,79.19148805500397,57.3623562115037,-1.4598343682535093,1.1122915645702756,-1.758631535074418,-0.5638469687330112,-0.34912761625921274,0.9002419023239151,-0.9742024294380612,-1.066236778382005,0.8747252781207807,1.96647868070592,130.00178070987388,2.063433285507789,1.7025628122698722,1.8310715443599814,1.5215881911546636,Leg_Drive,D:/ML Projects/AIL721/Course Project/New/New_gym_dataset/New_gym_dataset/OHP\Test\Leg_Drive\PXL_20250420_135957879_Sports2D
149.06022411776738,99.36507899195199,104.72869495438876,164.02814974586067,47.755155752256236,136.51200045250567,78.69493163448887,55.87707944445767,-1.3374710948165456,1.0753675135795815,-1.6873088636295777,-0.6403972695118749,-0.2185129291980761,0.8516746721513154,-0.9145445929410334,-1.1640489796614804,0.8868806502479993,2.015723651812796,127.94731875904654,2.1325107074550185,1.751066890608395,1.6909853224655893,1.4695678187476011,Leg_Drive,D:/ML Projects/AIL721/Course Project/New/New_gym_dataset/New_gym_dataset/OHP\Test\Leg_Drive\PXL_20250420_135957879_Sports2D
144.17182831906868,91.72874964876092,112.59840525953007,169.44978252603727,41.79895744241102,143.84714522797827,77.62712912334237,55.575894876739184,-1.1435177535034229,0.9932783984949326,-1.5319444795341979,-0.7250820484170213,-0.055452579951351014,0.7545917939341945,-0.7885951068375379,-1.2345234781062142,0.9018126367438812,1.9891152720404088,124.48199722336402,2.1199239444360862,1.7617144907749487,1.4637721853762464,1.3441408936825812,Leg_Drive,D:/ML Projects/AIL721/Course Project/New/New_gym_dataset/New_gym_dataset/OHP\Test\Leg_Drive\PXL_20250420_135957879_Sports2D
122.41227865794029,82.16151090814716,136.846001308595,178.275560593651,18.529275734554748,153.65083763680124,76.11699707661445,55.81234854494841,-0.9410308908073872,0.9196707305596132,-1.3728616136680063,-0.8022260550119443,0.14216900212802802,0.6519468495181117,-0.6303634635525122,-1.3065933772653662,0.9090564004953338,1.9585402267834782,121.95305757001303,2.1053945545810486,1.7752200746296178,1.239920590832266,1.2153240054618915,Leg_Drive,D:/ML Projects/AIL721/Course Project/New/New_gym_dataset/New_gym_dataset/OHP\Test\Leg_Drive\PXL_20250420_135957879_Sports2D
53.89819376057545,71.89098422816919,153.04682625528872,170.91324270418318,51.337914804585544,164.7020162359426,74.76389143483902,56.593000464111824,-0.7577169297805788,0.8783044685944741,-1.2438655832279288,-0.8875376550938184,0.3559054846084138,0.5749861995832187,-0.4651261987629578,-1.4011581783353317,0.9107936459629862,1.9761443779185506,121.00653252069439,2.1399157991562947,1.8315400402504587,1.0528209698037427,1.123839995100151,Leg_Drive,D:/ML Projects/AIL721/Course Project/New/New_gym_dataset/New_gym_dataset/OHP\Test\Leg_Drive\PXL_20250420_135957879_Sports2D
20.34329126884527,63.484170478566355,118.15843969959332,161.2515002198789,85.63807677570402,174.9519833048239,74.0186319554507,58.43615378339014,-0.5694472247116856,0.8034253216035556,-1.089759394685569,-0.97541635792346,0.5465997915745046,0.4837967198137433,-0.29084854068009386,-1.46621495397529,0.9149842012993694,1.9500116737890334,120.75753988451707,2.1222311931336595,1.8533759669979066,0.8452259958172267,1.028015270875744,Leg_Drive,D:/ML Projects/AIL721/Course Project/New/New_gym_dataset/New_gym_dataset/OHP\Test\Leg_Drive\PXL_20250420_135957879_Sports2D
1.7999096147458156,57.89096496976744,99.19095669319756,153.51982481406458,103.82988934537677,176.540670852639,74.37020103987709,61.35029411712853,-0.39874570961913225,0.6418188342630183,-0.9118768627832589,-1.0216871486915828,0.653382764358163,0.3474693415257855,-0.1359641651368336,-1.4456021223842819,0.9203626320387425,1.7930714639100676,120.81994844669353,1.9591257871284766,1.7408491421353258,0.6214172348137552,0.9101853225879347,Leg_Drive,D:/ML Projects/AIL721/Course Project/New/New_gym_dataset/New_gym_dataset/OHP\Test\Leg_Drive\PXL_20250420_135957879_Sports2D
16.820237775376366,55.70500809962286,81.67136958872672,148.15775696755554,121.1291381457182,170.95826470200058,75.69109962965814,64.74674339762227,-0.29958994778262316,0.4284597209809891,-0.7829085812457949,-1.0305350218657485,0.6475282991530639,0.1868856156482437,-0.047952484449221094,-1.37721388765341,0.921859717529539,1.5640995033016536,121.67094470329945,1.7117537137650756,1.5369653740755274,0.49441918822003494,0.8194778093276176,Leg_Drive,D:/ML Projects/AIL721/Course Project/New/New_gym_dataset/New_gym_dataset/OHP\Test\Leg_Drive\PXL_20250420_135957879_Sports2D
40.669115498898364,59.24936887339319,59.311967135268624,147.34872143395663,143.62531020799332,170.2859987772186,77.04380529090506,68.96337009617459,-0.29159798968221895,0.1836163535190038,-0.7337500782729747,-1.06653919935156,0.5396470910134443,-0.00762241349370676,-0.04581975201386521,-1.3311156421403394,0.9209320417584438,1.3234932286466328,123.31084652258855,1.447206187990451,1.3260419962498444,0.559721959424814,0.8110027671985881,Leg_Drive,D:/ML Projects/AIL721/Course Project/New/New_gym_dataset/New_gym_dataset/OHP\Test\Leg_Drive\PXL_20250420_135957879_Sports2D
68.89102019496963,72.56452352479752,31.99635917148988,152.98177849671254,170.9790599990999,175.95719766730232,77.91196019586975,76.60732585749523,-0.37452829232176144,-0.16116806512933435,-0.7485771553801829,-1.1884857880397417,0.31736205703449244,-0.3093454440492707,-0.13335110708652273,-1.3349701818755173,0.9206723987999916,1.0256247378262464,125.44460358326792,1.120289453290146,1.0932951366219106,0.8431023184336639,0.9145837395261424,Leg_Drive,D:/ML Projects/AIL721/Course Project/New/New_gym_dataset/New_gym_dataset/OHP\Test\Leg_Drive\PXL_20250420_135957879_Sports2D
89.19280725409426,101.52985588744127,12.292512145270061,163.66597371719791,169.49422810289354,173.53574224042558,78.68703535698779,95.06559812786683,-0.5307826222001728,-0.6979680129835144,-0.7931488144511617,-1.4255449688176534,-0.03939703197751806,-0.7962721762856813,-0.2980652499610271,-1.3816595505337976,0.9218747569221291,0.5853873742481165,127.52918751974762,0.6399903318987471,0.7734366460784978,1.366748153884694,1.1356733458917794,Leg_Drive,D:/ML Projects/AIL721/Course Project/New/New_gym_dataset/New_gym_dataset/OHP\Test\Leg_Drive\PXL_20250420_135957879_Sports2D
91.52802633784806,128.49461681189743,7.84932010843508,167.0614452467748,165.38939886682763,170.4786335116177,76.91742520467567,118.97325032351509,-0.589840526411576,-1.1316211553696411,-0.7771395937239927,-1.665648284534535,-0.24529466027833402,-1.2116890376203246,-0.3535507469887154,-1.4311076104424416,0.9241469959277266,0.2194185728221169,127.73596440777563,0.2446709839951199,0.5659204142811951,1.774712238384328,1.338704656348781,Leg_Drive,D:/ML Projects/AIL721/Course Project/New/New_gym_dataset/New_gym_dataset/OHP\Test\Leg_Drive\PXL_20250420_135957879_Sports2D
68.9532893106242,95.12549103819387,24.984651352460897,147.3226332173329,177.02596343610924,169.33324800590296,71.92732587451496,105.79224303229094,-0.3056137014768924,-0.6845394926190695,-0.6295403922566417,-1.5747922451763081,0.25656768525348445,-0.8679919769716344,-0.011034974048563476,-1.399863290966544,0.9271144379105609,0.5318713139949095,124.57920188025508,0.5953975797030079,0.9473533999702852,1.2494710481649045,1.195968635902837,Leg_Drive,D:/ML Projects/AIL721/Course Project/New/New_gym_dataset/New_gym_dataset/OHP\Test\Leg_Drive\PXL_20250420_135957879_Sports2D
23.298958871496332,54.35141007947965,69.60275460150417,124.04603759049901,132.0698066742791,145.71859886628218,71.22915219721722,88.63281121319748,0.023988755856698823,0.0981266497525835,-0.4973224708960172,-1.2884820233456067,0.9329918948914097,-0.21080724745840954,0.39139293297227407,-1.3096925280207787,0.9293095352556807,1.0988852805623692,119.7726666852194,1.2251033815105248,1.4813672763530135,0.4001939265364207,0.8811667674010616,Leg_Drive,D:/ML Projects/AIL721/Course Project/New/New_gym_dataset/New_gym_dataset/OHP\Test\Leg_Drive\PXL_20250420_135957879_Sports2D
0.9166856817166565,38.1338735538546,95.09176520470272,112.0130190481911,107.00327930087704,134.10806355377082,72.08003501740568,84.02581000008377,0.2533743345906598,0.46125405971028954,-0.3505861747532289,-1.1210756145590337,1.2738312087646557,0.13126274725454873,0.5923240738763865,-1.219750050981093,0.9265611669276438,1.3510127982356417,115.60436917325332,1.5131713570842253,1.6936751444477753,0.06533370827676462,0.6775729771488282,Leg_Drive,D:/ML Projects/AIL721/Course Project/New/New_gym_dataset/New_gym_dataset/OHP\Test\Leg_Drive\PXL_20250420_135957879_Sports2D
0.3378403473162761,38.91250076125125,102.17668062676104,103.13578988544174,102.25219611596958,127.56466662817246,77.40996353671581,91.3478341330788,0.6377484312716771,0.36617432462924976,0.07966196611608281,-1.1405538521597303,1.3698174277952124,0.20267117629663148,0.6663093245548005,-1.1267509293731377,0.910475342901245,1.3294221056697693,112.93876202938124,1.5040900193699729,1.6067639220867855,0.440073427838689,0.7427706435934479,Leg_Drive,D:/ML Projects/AIL721/Course Project/New/New_gym_dataset/New_gym_dataset/OHP\Test\Leg_Drive\PXL_20250420_135957879_Sports2D
102.35016870905746,162.78768399616348,106.51221846754837,92.88514287795417,102.56475121644004,121.96211256194249,179.78541749261845,139.17442856577904,1.36153460500121,-0.0406387939842162,0.9540459244970368,-1.3212500922282808,1.3623889976252022,0.18749192888652316,0.6965577378346076,-1.0232161738250216,0.8739676373046037,1.2107081027115447,113.35819331763004,1.3817182695780346,1.34387957865628,1.2162486507357075,1.4882294123901068,Leg_Drive,D:/ML Projects/AIL721/Course Project/New/New_gym_dataset/New_gym_dataset/OHP\Test\Leg_Drive\PXL_20250420_135957879_Sports2D
153.1060699726915,179.02607519293744,112.81132672488643,82.70031907762689,101.53536694037126,117.04701274288449,128.42929696767976,116.0730879358216,2.2176152509736613,-0.5044744492320695,1.991561740073884,-1.5465589115050447,1.3314119072789432,0.1986597689701746,0.7160892748216456,-0.9224541030600473,0.8256387700434984,1.1211138720302218,117.59351057693885,1.278873823358964,1.0663208786762413,2.14187978474275,2.540649714101901,Leg_Drive,D:/ML Projects/AIL721/Course Project/New/New_gym_dataset/New_gym_dataset/OHP\Test\Leg_Drive\PXL_20250420_135957879_Sports2D
154.8659220443071,179.3918930744283,119.81041145969152,74.48373700210173,98.91587731670973,113.21002577850292,124.04995527240261,112.60191885293159,2.944899424410355,-0.874482480719522,2.871978949202362,-1.7289449222599058,1.3036692595441521,0.23462446462228562,0.7306753740020387,-0.8375221325929588,0.780143447797601,1.0721465972152444,123.56167021759758,1.2156563325170793,0.8575683411295648,2.9201100916780356,3.4547649032713,Leg_Drive,D:/ML Projects/AIL721/Course Project/New/New_gym_dataset/New_gym_dataset/OHP\Test\Leg_Drive\PXL_20250420_135957879_Sports2D
95.73614818397267,0.0,95.7361286691406,103.44479684594744,126.7861484615605,145.96707397664827,42.52229664553315,0.0,2.478985208955445,-0.785027096764075,1.0187346757624465,-2.377367459879755,2.2356100447534413,-1.050417066487207,1.0187351103243594,-2.3773673642284843,0.7370146053473847,1.3269502977412775,124.4285849166507,1.8004393071462996,2.1605275864236986,2.4320203561705904,2.424062909356481,Leg_Drive,D:/ML Projects/AIL721/Course Project/New/New_gym_dataset/New_gym_dataset/OHP\Test\Leg_Drive\PXL_20250420_140002958_Sports2D
95.73607889098102,0.0,95.73612887174998,103.4448008964767,126.78615218534901,145.96708195357547,42.52223107633004,0.0,2.478983816555668,-0.7850270130774223,1.018734195506954,-2.3773666161736173,2.235609397970365,-1.0504167794397392,1.0187347609440154,-2.377367464138397,0.7370145590305104,1.3269506846986578,124.42858645518547,1.8004393913320846,2.160526409781066,2.432019057451668,2.4240619747046503,Leg_Drive,D:/ML Projects/AIL721/Course Project/New/New_gym_dataset/New_gym_dataset/OHP\Test\Leg_Drive\PXL_20250420_140002958_Sports2D
95.73594677647755,0.0,95.73614075576774,103.44475327025361,126.78614238183056,145.9670364078516,42.522089158308106,0.0,2.478990024403961,-0.7850317757686799,1.0187416837236811,-2.3773704846347283,2.2356166636996506,-1.0504217081933345,1.0187405315315348,-2.3773725733206748,0.7370145344883652,1.32695086512734,124.42858413160867,1.8004405348421342,2.1605248853490915,2.4320267639738433,2.424069389146137,Leg_Drive,D:/ML Projects/AIL721/Course Project/New/New_gym_dataset/New_gym_dataset/OHP\Test\Leg_Drive\PXL_20250420_140002958_Sports2D
95.73605133024022,0.0,95.73616214722693,103.44464270932492,126.78610486499443,145.9669097215464,42.52215619523466,0.0,2.4790088501697265,-0.7850411909366886,1.01875826751725,-2.377382093586998,2.2356336780635466,-1.0504324752755725,1.0187532055842705,-2.377381704759647,0.7370147247077488,1.3269492294840743,124.42857188972027,1.800442262870366,2.160528017497135,2.432047939508601,2.424088154268489,Leg_Drive,D:/ML Projects/AIL721/Course Project/New/New_gym_dataset/New_gym_dataset/OHP\Test\Leg_Drive\PXL_20250420_140002958_Sports2D
95.73692330741801,163.80392396663188,95.73614182625374,103.44467728508124,126.78608413048397,145.96690324181895,42.52300743790198,162.16297927518707,2.479012674101533,-0.7850346361042094,1.0187513218851325,-2.3773842454229106,2.235628681186905,-1.050427623618273,1.0187476534853173,-2.377372845008569,0.7370152090092748,1.3269452213902961,124.42856065400512,1.8004396841190249,2.160541713338183,2.4320485442301574,2.424085701793566,Leg_Drive,D:/ML Projects/AIL721/Course Project/New/New_gym_dataset/New_gym_dataset/OHP\Test\Leg_Drive\PXL_20250420_140002958_Sports2D
95.73803486776852,101.86195447360633,95.73599423039738,103.4453071736963,126.78623660021296,145.96753800430633,42.52427146798146,135.89441646930004,2.4789237500494736,-0.7849741846988232,1.0186535239667582,-2.377329021078508,2.235532361914649,-1.050363482266084,1.0186724517324155,-2.3773094929478407,0.7370151515157842,1.3269460106817568,124.42860196815649,1.8004259930008069,2.16055156340353,2.4319415453402486,2.4239852438101335,Leg_Drive,D:/ML Projects/AIL721/Course Project/New/New_gym_dataset/New_gym_dataset/OHP\Test\Leg_Drive\PXL_20250420_140002958_Sports2D
95.73567951171952,34.5431472193193,95.73581943605612,103.44631932718575,126.7866302494239,145.96876901266586,42.52230976114342,68.57437820665345,2.478736419170563,-0.7848935839921244,1.0185044445956972,-2.3772138217668273,2.235376121107522,-1.050267220891549,1.0185588958810887,-2.377235189086628,0.7370125698402793,1.3269679681950788,124.42873731635926,1.8004133270511888,2.160500210413713,2.431736545913014,2.4238082005064263,Leg_Drive,D:/ML Projects/AIL721/Course Project/New/New_gym_dataset/New_gym_dataset/OHP\Test\Leg_Drive\PXL_20250420_140002958_Sports2D
95.7255557076707,31.53912204305189,95.73624343222237,103.4450124270056,126.78659435555616,145.96785021478422,42.51215006322683,2.493027742163742,2.4788370117254446,-0.7850501849035646,1.0187225348241047,-2.3772784408639644,2.235573146476241,-1.0504131122048868,1.018728632200579,-2.3774184848082798,0.7370079916465878,1.327005372603393,124.42878174613718,1.800459338846907,2.1603530046581674,2.4318960992739522,2.423987101869881,Leg_Drive,D:/ML Projects/AIL721/Course Project/New/New_gym_dataset/New_gym_dataset/OHP\Test\Leg_Drive\PXL_20250420_140002958_Sports2D
95.71848023256291,93.83698344501978,95.737935074985,103.43738102230938,126.78451750560914,145.9598336029037,42.50299773817205,59.79681704792351,2.4799835850029384,-0.7857573879112435,1.0198955190641323,-2.37798873580976,2.236742947141545,-1.051180082342089,1.0196289317210578,-2.3781439131755375,0.7370125356886007,1.3269638308334486,124.42817441277172,1.8006108782502575,2.1603374332561223,2.4332441906371622,2.4252290259070497,Leg_Drive,D:/ML Projects/AIL721/Course Project/New/New_gym_dataset/New_gym_dataset/OHP\Test\Leg_Drive\PXL_20250420_140002958_Sports2D
95.7568147157558,162.38424826257656,95.73895944329612,103.42965323762633,126.78078316541949,145.94939584634218,42.53759788117529,128.33364410891875,2.4816343792021462,-0.7862925337743791,1.0209959138689018,-2.3789996277943746,2.237944944667633,-1.051882779014089,1.020461532745018,-2.37857708927448,0.7370445025466164,1.326694310260391,124.42680194068014,1.8006620035931302,2.1610600671320253,2.4349742286686573,2.426659734823168,Leg_Drive,D:/ML Projects/AIL721/Course Project/New/New_gym_dataset/New_gym_dataset/OHP\Test\Leg_Drive\PXL_20250420_140002958_Sports2D
95.86499864323626,133.4407845278456,95.7322627452837,103.45404492327437,126.78433342082948,145.97064108938744,42.64933206406573,167.47014343845817,2.4788918813614704,-0.7836892928205891,1.017079711526561,-2.3772784625785204,2.2342367603473074,-1.0492903958691067,1.017433115700347,-2.3756882812597233,0.7370816159495084,1.3263978853906164,124.42731239393862,1.7999840165942655,2.1625034709445483,2.4313519777237955,2.4230150737710288,Leg_Drive,D:/ML Projects/AIL721/Course Project/New/New_gym_dataset/New_gym_dataset/OHP\Test\Leg_Drive\PXL_20250420_140002958_Sports2D
95.87384496331384,70.0033004576823,95.71420646855081,103.54003672882739,126.81028974438635,146.0645329417644,42.684134707700174,103.93876751591789,2.4653058184310517,-0.7760570239354124,1.004091332947963,-2.368880191339833,2.221121775839594,-1.040823801280574,1.0074827043957963,-2.3680384761411997,0.7369884278885566,1.327214674860626,124.43529381831365,1.7984489397534644,2.1615349673798616,2.415704640346732,2.40886408763989,Leg_Drive,D:/ML Projects/AIL721/Course Project/New/New_gym_dataset/New_gym_dataset/OHP\Test\Leg_Drive\PXL_20250420_140002958_Sports2D
95.33316329049521,1.317638655763802,95.71433580842383,103.57692340214034,126.84100177326161,146.13226098382592,42.17416506375683,35.185377671937665,2.45372784198365,-0.7749563022664822,0.9996048848184884,-2.361854668626453,2.21533945139105,-1.0381004137381722,1.004189036471799,-2.368356640043608,0.7366244924788284,1.3302562263054354,124.44779751894791,1.799018330974827,2.1523754318684043,2.40473042313867,2.4007919858909244,Leg_Drive,D:/ML Projects/AIL721/Course Project/New/New_gym_dataset/New_gym_dataset/OHP\Test\Leg_Drive\PXL_20250420_140002958_Sports2D
94.23946384893796,61.71122937566809,95.80653820362492,103.21284246262907,126.76690572560577,145.78628639185973,41.006369574543726,27.497515767527844,2.50101601233484,-0.8117423337920366,1.0572631383245499,-2.391334730569719,2.2711913642720893,-1.0760659950760212,1.048632371137385,-2.4079160353485056,0.7364107338758829,1.3318500402724844,124.43048562920063,1.8078924253031097,2.1399846964805227,2.463687947726526,2.4577546251660407,Leg_Drive,D:/ML Projects/AIL721/Course Project/New/New_gym_dataset/New_gym_dataset/OHP\Test\Leg_Drive\PXL_20250420_140002958_Sports2D
95.00555199831396,127.99641178558961,95.95687812074196,102.38588636063021,126.4915388255222,144.83430330689404,41.49709082383615,92.83071509248366,2.652862516730044,-0.8888136514253082,1.192402445061072,-2.4849983690074153,2.4095548254354004,-1.1638511074289368,1.151944113654079,-2.482997885151145,0.7378852678309088,1.3191467777222081,124.33576916627116,1.8225621864732096,2.163503934265434,2.634962126418178,2.6111645697263266,Leg_Drive,D:/ML Projects/AIL721/Course Project/New/New_gym_dataset/New_gym_dataset/OHP\Test\Leg_Drive\PXL_20250420_140002958_Sports2D
101.13894833359724,163.92766471901496,95.8013992483872,102.5483247076783,126.30442965552213,144.65415361158776,47.44337798911936,160.72648889257283,2.6982850809058823,-0.843494136829822,1.149554626836002,-2.5113294389359364,2.382674690669052,-1.1332720854531044,1.1172313156537648,-2.41889157346887,0.7419076322460952,1.2856194880157656,124.24771594829984,1.8039302656521952,2.2760141946646315,2.6568427998694233,2.6049675053081347,Leg_Drive,D:/ML Projects/AIL721/Course Project/New/New_gym_dataset/New_gym_dataset/OHP\Test\Leg_Drive\PXL_20250420_140002958_Sports2D
107.34008182664711,108.21795585300019,94.37452285559964,108.76442127935184,127.76624034057,150.90518447552157,55.10632216721708,137.31277137747864,2.0020399149400836,-0.369452878556986,0.3829416131308856,-2.0789274927252537,1.6278033432898669,-0.6304625413032322,0.5277282019861605,-1.9219535777335865,0.7414986768850986,1.2914910364303545,124.55679415726678,1.6965006376934608,2.3545238939979303,1.8235489361387627,1.8531050016468376,Leg_Drive,D:/ML Projects/AIL721/Course Project/New/New_gym_dataset/New_gym_dataset/OHP\Test\Leg_Drive\PXL_20250420_140002958_Sports2D
46.564193247650394,92.67641805040613,46.253424361398594,142.93917473552952,177.35389927428452,173.45350162878734,43.918092521934895,86.12991967919352,0.537736982282602,0.37979513664606657,-0.8867168694601191,-1.1708663867326725,0.3529065428690187,0.1878492413694089,-0.44113409747971216,-1.201009417594817,0.7240837072787708,1.388858658964226,125.92380269802965,1.5998215253912953,2.105616284091654,0.1936962378081304,0.9735554793853576,Leg_Drive,D:/ML Projects/AIL721/Course Project/New/New_gym_dataset/New_gym_dataset/OHP\Test\Leg_Drive\PXL_20250420_140002958_Sports2D
162.48084349482022,121.91938916270888,67.48034384134442,166.46419399936832,66.43725443199524,120.38179227270807,48.91809792681547,62.30118143541695,-0.6738633974135667,0.9021219292563122,-1.7150049722698189,-0.41391151001654863,-0.434347909387112,0.6933124445563903,-1.060610603418639,-0.7574590218235523,0.6936231112623522,1.4507714663799427,129.11295098875647,1.580171765852635,1.6780702584154552,1.1737089563554728,1.3564965090306234,Leg_Drive,D:/ML Projects/AIL721/Course Project/New/New_gym_dataset/New_gym_dataset/OHP\Test\Leg_Drive\PXL_20250420_140002958_Sports2D
179.8947377406265,131.71283691010484,68.29303422704938,151.6506517479256,62.96479125244299,102.90847722741785,63.07005351181221,54.621314137522695,-1.3438870261935898,1.2057243141697598,-2.059555836460115,0.00464999649560086,-0.6548723000197342,0.855714259226004,-1.2927520018631913,-0.5398599207351864,0.6594484955185905,1.3955741799611903,133.2800195634947,1.5344438099188404,1.3981278062340188,1.9300147946534747,1.716562763389188,Leg_Drive,D:/ML Projects/AIL721/Course Project/New/New_gym_dataset/New_gym_dataset/OHP\Test\Leg_Drive\PXL_20250420_140002958_Sports2D
178.51216499900576,143.1382120145134,67.62688393060044,143.88217627993726,60.89365902317065,92.4027192337085,62.38149402416493,55.54093124822188,-1.7418044853580725,1.4637809607250682,-2.2706519955740694,0.24137416296205863,-0.6941708661490965,0.9156604117539315,-1.4032490509962172,-0.3538634527379186,0.622795194654436,1.26952386449185,132.10535492838665,1.4541261000134786,1.3319001720395094,2.4243892759311256,1.959062221035035,Leg_Drive,D:/ML Projects/AIL721/Course Project/New/New_gym_dataset/New_gym_dataset/OHP\Test\Leg_Drive\PXL_20250420_140002958_Sports2D
178.14758817817386,157.72037024839318,67.31388992749812,136.36618339917595,58.79963669288514,82.4797100195593,60.652048514711275,60.2000802679525,-2.0292628112412836,1.7135558056605271,-2.4948593902532656,0.4087423614037365,-0.7664442867821358,1.0035047556054544,-1.5250049313309846,-0.1466967200278,0.5893870944660723,1.1502014756332544,124.97445850109868,1.377816274402099,1.3853946364487375,2.8166602361781172,2.206088645007323,Leg_Drive,D:/ML Projects/AIL721/Course Project/New/New_gym_dataset/New_gym_dataset/OHP\Test\Leg_Drive\PXL_20250420_140002958_Sports2D
177.8231122039368,168.7182872531909,67.94171264144855,130.19272063537275,57.32850728914687,75.46294056596827,59.50539508521032,64.18122781915918,-2.234647306855396,1.9133227142102005,-2.7128371211697093,0.5415995932395378,-0.8936071783690358,1.1235597894464069,-1.676334162633317,0.040115461607830194,0.5774333504601541,1.0834443278385768,119.99062183258424,1.3366050813239645,1.4526836610630178,3.1022712069169414,2.449630622811415,Leg_Drive,D:/ML Projects/AIL721/Course Project/New/New_gym_dataset/New_gym_dataset/OHP\Test\Leg_Drive\PXL_20250420_140002958_Sports2D
178.47922440479599,174.09177537647219,69.15585101869772,125.81290596643375,57.20902870325452,72.17778568838581,58.72980429845871,66.26956106485798,-2.3850467824434003,2.042218084368336,-2.8875365718654016,0.6295690658871851,-1.0270884081794225,1.2175336664874543,-1.810983044628371,0.15631281099565475,0.5929254038404056,1.0612208554917997,116.61748039761298,1.3193485154363784,1.4993576084073892,3.2891938868345703,2.651848787062043,Leg_Drive,D:/ML Projects/AIL721/Course Project/New/New_gym_dataset/New_gym_dataset/OHP\Test\Leg_Drive\PXL_20250420_140002958_Sports2D
179.93570985987864,177.07908808599385,69.40396472363544,123.37824942617637,58.11528537652879,70.89749952634057,58.05099523639757,67.97658761233427,-2.4976177484434596,2.1070662665603748,-2.981244324431158,0.6567636651793882,-1.1187412634058855,1.247154104308246,-1.8444529379310852,0.1969296962446114,0.609027943619309,1.0502244080636345,114.20684029428652,1.2765691292815995,1.5288140176535672,3.409625033194016,2.757639099543694,Leg_Drive,D:/ML Projects/AIL721/Course Project/New/New_gym_dataset/New_gym_dataset/OHP\Test\Leg_Drive\PXL_20250420_140002958_Sports2D
178.93085419658263,179.45659262423857,68.63479174763445,122.61668260090246,58.645465967316326,69.89694031585323,57.57632016389897,69.35353294009118,-2.517039229818694,2.11487252101532,-2.949513651727354,0.643871585373194,-1.1286750057581953,1.2329846900194505,-1.7640069596164258,0.1971712947025103,0.6057142696898428,1.0358133953169404,114.95781538477131,1.2151362398971255,1.5332572772582036,3.432189855902718,2.7216406788115313,Leg_Drive,D:/ML Projects/AIL721/Course Project/New/New_gym_dataset/New_gym_dataset/OHP\Test\Leg_Drive\PXL_20250420_140002958_Sports2D
179.74637519529264,179.71913081355177,69.00643130446362,122.47378472219401,57.787403380513446,69.26761940717097,57.5337785758057,68.98675022072212,-2.410868197908197,2.0790898523715797,-2.8130773614875184,0.6202109293692556,-1.0547943611746866,1.216299059051109,-1.6651467217441156,0.17925703725477524,0.5989374323112872,1.0370420217963336,118.60781098862982,1.2033229653854784,1.5133076102523237,3.3272013058963106,2.582021064148893,Leg_Drive,D:/ML Projects/AIL721/Course Project/New/New_gym_dataset/New_gym_dataset/OHP\Test\Leg_Drive\PXL_20250420_140002958_Sports2D
177.681714898729,177.05484018653524,70.79726768438621,123.2135361423823,55.97389791282395,69.9847017395924,58.292183014095194,67.03954192612755,-2.2632284902450994,2.022616386297586,-2.6626530421188965,0.5871383334868301,-0.952822047110897,1.213045874045856,-1.6116968999777488,0.14188965553797553,0.5986205503969776,1.0711562185078805,122.18564663710929,1.2575737418491282,1.4900124874446332,3.17258894436491,2.429620027663928,Leg_Drive,D:/ML Projects/AIL721/Course Project/New/New_gym_dataset/New_gym_dataset/OHP\Test\Leg_Drive\PXL_20250420_140002958_Sports2D
174.78414865146092,173.86519314990852,71.98528204771027,125.13026466720807,54.50066826442515,71.61621497934348,59.71651961296426,65.48140812925205,-2.179158726737061,1.9717186551863843,-2.578671747000124,0.5489219530557234,-0.8902161759772478,1.2190198881655065,-1.5862639719317284,0.0962667100892285,0.5946256524668403,1.122753178076278,124.7673488580353,1.321006144245163,1.4778230979902833,3.0766901385489254,2.335381624044894,Leg_Drive,D:/ML Projects/AIL721/Course Project/New/New_gym_dataset/New_gym_dataset/OHP\Test\Leg_Drive\PXL_20250420_140002958_Sports2D
173.27562382451174,172.39931289611744,72.32396744583767,126.78782800535078,53.978896667163845,73.0906921183523,60.70327284265209,65.49000501446972,-2.171830578080117,1.953421803514746,-2.5804045866916745,0.518933248675369,-0.8782600636799991,1.227601043958351,-1.573323789140784,0.05976790382051672,0.5920534649653265,1.1678331401378343,127.1745943280608,1.3590245861115315,1.491539518242169,3.062098964356638,2.3249669042283037,Leg_Drive,D:/ML Projects/AIL721/Course Project/New/New_gym_dataset/New_gym_dataset/OHP\Test\Leg_Drive\PXL_20250420_140002958_Sports2D
173.5990372216596,171.87739766644634,72.68720126241182,127.52136897153693,54.17455740764889,74.38312764159778,60.57552018598928,66.26052530804414,-2.174072740726958,1.9531167249726618,-2.610444409776751,0.4849538929635112,-0.8750097133543244,1.220400901151116,-1.5681948963641466,0.026581644274545686,0.5998863524066311,1.1938192568765704,129.11238856525884,1.3804745981124347,1.5316404065061848,3.0592568753106693,2.345621350266839,Leg_Drive,D:/ML Projects/AIL721/Course Project/New/New_gym_dataset/New_gym_dataset/OHP\Test\Leg_Drive\PXL_20250420_140002958_Sports2D
175.08458035592298,171.0985419760127,72.15721846965101,128.68506418942764,55.008658138530244,75.85094079760893,59.92407778260733,66.94948277362163,-2.1506578620291164,1.9309868579216902,-2.6014388313034456,0.43528710106445434,-0.8648944622096343,1.1863775981251983,-1.552038210536886,-0.011249401880860726,0.6041246218951745,1.197627000006059,130.9142418639982,1.3807523174011833,1.5621527597910194,3.0251149088371387,2.3231156439764673,Leg_Drive,D:/ML Projects/AIL721/Course Project/New/New_gym_dataset/New_gym_dataset/OHP\Test\Leg_Drive\PXL_20250420_140002958_Sports2D
176.65392325307286,170.02078977263082,70.38741113496063,130.44276316341885,56.259255284486855,77.08942958286642,59.605332031414044,67.11021935549729,-2.149610281529506,1.8989882155488524,-2.5784121465508476,0.402346587692755,-0.8810264005210001,1.15487315735573,-1.5331979860984273,-0.038949485386427715,0.5968785580511964,1.1938226427421579,133.98789212268917,1.3603456470171267,1.5568581186728385,3.0113477881730883,2.287247799723998,Leg_Drive,D:/ML Projects/AIL721/Course Project/New/New_gym_dataset/New_gym_dataset/OHP\Test\Leg_Drive\PXL_20250420_140002958_Sports2D
177.33663061079073,168.49828947221542,69.56443290100005,130.99580276891587,57.17707372076974,77.73730939068577,59.840443109979056,66.23559886290116,-2.182746137370411,1.8842941079043978,-2.5921947702281454,0.41155701030946795,-0.9135187020377337,1.1467849905577814,-1.5412080672304698,-0.051203548677775074,0.598205818203464,1.1979885392355565,137.38179144118484,1.3524682914271235,1.5285950220975488,3.030986065442828,2.3038691076533313,Leg_Drive,D:/ML Projects/AIL721/Course Project/New/New_gym_dataset/New_gym_dataset/OHP\Test\Leg_Drive\PXL_20250420_140002958_Sports2D
176.86937419198406,166.0358301445963,70.90939418757138,130.32100371894376,57.21430088264701,78.44469878916227,60.34492669066297,64.4805289337586,-2.203598327365616,1.8844601399806653,-2.6308830787723405,0.43720823512547335,-0.9070956595888662,1.146294833654677,-1.5741994155992216,-0.06724488341029214,0.6173612648462662,1.213539717064969,137.96299962254588,1.3848126465978166,1.5090097199460606,3.0376255774401963,2.358590624748896,Leg_Drive,D:/ML Projects/AIL721/Course Project/New/New_gym_dataset/New_gym_dataset/OHP\Test\Leg_Drive\PXL_20250420_140002958_Sports2D
175.4081119177084,162.79505833600797,72.89330702200861,130.95024558610592,56.25870636232484,80.10225897043937,60.85059444461642,62.89731730644731,-2.2315515657444553,1.915156063589393,-2.68696793924869,0.4464233032136585,-0.8698296849260662,1.1556926886238494,-1.6169139745369139,-0.10121419842047381,0.6313800461240101,1.2569068870443232,136.21172143285708,1.4621729919824114,1.5377190883437304,3.0690329168442245,2.4222470255973128,Leg_Drive,D:/ML Projects/AIL721/Course Project/New/New_gym_dataset/New_gym_dataset/OHP\Test\Leg_Drive\PXL_20250420_140002958_Sports2D
173.5463234484956,158.9394863104716,73.57074814111152,134.35272326933918,54.99605596596091,82.91952737641155,61.44973251746535,61.859013686883195,-2.282280467948604,1.9608655718417718,-2.7415620703801236,0.4276276584252682,-0.8552240543110085,1.1844152897241749,-1.6521698313614963,-0.15505547924841764,0.6234266965443648,1.3394707689725924,134.2983547045426,1.5586226331253612,1.6005493086655775,3.140989580829162,2.464151984661525,Leg_Drive,D:/ML Projects/AIL721/Course Project/New/New_gym_dataset/New_gym_dataset/OHP\Test\Leg_Drive\PXL_20250420_140002958_Sports2D
172.62297652784662,154.06094307343542,72.71621465883929,138.89225049547494,54.79696332570165,86.40542848001597,62.173986797855,60.4663715534514,-2.233507873926373,1.9126422678541442,-2.6823714807651338,0.3721441384408042,-0.8412383917375225,1.1777738210574953,-1.6242110039946966,-0.22735439134832763,0.608943883554153,1.4051282124058229,133.4471451434068,1.6085494723021754,1.6045600718796107,3.082809468469779,2.383805816531945,Leg_Drive,D:/ML Projects/AIL721/Course Project/New/New_gym_dataset/New_gym_dataset/OHP\Test\Leg_Drive\PXL_20250420_140002958_Sports2D
173.07614402672482,148.3859549489771,71.41604258801334,142.91292466414987,55.73567077321765,90.06463802538084,62.659526746492816,58.45059297435792,-2.04497978763899,1.7565314297164683,-2.491954297376961,0.2940883108826032,-0.7658348574405452,1.0951707933844927,-1.5191067141139922,-0.30322799484345875,0.6039276160190316,1.3983987882279514,133.70762841798123,1.5883757933731126,1.529224015041623,2.8436694857560307,2.1766366321801387,Leg_Drive,D:/ML Projects/AIL721/Course Project/New/New_gym_dataset/New_gym_dataset/OHP\Test\Leg_Drive\PXL_20250420_140002958_Sports2D
173.3102994689611,142.85948613718557,70.86964736453201,146.64017053493149,56.26189671709607,93.77171461655969,62.951597248135,56.631200753745254,-1.8721210754341655,1.6254943085343967,-2.328975434304506,0.2297677635399866,-0.6456353406988649,0.9992629378024076,-1.419619741719028,-0.36913159709631926,0.603647004609756,1.3683945348987268,134.0689023818257,1.572118143195111,1.468594053379239,2.628382778834414,2.0022084722925566,Leg_Drive,D:/ML Projects/AIL721/Course Project/New/New_gym_dataset/New_gym_dataset/OHP\Test\Leg_Drive\PXL_20250420_140002958_Sports2D
171.59134171200193,137.51023288439868,72.15036075197678,150.15176418148812,55.322146520496084,97.62427145396104,63.73080480849419,55.13450433835968,-1.7904098465444804,1.5685024813496278,-2.2710523568415835,0.18322016536399577,-0.5349882836692881,0.9488741186092972,-1.3821563687271674,-0.4360867816848305,0.6083806773725955,1.3849609002941277,133.40917573278006,1.6235179271212727,1.4662961221005864,2.526355341380856,1.9365706514753824,Leg_Drive,D:/ML Projects/AIL721/Course Project/New/New_gym_dataset/New_gym_dataset/OHP\Test\Leg_Drive\PXL_20250420_140002958_Sports2D
168.3536813634985,131.52190645469025,74.84531629810645,153.6140161232543,53.56227369959712,102.02160612095794,65.20859233609856,53.543512575648194,-1.7293380469887314,1.5244710630038183,-2.249693426585019,0.1259794923426603,-0.4552544288361149,0.9359936267986445,-1.375246303446938,-0.5200502134308088,0.6212515910529943,1.4560438402294533,132.93513304044038,1.722338153215004,1.4921623216946303,2.443904792326001,1.9084997813444193,Leg_Drive,D:/ML Projects/AIL721/Course Project/New/New_gym_dataset/New_gym_dataset/OHP\Test\Leg_Drive\PXL_20250420_140002958_Sports2D
164.37505297037634,124.91520003853809,78.13477220131762,157.66532971406224,51.48635115575682,107.28645307113678,67.11129818538049,52.20165310967485,-1.6380534673433396,1.460592834100214,-2.20912819665417,0.04799555481136107,-0.3845278415350845,0.9313741440705191,-1.349308465611641,-0.6189092606843607,0.6377080131816211,1.5502834047548797,133.63491429565477,1.8259737916114605,1.523665783533813,2.3231176669462186,1.8605146717325223,Leg_Drive,D:/ML Projects/AIL721/Course Project/New/New_gym_dataset/New_gym_dataset/OHP\Test\Leg_Drive\PXL_20250420_140002958_Sports2D
159.9736000067807,118.24192637498557,81.86687697817501,162.4507679480485,48.739583843707614,113.05722876993107,68.76598383692692,51.29915514491665,-1.543522261921806,1.399390937039706,-2.1696087859367625,-0.02731384223944639,-0.2888899958226335,0.9118940244169453,-1.3055594524347147,-0.7195688094999757,0.6508598305457693,1.631462833916921,133.52197676871444,1.922313128098577,1.5580342944784962,2.202677350301229,1.8146648094994464,Leg_Drive,D:/ML Projects/AIL721/Course Project/New/New_gym_dataset/New_gym_dataset/OHP\Test\Leg_Drive\PXL_20250420_140002958_Sports2D
156.22814069253027,111.4825315564894,85.55198395295265,167.6192976135053,45.66261061569401,118.83389218215218,69.43446992316372,50.3164237386416,-1.4519998902488565,1.3351201289627508,-2.1301510164053217,-0.08977636644689856,-0.15513432195923263,0.8485506497677672,-1.256907528622733,-0.8143343338508525,0.6588810963377718,1.6628849836186197,131.38530479702916,1.994765817750512,1.5780427663843533,2.086486696279428,1.7703251879915132,Leg_Drive,D:/ML Projects/AIL721/Course Project/New/New_gym_dataset/New_gym_dataset/OHP\Test\Leg_Drive\PXL_20250420_140002958_Sports2D
153.78964730021949,104.24450202376318,89.39658736946757,172.6934447732428,43.13371052301731,125.22374266572749,69.34406322279783,49.46824468949064,-1.321918339910041,1.2220059902432732,-2.039016291591505,-0.17152999047499606,0.01102989881924568,0.7194979532356703,-1.1768295802276283,-0.9087338254839602,0.675979983907366,1.6282317787196305,128.4248533358031,2.015477329863574,1.5672179177964305,1.9075804540165935,1.6788291407568063,Leg_Drive,D:/ML Projects/AIL721/Course Project/New/New_gym_dataset/New_gym_dataset/OHP\Test\Leg_Drive\PXL_20250420_140002958_Sports2D
152.09089829336847,96.414717391471,93.77501233993036,178.06323646842915,41.166881071488596,133.00512987984771,69.07598277812012,49.419847271318694,-1.1547092279086604,1.0604307681828198,-1.891604119721676,-0.28627387290278355,0.18258854006689992,0.5491239955042789,-1.0526192566700259,-1.0048668951192503,0.7063893044260575,1.5539908906235291,126.47431372259035,1.985101002281899,1.53513109274147,1.6661693266325948,1.5391478705499597,Leg_Drive,D:/ML Projects/AIL721/Course Project/New/New_gym_dataset/New_gym_dataset/OHP\Test\Leg_Drive\PXL_20250420_140002958_Sports2D
143.48567409029587,88.79552603187199,104.22076828715966,175.24165240491087,32.20680323417497,141.1859191164238,68.72112914387908,49.981445148295805,-1.009295386779813,0.9200867236889777,-1.7714999226213652,-0.3945876181474198,0.3191497006583167,0.40271190951571845,-0.935388126506014,-1.0966302578611136,0.724503632037465,1.4993421673768321,126.11807960475703,1.9549660085690637,1.5196461362897618,1.4643457947318212,1.427230783639897,Leg_Drive,D:/ML Projects/AIL721/Course Project/New/New_gym_dataset/New_gym_dataset/OHP\Test\Leg_Drive\PXL_20250420_140002958_Sports2D
21.420629533001488,82.27065138836078,90.71285581047427,167.50021263055018,133.39075802376684,148.39617353520876,68.02987150923472,50.66682492356955,-0.8933762247516313,0.8282839640061986,-1.7190339320752668,-0.47925972502225106,0.4061872764419681,0.30401419593989965,-0.8567304669126982,-1.1858810997820695,0.7180824028139199,1.489895295721969,126.8476164654564,1.9531382999405076,1.5464091141677383,1.3270838992894838,1.3763153697669241,Leg_Drive,D:/ML Projects/AIL721/Course Project/New/New_gym_dataset/New_gym_dataset/OHP\Test\Leg_Drive\PXL_20250420_140002958_Sports2D
28.334539591323043,76.04172608377617,83.31056849848392,159.38242987498302,141.86018015855052,155.44682146798257,66.4743594327725,51.48854755175873,-0.7580372916576097,0.7368453135800841,-1.6518408727342866,-0.5634785074877643,0.47395453616397,0.20050432610914848,-0.7711570039870239,-1.2642935470237164,0.7049963768601909,1.464797873132865,128.13012240524543,1.9224816140997927,1.577886840423603,1.1771561448673544,1.3142801945434042,Leg_Drive,D:/ML Projects/AIL721/Course Project/New/New_gym_dataset/New_gym_dataset/OHP\Test\Leg_Drive\PXL_20250420_140002958_Sports2D
27.354625172847467,68.80158406428629,81.99009516598716,151.034415336938,143.30615043957397,163.66933905750102,64.04847473327351,52.47092312178732,-0.5997319795586784,0.6245910605790916,-1.4986926609966675,-0.6494540287904553,0.5798426980158289,0.050508912725567054,-0.6366320376933418,-1.311631752917105,0.7034412775336472,1.3621406656426722,129.1695313360058,1.8262633916322584,1.5592694432066931,0.9933231292130462,1.1814468162209462,Leg_Drive,D:/ML Projects/AIL721/Course Project/New/New_gym_dataset/New_gym_dataset/OHP\Test\Leg_Drive\PXL_20250420_140002958_Sports2D
22.544117734398842,61.243938784971334,84.38882517984301,142.97604951963666,140.39261033923293,172.24251496128753,62.15150739516591,53.48645374625885,-0.4573735812360928,0.5258662620706439,-1.314853250211009,-0.7123823585995872,0.7296911207373262,-0.10128649070860411,-0.48463104312226307,-1.3270182906481864,0.70979900874368,1.2257317999395823,129.40658998892008,1.7253975666563819,1.506164343389214,0.8274312465248653,1.0268842030282197,Leg_Drive,D:/ML Projects/AIL721/Course Project/New/New_gym_dataset/New_gym_dataset/OHP\Test\Leg_Drive\PXL_20250420_140002958_Sports2D
18.322970106909306,55.230839267639155,87.6395641425285,136.1806707967644,136.72998658252203,179.44977847818527,61.592983524387236,54.680617745824115,-0.34513769827164575,0.4605462856607876,-1.178636348254452,-0.7485839427880187,0.8725327784814947,-0.19803840935873726,-0.3589756762473098,-1.3293524312678304,0.7148444078790964,1.1313140219090934,129.039695863811,1.6722692636763543,1.4685761501780639,0.702390978983123,0.9166457957205075,Leg_Drive,D:/ML Projects/AIL721/Course Project/New/New_gym_dataset/New_gym_dataset/OHP\Test\Leg_Drive\PXL_20250420_140002958_Sports2D
15.294303837282605,51.11520269793602,90.82595866309447,130.64583290610204,133.42441393548913,174.89620550468564,61.86988990179347,56.21899719325027,-0.2521055624505837,0.418335263657491,-1.0971924750700284,-0.7739652943213359,0.982951094910175,-0.24195790300925143,-0.26184915991769686,-1.3327778979551133,0.7162974056278558,1.0908199949458617,128.47013157085783,1.6551181032763869,1.461421400704563,0.6040092500066235,0.8560658381202372,Leg_Drive,D:/ML Projects/AIL721/Course Project/New/New_gym_dataset/New_gym_dataset/OHP\Test\Leg_Drive\PXL_20250420_140002958_Sports2D
13.033372981008664,47.91780881569495,93.55555580042619,125.6868646102452,130.71082038635706,169.95324079702857,62.3225525946516,57.96456801866636,-0.16470566054167235,0.3827801793902787,-1.037515201764592,-0.8010218831262693,1.0774097332392887,-0.26872142859407194,-0.17488640640415462,-1.3407942132403285,0.7161024728316301,1.0720727846462565,127.94730369789416,1.6485101385630145,1.4707766038621217,0.5142981059767769,0.8187059953677118,Leg_Drive,D:/ML Projects/AIL721/Course Project/New/New_gym_dataset/New_gym_dataset/OHP\Test\Leg_Drive\PXL_20250420_140002958_Sports2D
11.249552547171069,45.076344820345305,95.68957438721871,121.01631460805378,128.5600269395331,165.26591593480543,62.68952560763801,59.81042888553988,-0.07864960162740084,0.346322411091705,-0.978509615701651,-0.8347759530613558,1.177309302131388,-0.3022171171016296,-0.0871817755489668,-1.353323972309849,0.7163067987455537,1.0511068552082194,127.55108201241124,1.6443124114957406,1.4848371596692838,0.42770600220391064,0.7896749151216946,Leg_Drive,D:/ML Projects/AIL721/Course Project/New/New_gym_dataset/New_gym_dataset/OHP\Test\Leg_Drive\PXL_20250420_140002958_Sports2D
9.821882877690348,42.33823868287357,97.41531537504939,116.37711471296538,126.74488131507034,160.5373114030849,63.077001562620026,61.800927279788674,0.008949897010745438,0.3064144447339851,-0.9120708425891341,-0.8734903445304243,1.289156894815181,-0.3437179012142896,0.007899937946323755,-1.3667551796590245,0.7173947543864444,1.023037278444735,127.16278471691666,1.6395806362031893,1.496814789645733,0.3433870997756822,0.7634210164177806,Leg_Drive,D:/ML Projects/AIL721/Course Project/New/New_gym_dataset/New_gym_dataset/OHP\Test\Leg_Drive\PXL_20250420_140002958_Sports2D
8.798767845091918,38.55792553399226,98.99716025549571,110.78951338441405,125.13638140576765,154.92305504567736,63.66238643932427,63.63487048831492,0.1169925714328006,0.2554809958334439,-0.8188851366454373,-0.8978680358665387,1.3918037386700517,-0.37561157466033895,0.1223681154450333,-1.3643964117857912,0.7177187787344704,0.9887848371254523,126.27336142556622,1.6090873983851521,1.48528821223393,0.2532360467761153,0.7156160419265949,Leg_Drive,D:/ML Projects/AIL721/Course Project/New/New_gym_dataset/New_gym_dataset/OHP\Test\Leg_Drive\PXL_20250420_140002958_Sports2D
8.173221650725834,32.68206041870416,100.51837566410947,103.92008045967255,123.93534540262966,148.37380152641168,64.23787624809619,64.3082588922925,0.26412306419442216,0.19177733780604644,-0.6908686438777945,-0.8774301174059163,1.436316903366221,-0.37392762464183665,0.24878055891253065,-1.3294859335748053,0.7138163546888816,0.9555583089329686,124.37308513565799,1.524248749767986,1.433601668793508,0.18620327849825927,0.622110171140272,Leg_Drive,D:/ML Projects/AIL721/Course Project/New/New_gym_dataset/New_gym_dataset/OHP\Test\Leg_Drive\PXL_20250420_140002958_Sports2D
7.62019383264931,26.424199644302636,101.53370766746039,98.00727648587494,123.52376332876416,143.06474748209968,64.09643050388517,63.359452162202984,0.4092766184290946,0.138611579294811,-0.5725124851198065,-0.822480846731125,1.4153553225959195,-0.34999145015490785,0.34486086020680845,-1.2826795051998272,0.7063971563959471,0.9326880550449193,122.33808339153015,1.4198117487995463,1.3739026512863908,0.2216151640073169,0.5177005266071164,Leg_Drive,D:/ML Projects/AIL721/Course Project/New/New_gym_dataset/New_gym_dataset/OHP\Test\Leg_Drive\PXL_20250420_140002958_Sports2D
7.0941897781916134,22.884502222124215,101.32455732856529,95.46378388766732,123.96401012707108,140.7523513433038,63.13017965112052,62.13215087882043,0.457310339971915,0.12689832422991842,-0.5115856367285044,-0.7851851028045979,1.392899598060522,-0.3471337155456112,0.3868647357395909,-1.2602447887256782,0.7035365185645119,0.9131110731800671,122.07089201446604,1.3586309197751791,1.3306598331419222,0.24691409123577585,0.46072347858512297,Leg_Drive,D:/ML Projects/AIL721/Course Project/New/New_gym_dataset/New_gym_dataset/OHP\Test\Leg_Drive\PXL_20250420_140002958_Sports2D
7.482355823949359,22.878374822954807,100.11402709820202,95.99017597381042,124.65454822200272,140.7587512940152,62.8278076019466,62.119623528939606,0.37768555880431137,0.15274527114679018,-0.5045132312276399,-0.7911453671623554,1.4148857807910438,-0.3796670502833867,0.3911495635964277,-1.2649817193103812,0.709957096381231,0.8853146690269945,123.42642473846965,1.3534466763010353,1.2919768737177477,0.20384251301223336,0.4620221202688671,Leg_Drive,D:/ML Projects/AIL721/Course Project/New/New_gym_dataset/New_gym_dataset/OHP\Test\Leg_Drive\PXL_20250420_140002958_Sports2D
8.687599614472667,23.934538824174133,99.56523571184503,96.83432135553538,124.85660746201789,141.25616452939818,63.830992152454805,62.67837429477596,0.3826646215276325,0.11507531481761706,-0.5131056797467971,-0.8089977550989127,1.451704720460613,-0.4102395483624217,0.3848879923234398,-1.2729161658735422,0.7142058913527949,0.8626766175111205,123.89612019062307,1.3719726228441045,1.2869792038685948,0.24422623505099678,0.4804402927174975,Leg_Drive,D:/ML Projects/AIL721/Course Project/New/New_gym_dataset/New_gym_dataset/OHP\Test\Leg_Drive\PXL_20250420_140002958_Sports2D
12.366478299040896,22.74362882230956,101.68868951520665,94.98535752367782,124.17942154405803,140.8534685829425,68.18705675498286,61.89016023936707,0.8676478990548337,-0.16015439635230733,-0.5058422543851451,-0.7892938588156037,1.4515370851335967,-0.3938464259590112,0.3895887831781955,-1.267607144672018,0.6963123741932554,0.8737607187130068,122.0648974103252,1.3752061625777534,1.510725542520938,0.7191906406195205,0.4649768336842287,Leg_Drive,D:/ML Projects/AIL721/Course Project/New/New_gym_dataset/New_gym_dataset/OHP\Test\Leg_Drive\PXL_20250420_140002958_Sports2D
175.33818774547237,18.95888572309853,106.66725623207725,90.2260547982221,122.54507789612353,139.43838892642282,127.20689015065103,59.520496796675694,1.8749121978286853,-0.6847069488211392,-0.4797196590379403,-0.7242560212147293,1.4089763760975755,-0.33095408915019736,0.40999494818327314,-1.2479093473727196,0.6532576296568077,0.9169552582225223,118.62429217367874,1.3560128461410796,2.354963972229377,1.8060582584865785,0.4102914618390844,Leg_Drive,D:/ML Projects/AIL721/Course Project/New/New_gym_dataset/New_gym_dataset/OHP\Test\Leg_Drive\PXL_20250420_140002958_Sports2D
0.6917425804195119,5.240220963460888,109.10013053364015,109.73119242494745,28.33947827797748,67.1708012365651,150.9687791416023,118.06941972689584,-0.2895921158565078,0.4758956102661372,0.16773082639970918,-0.5615637506393091,0.04466920305176369,1.078144817221573,1.24986463112269,0.015499873117923803,0.736564838375691,1.0626449441036494,41.01210496497535,1.6067701444426057,1.13378401781125,0.11807505511248124,0.25770482526969424,Partial,D:/ML Projects/AIL721/Course Project/New/New_gym_dataset/New_gym_dataset/OHP\Test\Partial\PXL_20250420_135646782_Sports2D
44.663252861264375,13.556130959420543,138.74636811486357,116.16730935248908,0.13336687773370087,75.04704434508488,135.20338026100342,118.50908661433564,-0.8770171025570483,0.5031569925414556,-0.0006719127893177081,-0.7627879823227125,-0.3272375961048028,1.0568534747130156,1.0791328529945114,-0.17628007949510055,0.7533308373968697,1.233133554208116,41.0545245713861,1.870426743450207,1.5396745016440583,0.5626004188546923,0.5075983903192878,Partial,D:/ML Projects/AIL721/Course Project/New/New_gym_dataset/New_gym_dataset/OHP\Test\Partial\PXL_20250420_135646782_Sports2D
75.57288211134859,23.649175033637967,159.05236993350775,126.0410229161258,21.016329127881875,84.07706372175166,125.44344701653328,119.57211131188633,-1.2941789954562466,0.4884370572039208,-0.14807130665768814,-0.9069363022243251,-0.5756456762340981,0.9998925863269749,0.8981146092330654,-0.31329336524362084,0.7435655821352611,1.3131859515705957,41.56306281649517,1.973936858773002,1.8057213645868073,0.9669102439134337,0.720487164830387,Partial,D:/ML Projects/AIL721/Course Project/New/New_gym_dataset/New_gym_dataset/OHP\Test\Partial\PXL_20250420_135646782_Sports2D
86.35616043572439,36.44206385623943,162.33219173732775,140.37104973581503,27.342542295761255,95.36069917738168,120.98638186003687,121.08136467885777,-1.4121724224322567,0.42360391524572594,-0.26134527228524707,-0.979325943750142,-0.6321031558053685,0.8920645072895479,0.719865828874991,-0.38785674950744387,0.7069790298727728,1.2799212567969918,42.952503173660055,1.861724619576814,1.8145565074633676,1.0608746732003913,0.8774110469108368,Partial,D:/ML Projects/AIL721/Course Project/New/New_gym_dataset/New_gym_dataset/OHP\Test\Partial\PXL_20250420_135646782_Sports2D
92.78189898853302,72.1863749609406,165.15308272564516,178.17400989625384,32.838200338474245,130.4888922834246,120.05630134994124,121.69748267751599,-1.408616635202508,0.332595677221255,-0.3792963270615536,-1.0502226131352859,-0.6503358429024063,0.7713833544122912,0.5403658565396829,-0.4822834889598516,0.6732046075082041,1.253666843372143,44.03968471699069,1.7290029182233766,1.7238580918671862,1.0388962326067155,1.0345489747710779,Partial,D:/ML Projects/AIL721/Course Project/New/New_gym_dataset/New_gym_dataset/OHP\Test\Partial\PXL_20250420_135646782_Sports2D
104.7894541074173,122.34185883522586,178.50326807783836,129.90972575058538,47.073129803595585,178.47958747634263,122.28367569617829,120.82144631156834,-1.4617228293736095,0.24630816167447556,-0.5215294567531397,-1.15521975107673,-0.7603682080740903,0.6894065147787983,0.3670727039522293,-0.6250556419993669,0.6617063413279598,1.3144621567781651,43.924853009966135,1.7317429866214689,1.6876741593507332,1.0901246793819122,1.2178394635331058,Partial,D:/ML Projects/AIL721/Course Project/New/New_gym_dataset/New_gym_dataset/OHP\Test\Partial\PXL_20250420_135646782_Sports2D
115.80968102571876,141.11338039982294,167.97579065136182,110.55285453528212,60.396863667965356,158.92550885460938,124.58718264224659,120.03888925443229,-1.5828594103961933,0.1865444241098601,-0.6731546160336404,-1.274543308386395,-0.9208762679843039,0.6429974744739506,0.20662529411257438,-0.7658056326036066,0.6642830402340846,1.4088031070775573,43.34343761265937,1.804435082523691,1.7211450185667863,1.2178533961165947,1.408584627394254,Partial,D:/ML Projects/AIL721/Course Project/New/New_gym_dataset/New_gym_dataset/OHP\Test\Partial\PXL_20250420_135646782_Sports2D
124.81886898406277,150.38803973817394,159.21630295249184,102.12148277097849,68.75014623357227,150.0879319570426,123.93127724950949,120.47597169521654,-1.7221709860891725,0.134757500295872,-0.8159561436146074,-1.3821392976087419,-1.0389674221572003,0.5943928024767339,0.06814352947168836,-0.8618640821236762,0.6695656565413093,1.45625688460041,43.139552597037614,1.8293110105071568,1.7669751657039416,1.3655240920292044,1.5832606325711465,Partial,D:/ML Projects/AIL721/Course Project/New/New_gym_dataset/New_gym_dataset/OHP\Test\Partial\PXL_20250420_135646782_Sports2D
133.83322650632155,155.43891716574888,151.17842392241297,98.2918629129468,76.07651790797533,145.54680474333514,122.24329140165379,120.985721909084,-1.8705762833606001,0.05037273615375554,-0.9516173058552672,-1.4738700294611717,-1.1175310883003025,0.5253856055075746,-0.03247590492043885,-0.921905856047567,0.6787374068021675,1.4472914615551415,42.181675953713025,1.8088663095071253,1.7798319052278755,1.5309106444782112,1.739640008436289,Partial,D:/ML Projects/AIL721/Course Project/New/New_gym_dataset/New_gym_dataset/OHP\Test\Partial\PXL_20250420_135646782_Sports2D
141.49838519040506,157.31647389774847,143.07381916697992,97.26939291370799,83.2437268244924,143.5869389051803,121.74534163408738,120.90341280292876,-2.0176597125679105,-0.06494911313407335,-1.0873540660619139,-1.5601529656866626,-1.194962018193027,0.4440591698466426,-0.0974080982012567,-0.9676024367537636,0.6906609806082983,1.4116616066004062,39.52346483446848,1.7881311749530404,1.7609949337261155,1.7061355234185058,1.8908280321952455,Partial,D:/ML Projects/AIL721/Course Project/New/New_gym_dataset/New_gym_dataset/OHP\Test\Partial\PXL_20250420_135646782_Sports2D
146.6820844151841,159.18117572847677,137.81224014581863,96.0461100824273,88.22594411957,142.08429434781596,121.54385970438591,121.26547007629269,-2.100206257028651,-0.15041001712205251,-1.2167392885570374,-1.6507344727862963,-1.2450905459101764,0.3745063892056679,-0.15193727552314654,-1.0042033199314058,0.694178818584095,1.3787097091370737,36.92296179579928,1.7594955341309317,1.7411166981694914,1.81001851952965,2.0457971503743706,Partial,D:/ML Projects/AIL721/Course Project/New/New_gym_dataset/New_gym_dataset/OHP\Test\Partial\PXL_20250420_135646782_Sports2D
149.8225705192215,162.6382439035503,136.86484815629208,92.81992343787435,89.96523078157465,139.6500023757409,120.14266026235316,122.28824627929119,-2.094617155229837,-0.15466878624711572,-1.3407693294523877,-1.743144757477314,-1.2382325387442523,0.34261227421223606,-0.22856519240452727,-1.040357788401824,0.6841643202160029,1.38297006261406,37.647071861674455,1.7123184120809538,1.7582782645545927,1.7998609941550643,2.207142738738582,Partial,D:/ML Projects/AIL721/Course Project/New/New_gym_dataset/New_gym_dataset/OHP\Test\Partial\PXL_20250420_135646782_Sports2D
152.013570429933,165.79450303523586,137.7509496359787,89.21087479074629,89.72951631432544,136.69134074105042,117.71594588439241,122.48584377628626,-2.1243096673282187,-0.12573625302533958,-1.4877732142877338,-1.8250242987389638,-1.2339930810780164,0.3420065314101151,-0.35096536599354894,-1.1011926335884847,0.6758415308776616,1.4431991649985998,41.30665362847614,1.6919106877905674,1.8145959655952588,1.815974383559278,2.3785109503391153,Partial,D:/ML Projects/AIL721/Course Project/New/New_gym_dataset/New_gym_dataset/OHP\Test\Partial\PXL_20250420_135646782_Sports2D
154.05469866615218,168.76971371969015,136.39345170610812,87.26076103541243,90.6328838816082,134.28709662312878,116.57818521545602,123.05681034281888,-2.2808987799083735,-0.165862748907983,-1.6520877602956536,-1.93351428614802,-1.2884633622590274,0.33063936522887794,-0.49486318472701274,-1.1803714863804886,0.6816621266291132,1.5110108516093665,43.82423110500268,1.7067381273822029,1.8761650395137026,1.9809627594387869,2.570728741563094,Partial,D:/ML Projects/AIL721/Course Project/New/New_gym_dataset/New_gym_dataset/OHP\Test\Partial\PXL_20250420_135646782_Sports2D
155.84905787157456,178.9723244544687,132.38691766313283,86.9048842512626,94.15688845892127,133.4486903733165,118.30783058734669,132.4210148277852,-2.407031159558271,-0.3081773660869057,-1.736443219327746,-2.2937184497612937,-1.3263908096763568,0.2738780356246413,-0.575215046541237,-1.2325901168169344,0.6877997815579973,1.5064681524415757,44.4989390150711,1.6833630985151018,2.095724595585374,2.1455702318774934,2.8651780473398407,Partial,D:/ML Projects/AIL721/Course Project/New/New_gym_dataset/New_gym_dataset/OHP\Test\Partial\PXL_20250420_135646782_Sports2D
159.13579052145582,164.9076037722829,122.47452127103863,91.05934044519327,104.6284963655174,138.16235808174932,125.49270584406162,153.25475430946636,-2.27952587618025,-0.6367601889406838,-1.6109116095338603,-3.5222423823789684,-1.2228225897950311,0.11677598776531735,-0.488671955650659,-1.2952999744871612,0.6806822866699228,1.4120759622524786,48.96435738142884,1.5915199266065905,2.9619339165843153,2.1483018697157847,3.7461739452160594,Partial,D:/ML Projects/AIL721/Course Project/New/New_gym_dataset/New_gym_dataset/OHP\Test\Partial\PXL_20250420_135646782_Sports2D
157.64458694097155,168.3493042707292,46.81342945264366,134.6052916778414,175.7941938125688,174.3754726820831,161.85039312840274,173.9738315886461,-0.9421537328312194,-3.0475453924726383,-0.4321591625359665,-11.471764335733727,-0.2881525922811813,-1.0524774168995836,0.5609763162730921,-2.0640457777862307,0.6290594480643742,1.011568360886647,58.140081332910285,1.3207158862107586,8.439642129008172,3.4073279580448097,11.187388382013205,Partial,D:/ML Projects/AIL721/Course Project/New/New_gym_dataset/New_gym_dataset/OHP\Test\Partial\PXL_20250420_135646782_Sports2D
177.02214998006494,111.19626210217844,169.36953202815928,37.106520425994425,125.1823404487622,98.70628799460931,122.20449042882719,167.5100258924309,3.66655714899051,-2.5864915386438185,2.6109752337848158,-4.500307749669008,2.187007655483974,-1.6546075484486353,1.6008104266828522,0.06002749742341517,0.7170664403749837,1.7146350458720505,65.69313139351253,1.8120707854790785,2.1856224901140027,3.996659294632487,5.689186540842962,Partial,D:/ML Projects/AIL721/Course Project/New/New_gym_dataset/New_gym_dataset/OHP\Test\Partial\PXL_20250420_135646782_Sports2D
160.46453786342877,131.63966031175514,168.8852207619319,42.0456831705793,122.06433826838555,91.13343433587426,102.52887613181433,139.49377402411912,3.8571691530501098,-1.7208342682682067,2.2118733484952195,-0.9307986164212307,1.8553371335431956,-1.2759801997340259,1.1500410661343987,0.3121737259058245,0.6842813745345764,1.5881539256398503,67.32370474658015,1.7377213338816961,1.8251450944172083,3.7548331723369714,2.873784256940391,Partial,D:/ML Projects/AIL721/Course Project/New/New_gym_dataset/New_gym_dataset/OHP\Test\Partial\PXL_20250420_135646782_Sports2D
149.37290103372567,161.95993135149243,175.38266531682044,30.674186448324278,122.66727431883625,96.61042255369068,92.0401753525619,114.65049120219827,11.901904425396907,-2.4695350423384177,5.600582661003634,-1.3450918474483498,3.2990022543324007,-2.1630752859162024,2.822750836422226,-0.07033889632982383,0.6057746954624582,2.0927363895863786,55.39445481206639,2.1462434646051882,6.40086154177318,11.706338625414263,6.220662933071701,Partial,D:/ML Projects/AIL721/Course Project/New/New_gym_dataset/New_gym_dataset/OHP\Test\Partial\PXL_20250420_135646782_Sports2D
115.74339943483292,167.25217374372028,16.666365138303615,165.7474709661865,150.32512542238536,119.40623125026816,86.06852485721826,132.15405750654793,3.1507353560419284,0.29226283644146006,1.59898256163617,-1.2151623729081023,-0.20034987998479378,0.061959237453178106,1.093672664214977,-0.7577131170388672,0.6903618629466657,0.8196723544920453,12.514291918772273,1.5317823323226383,2.163392589598257,3.51286607696846,1.5125000399758253,Partial,D:/ML Projects/AIL721/Course Project/New/New_gym_dataset/New_gym_dataset/OHP\Test\Partial\PXL_20250420_135646782_Sports2D
1.4091829692432565,144.28220287520517,134.36543692479717,125.23250410837373,96.10494826102267,175.70288929419368,85.30423470822089,139.98509216939874,-0.2647668296863641,0.3164855983859914,0.07206659166813564,-1.0293199626258323,-0.8563980905455215,0.2678886770619894,0.3577898502117043,-0.6889881165155043,0.6364769695320103,0.9568767935774937,1.5263355853903269,1.5459189996786435,1.3873173255573967,0.12089373225695343,0.777155116981078,Partial,D:/ML Projects/AIL721/Course Project/New/New_gym_dataset/New_gym_dataset/OHP\Test\Partial\PXL_20250420_135646782_Sports2D
164.53134564045507,161.5196452751366,133.91188461506272,91.78905767409172,99.51198498486383,145.21292727401828,114.98063934440873,126.73257254915485,-1.433680281981439,0.027961960190016573,-0.5888131717208785,-1.263896079359763,-1.108415624774384,0.1795015736017618,0.07423982779341189,-0.7690849865515975,0.5958903669786392,0.9485865601533593,17.28602719828975,1.5160773006650818,1.543598920817655,1.0668735466365493,1.3834184000911505,Partial,D:/ML Projects/AIL721/Course Project/New/New_gym_dataset/New_gym_dataset/OHP\Test\Partial\PXL_20250420_135646782_Sports2D
171.1054792197757,167.57600119217946,125.29011807881318,84.30820828336977,111.5487535540494,141.14707991623231,120.44327433427364,128.7230811084118,-2.050415220701192,-0.5199905962406889,-1.1783184558307978,-1.7659535093752816,-1.2772426421842282,-0.06558762205530322,-0.06382192933501023,-0.8723360555195978,0.5469954048306391,0.8067484334642946,37.02297383278878,1.4571317240622408,1.520847246834556,1.814538418058116,2.1857424513046726,Partial,D:/ML Projects/AIL721/Course Project/New/New_gym_dataset/New_gym_dataset/OHP\Test\Partial\PXL_20250420_135646782_Sports2D
178.49635712802126,147.92372804842063,107.95983093709933,93.48406338528584,149.23587011770434,170.67976444008974,150.73951298968245,138.6034924885104,-2.773786024584633,-3.85198286829734,-2.7767082991616028,-4.4655408754291255,-1.6098740461633716,-1.7745604812581377,0.3561450330220107,-0.9115796156436985,0.22162166318128362,0.8629808656144392,51.18544706144808,2.14708336916329,0.6135649662458174,4.574990081182498,5.442349017957553,Partial,D:/ML Projects/AIL721/Course Project/New/New_gym_dataset/New_gym_dataset/OHP\Test\Partial\PXL_20250420_135646782_Sports2D
173.61250932905386,54.80207408199916,170.67284114588415,80.13662014638409,157.9739164715717,68.51013747107174,151.5864258006256,166.29193661092742,1.5142365726727596,-3.105425178709647,0.081464226601042,-1.410820734478846,0.8382106776378023,-1.8558491209172971,0.6136640835297147,0.7710163250207455,0.8539756956150547,2.6268654459380425,60.177821734615776,2.636445190780346,2.219126138387504,2.957489390140817,1.8692899911332006,Partial,D:/ML Projects/AIL721/Course Project/New/New_gym_dataset/New_gym_dataset/OHP\Test\Partial\PXL_20250420_135646782_Sports2D
173.7894813201668,85.01459950444138,179.06735899864998,76.88586254172581,151.06671504443335,75.11349350405652,144.8561963646001,170.09889399961517,1.7516231715679687,-2.8734375398091947,0.557441592177107,-1.6142156141059547,0.9482259054974184,-1.7321745332524712,0.17940953086671055,0.5515635919895832,0.8829423163553087,2.2837381252420546,57.09180497199413,2.409676003653686,1.7354277578534432,2.8662506490207695,2.2030435670124895,Partial,D:/ML Projects/AIL721/Course Project/New/New_gym_dataset/New_gym_dataset/OHP\Test\Partial\PXL_20250420_135646782_Sports2D
175.24847361049228,145.75424174861595,106.3835187358676,50.631873533746386,159.67354860841394,136.68894087802792,164.42507499792166,170.93469912941202,-1.5348838109417557,-3.2628685180906687,-1.5453861500465584,-5.387894216868855,-0.971497322051219,-1.2416300963917923,-0.9336614078669949,-1.5539023434684338,0.06876285249238834,0.31227224707664153,46.194558837774906,0.3145560565248283,2.1250516510415434,3.4561962665940453,5.730520372784628,Partial,D:/ML Projects/AIL721/Course Project/New/New_gym_dataset/New_gym_dataset/OHP\Test\Partial\PXL_20250420_135646782_Sports2D
144.5613897943896,175.41775613633405,141.1623561205942,79.95579233922643,94.75429501883126,135.872443478652,130.19290522444163,140.45468734231807,-1.97358525419723,-0.4492455428112575,-1.368812202579899,-2.2853839346437566,-1.1861923715227065,0.21598592076726014,-0.44148573373642674,-1.1622578637773406,0.5603983223094763,1.378243784544601,39.20687933424802,1.5665707472051074,1.9331721697572037,1.721640963136645,2.6832039275635173,Partial,D:/ML Projects/AIL721/Course Project/New/New_gym_dataset/New_gym_dataset/OHP\Test\Partial\PXL_20250420_135646782_Sports2D
140.31859906362095,168.3767358182368,146.68043115361377,87.90697088283181,83.94702822801159,138.53443026445717,123.62842916439062,126.91116608269404,-2.046923207612947,-0.11994724467958352,-1.2987741808492084,-1.845952838205904,-1.251756632761167,0.40892906323026024,-0.30435928581215793,-1.0990219254158673,0.6343601026412653,1.5079509886461275,37.46285965733751,1.7808643736020031,1.8811757693346136,1.716980760234198,2.2753810243593025,Partial,D:/ML Projects/AIL721/Course Project/New/New_gym_dataset/New_gym_dataset/OHP\Test\Partial\PXL_20250420_135646782_Sports2D
138.0017612974259,159.99696073039016,144.96547953846635,95.39684815552906,83.1550255877372,143.5173532817326,125.15326429031127,123.51431401212274,-2.0916078227089625,-0.10874713510572177,-1.2209508479350109,-1.7994153273528433,-1.304316817717511,0.44566437624810806,-0.2226613161808287,-1.1383031817770897,0.6675661370295785,1.5839675580251977,39.695549140610794,1.9180541829888123,1.9016841230863446,1.7753696714152492,2.1648203905459615,Partial,D:/ML Projects/AIL721/Course Project/New/New_gym_dataset/New_gym_dataset/OHP\Test\Partial\PXL_20250420_135646782_Sports2D
136.41260083444587,153.65808370273453,137.59674350017377,106.45189927043447,90.41936642718092,154.46800919778894,134.00676559273506,128.12609290052347,-2.111012214595047,-0.41057457950067633,-1.146211955693592,-2.138656918608393,-1.3470791815368686,0.3273213243865962,-0.09666953857961032,-1.3149384370804273,0.6689216289339992,1.6422597614670236,44.8718716339711,2.0641078943054847,1.9791685401481889,1.892194853538779,2.357769813176864,Partial,D:/ML Projects/AIL721/Course Project/New/New_gym_dataset/New_gym_dataset/OHP\Test\Partial\PXL_20250420_135646782_Sports2D
150.31212823263573,134.36403797732441,107.33266492184997,128.00036221436392,134.4192199454089,170.24775291837662,164.1070917127732,144.11628505894777,-2.195623809133368,-3.0458680002759224,-1.289158085416885,-5.001162532250031,-1.5785555617750855,-0.878615014894663,0.770111085441097,-2.154690790534607,0.47329068814311176,1.2760757756399443,53.641677003910004,2.672939281936795,2.1551929878877885,3.7223000797116943,5.068745315853729,Partial,D:/ML Projects/AIL721/Course Project/New/New_gym_dataset/New_gym_dataset/OHP\Test\Partial\PXL_20250420_135646782_Sports2D
169.80437978997963,73.28148972225662,174.64916750350753,63.17538244250865,161.854993641175,93.32877870217492,151.65937343115468,159.95271102008172,1.5379951526792623,-3.5775222174217154,0.3115195450404086,-2.3108919082940016,0.731394205571099,-2.0820429967167726,1.2904810124214094,0.37189108329877046,0.9170890313870214,2.453934080015543,63.70119000766575,2.516817539404834,1.7631207434926464,3.39411493925339,2.816159945906745,Partial,D:/ML Projects/AIL721/Course Project/New/New_gym_dataset/New_gym_dataset/OHP\Test\Partial\PXL_20250420_135646782_Sports2D
168.14955292231542,66.3684666257613,178.57614029256285,73.87929079716427,151.83154908670897,76.52839858210726,139.98110200902434,169.8400680436541,1.6720745827109333,-2.567337951185138,0.4629887738991831,-1.1741676532454348,0.8902969331418654,-1.636275464939335,0.7960990373972124,0.6846388424901562,0.8695612111359459,2.320914307429491,66.0021950572951,2.322825104478087,1.8446712368688805,2.5649342193925433,1.7586001364802972,Partial,D:/ML Projects/AIL721/Course Project/New/New_gym_dataset/New_gym_dataset/OHP\Test\Partial\PXL_20250420_135646782_Sports2D
168.29856168801734,117.34930629511639,178.25926336367954,45.29257920140424,152.15352790320551,105.12021206548161,140.45208959122292,167.77090577036523,1.8709024261581637,-2.897636581763015,0.9756849711488995,-1.4286447222875869,0.9743606127557992,-1.8118954369554618,0.6227291809422,0.19983654708617168,0.86960518022102,2.0117319840416337,62.72915675968369,2.042231681140847,1.720276540256926,2.9500881380090713,2.228696032634275,Partial,D:/ML Projects/AIL721/Course Project/New/New_gym_dataset/New_gym_dataset/OHP\Test\Partial\PXL_20250420_135646782_Sports2D
166.60529336460573,177.85169699210346,179.13657604502296,23.885895871587763,151.68257432534486,126.93325449877896,138.2878676899506,124.78495149088239,2.408011779042925,-3.55930232692935,2.1584011049347813,-1.2940913584464455,1.1903293455587627,-2.193188039919398,0.8421480337683778,-0.3797842522374583,0.8730850892644393,1.8134037876819398,60.7123100852891,1.8465274227747819,2.278922161980084,3.799409272633908,2.9606733474373743,Partial,D:/ML Projects/AIL721/Course Project/New/New_gym_dataset/New_gym_dataset/OHP\Test\Partial\PXL_20250420_135646782_Sports2D
165.24756527772252,176.7438630092247,179.02729334695871,43.86163488922311,148.07962069186746,105.19069245568424,133.32718596958998,108.44682944645957,2.890703005388136,-3.6876360791984557,2.73963690702234,-0.4698845714171742,1.4272902459805283,-2.307274086855999,1.3692734772734303,-0.012781014031758048,0.8576373194288739,2.2944930728242405,59.19116736591703,2.29522643908823,3.221295660429849,4.189941629242227,3.1286202193179706,Partial,D:/ML Projects/AIL721/Course Project/New/New_gym_dataset/New_gym_dataset/OHP\Test\Partial\PXL_20250420_135646782_Sports2D
166.154712112182,127.09181391140324,177.44803253048698,58.30827499969274,142.87014710643052,87.11383957624957,129.0248592186125,140.02202566484635,3.145412976367854,-3.4105681144574507,2.4654455913489404,-0.6258337402921909,1.6153540734620184,-2.170451281210378,1.5193313995244397,0.5025819184157948,0.8233554790942906,2.673033199626173,58.3097452328725,2.6747573423048787,2.866548652883296,4.14516393911887,2.938465234762429,Partial,D:/ML Projects/AIL721/Course Project/New/New_gym_dataset/New_gym_dataset/OHP\Test\Partial\PXL_20250420_135646782_Sports2D
167.5966868617971,117.58711822239198,176.26630401866018,54.87417381136554,138.19263040385061,87.05215257382582,125.78931726564772,149.46503435143384,3.568268201058264,-3.3646611190982423,2.67335826695682,-1.7546514908224484,1.8713360536853032,-2.1412759565815267,1.3556261323098089,0.4792951623869162,0.7872184558217574,2.620571118968443,59.843351922472685,2.670833149520321,1.8420083586385296,4.410702895713634,3.6749872732925555,Partial,D:/ML Projects/AIL721/Course Project/New/New_gym_dataset/New_gym_dataset/OHP\Test\Partial\PXL_20250420_135646782_Sports2D
167.72831755097013,126.51067535756316,174.5077699296955,50.46870529102887,134.55623915782863,89.57976393710442,122.28455670879875,143.06908857954124,4.042032447867825,-3.3666522829459424,3.4363640635001884,-2.662217316143181,2.113613441855727,-2.148283774694694,1.13910890390392,0.3940038429024252,0.7665879335994926,2.5422876175971187,61.57737082493046,2.7226614598727292,0.9290117406561187,4.76927571161225,4.8366772953991255,Partial,D:/ML Projects/AIL721/Course Project/New/New_gym_dataset/New_gym_dataset/OHP\Test\Partial\PXL_20250420_135646782_Sports2D
166.74386051077153,127.52678730116556,170.7589505351528,54.52093559999506,131.0253809103808,85.74549477523205,117.76924142115234,138.21870747406652,4.236356903260313,-3.0992408274575634,3.9020465452676394,-2.616542176600304,2.218671938521452,-2.0368201074097905,1.1245620221511448,0.4919472326827588,0.7690251686373221,2.5287673400925494,60.69968036640297,2.755311374312999,0.5871638638409276,4.765570439693773,5.179643552341025,Partial,D:/ML Projects/AIL721/Course Project/New/New_gym_dataset/New_gym_dataset/OHP\Test\Partial\PXL_20250420_135646782_Sports2D
165.3948639319599,142.6856689075434,166.0006753176885,45.15009211004669,126.99949288000168,95.84872545226654,112.39435681196157,133.16305654472316,4.7452111914023325,-2.962457284571067,4.454022718848179,-2.408542799060266,2.505871190236403,-2.0397259569606843,1.6905725907496632,0.18315851354788412,0.7771329737354346,2.222884470508568,58.000901936828114,2.3676839264465173,0.625789088916638,5.12392670788156,5.528492884704829,Partial,D:/ML Projects/AIL721/Course Project/New/New_gym_dataset/New_gym_dataset/OHP\Test\Partial\PXL_20250420_135646782_Sports2D
164.0624679209669,178.5512396062155,159.68450639355152,26.696471211606948,122.65667628586814,116.27569868070815,106.71914420683505,114.82693828692378,7.414921615725421,-3.7574254222121715,7.292155315982791,-3.248421333921671,3.887771707565228,-2.6979450062016306,4.034038487459231,-1.7411007052186902,0.7983430980355274,0.9568443009829406,55.33698446754826,0.9679591867553574,0.523599776784655,7.866657907493845,8.423923191332726,Partial,D:/ML Projects/AIL721/Course Project/New/New_gym_dataset/New_gym_dataset/OHP\Test\Partial\PXL_20250420_135646782_Sports2D
162.99531183500213,104.10929170302076,122.30079138838741,46.48326428632397,118.33394638386099,129.5498907091599,101.32925821886309,53.65918241218065,41.60281397040274,-16.00662919588005,44.84605998249229,-17.386397791177195,21.222211611537713,-11.923358934230922,32.564535416365075,-26.421552052543667,0.9976042487880847,14.498193118312745,53.947815938401405,18.40776773510152,3.5245433848234877,44.366766587847955,48.313073627322815,Partial,D:/ML Projects/AIL721/Course Project/New/New_gym_dataset/New_gym_dataset/OHP\Test\Partial\PXL_20250420_135646782_Sports2D
162.19908847100996,58.92201452843757,12.58139891426723,170.8441893281583,114.30757329436344,136.04478288047235,96.50666176537342,14.966797408909922,9.586848892457073,-2.568090257064402,11.398594585787466,-3.981013389226211,4.721790460211893,-2.013213855489158,9.781466448458696,-10.030237554102184,0.600266297884781,8.017023698613027,53.81524050822915,9.480136607146765,2.2975583201954124,10.390469720767044,11.598282616600198,Partial,D:/ML Projects/AIL721/Course Project/New/New_gym_dataset/New_gym_dataset/OHP\Test\Partial\PXL_20250420_135646782_Sports2D
161.5507117670836,43.85417287367241,20.453701672889352,171.790461978332,110.69889387490058,139.36213356945797,92.24960564198418,3.2163064431303376,4.690495318369809,-0.7542778739073193,6.054013849231594,-1.9268954869971002,2.235334080698171,-0.6578312507361935,5.789392607033144,-6.635946590803962,0.658066713906593,5.9781153400677685,125.18873542088409,6.954796548265657,1.7983922960610834,5.181486293566873,5.898097668988697,Partial,D:/ML Projects/AIL721/Course Project/New/New_gym_dataset/New_gym_dataset/OHP\Test\Partial\PXL_20250420_135646782_Sports2D
161.0013996460446,36.673316489703566,24.96593735551381,171.13157963597834,107.48249023134257,141.316847950878,88.4838898773872,2.00983555941851,3.218524026588531,-0.202020526478918,4.4423821462892255,-1.2972725135645948,1.4892244419517702,-0.24779040204158492,4.593875252587113,-5.6142202952881215,0.6749263044920853,5.366429893246537,125.26931108211004,6.1997924525832895,1.6423780357677837,3.6278036372128826,4.184990320373396,Partial,D:/ML Projects/AIL721/Course Project/New/New_gym_dataset/New_gym_dataset/OHP\Test\Partial\PXL_20250420_135646782_Sports2D
160.55351371357673,32.38367982494889,28.507754733954243,170.4663132953594,104.59683538443826,142.6382768230334,85.15034909801496,4.978043352017722,2.4955357982991004,0.07053552074994729,3.648763962482867,-0.9855527131279104,1.1231805278887625,-0.045902088585175735,4.0083148821176735,-5.1134572676349075,0.6833322667441879,5.067555179049732,125.13685824592108,5.8313048055015635,1.5637319323982333,2.873409903609552,3.3462430531805656,Partial,D:/ML Projects/AIL721/Course Project/New/New_gym_dataset/New_gym_dataset/OHP\Test\Partial\PXL_20250420_135646782_Sports2D
160.20370167924193,29.508564592200752,31.50663639261817,169.89383012926635,101.9959582179584,143.60876448131032,82.1996598972003,6.88267092648898,2.0606948110636485,0.23385243403890046,3.171321098201439,-0.7988364333501923,0.9029978649616676,0.07526067789624143,3.655768659015057,-4.812272693269911,0.6883874232017383,4.887533371166152,125.10188168582881,5.609432190414294,1.5165543335175433,2.4258771519011653,2.8452086061417003,Partial,D:/ML Projects/AIL721/Course Project/New/New_gym_dataset/New_gym_dataset/OHP\Test\Partial\PXL_20250420_135646782_Sports2D
159.93532055791889,27.449028358406622,34.1179109333641,169.4151572712985,99.64860298445129,144.35135664651693,79.58392354237014,8.19961499507643,1.770548157098277,0.3424361319736644,2.852949550861949,-0.6748104144871369,0.756022628527902,0.15594158723965543,3.420144576604461,-4.611058575338748,0.69172122841468,4.7670001625784035,125.10147547124424,5.460937310045389,1.4853899533482668,2.131633219135046,2.513485689368896,Partial,D:/ML Projects/AIL721/Course Project/New/New_gym_dataset/New_gym_dataset/OHP\Test\Partial\PXL_20250420_135646782_Sports2D
159.73013537725677,25.902486929404745,36.42581522948889,169.01861640186456,97.52774827219005,144.93494709981437,77.25788364944682,9.162565970780854,1.5637984416074586,0.41975828139024846,2.626156060372624,-0.5865048115033374,0.6512793456000254,0.21340827404560592,3.2521473402287477,-4.467556412721044,0.6940751391996868,4.680964686766649,125.10489515770462,5.354992504592366,1.46327342703548,1.9251237103945316,2.2788217697452064,Partial,D:/ML Projects/AIL721/Course Project/New/New_gym_dataset/New_gym_dataset/OHP\Test\Partial\PXL_20250420_135646782_Sports2D
159.57418954450102,24.697378188999302,38.486184404582175,168.68859711899603,95.6072106819006,145.4047979674868,75.18140022640162,9.897823843513914,1.4091320288674785,0.4776352844419879,2.4564818905000654,-0.520386691143174,0.5729277077956164,0.2564101435006696,3.1264825501285443,-4.360178443954896,0.6958300081730935,4.616588587455565,125.10600441492707,5.275749474589077,1.4467168335278013,1.7729871350303443,2.1044580325481825,Partial,D:/ML Projects/AIL721/Course Project/New/New_gym_dataset/New_gym_dataset/OHP\Test\Partial\PXL_20250420_135646782_Sports2D
104.99623243896261,133.59120631492212,147.8207312460217,124.9137483678957,37.01281593159246,129.7472955455098,112.01658349262988,83.33850186043192,-0.811536351584352,0.713491501400844,-1.3295740351952452,-0.8564003064239557,-0.34626268906692736,0.9016309314720137,-0.504453690970902,-0.9527675945924168,0.9964436943376341,1.8543985260644302,74.5037224150972,1.861133602553378,1.6531555673669547,0.798953171231899,1.4176972633061948,Partial,D:/ML Projects/AIL721/Course Project/New/New_gym_dataset/New_gym_dataset/OHP\Test\Partial\PXL_20250420_135651939_Sports2D
128.37490094774552,141.71673810860528,139.5379816512313,121.31994617737864,44.54506058912595,125.40298841773588,96.17015964138045,87.11972652634111,-1.2132493529927324,0.9151098662156383,-1.503246079584389,-0.9192422183903862,-0.5192630174330948,0.9901352266382811,-0.618668670908855,-0.9637476468963607,0.9974619002524571,1.9538828735346419,74.60890078607699,1.9564099180475785,1.8571337247846054,1.2490903787605594,1.595268132598834,Partial,D:/ML Projects/AIL721/Course Project/New/New_gym_dataset/New_gym_dataset/OHP\Test\Partial\PXL_20250420_135651939_Sports2D
138.8010712351748,149.04592269383173,135.1397343668568,116.86299995626968,48.860021903086576,120.86275622621314,90.05895066791177,89.9086789200448,-1.4723173856215723,1.0203524242907092,-1.6486815393540337,-0.9439135546416264,-0.6329104787431039,1.021216076302985,-0.7124794918174664,-0.9454057248356652,0.9975643469873022,1.96662180113865,78.28058053592851,1.9682308138415718,1.9721676274375803,1.5291412402702895,1.7414098662798156,Partial,D:/ML Projects/AIL721/Course Project/New/New_gym_dataset/New_gym_dataset/OHP\Test\Partial\PXL_20250420_135651939_Sports2D
143.8069808220987,155.3747559280371,132.57019818524822,111.63957737299302,52.04601022298927,116.25578578123059,88.23902940089057,91.63054170926766,-1.5825861023124168,1.0366762849950948,-1.775296690482555,-0.9314938597919104,-0.6954029039665034,1.0094003554710116,-0.780393410118562,-0.9031729365676278,0.996756151091095,1.9125732920386396,84.19430061381902,1.9144607552925972,1.9775821322068474,1.6335835067513063,1.8664845006064121,Partial,D:/ML Projects/AIL721/Course Project/New/New_gym_dataset/New_gym_dataset/OHP\Test\Partial\PXL_20250420_135651939_Sports2D
147.92530547462138,160.517620395645,130.45653155504644,106.86161060362218,55.09140929705074,112.40955145571942,87.16610382242939,92.9271718513644,-1.6602883416540368,1.041406889475766,-1.9024416400719326,-0.9183182285542789,-0.7639542818895231,0.9970372853892489,-0.8400386963727576,-0.8639940799074446,0.9953156533273425,1.8610313652966934,86.70545131947488,1.8625859928457884,1.9746292710715447,1.7011886339673903,1.9956205639282072,Partial,D:/ML Projects/AIL721/Course Project/New/New_gym_dataset/New_gym_dataset/OHP\Test\Partial\PXL_20250420_135651939_Sports2D
153.23134763541157,164.6117144080303,127.70901328719819,103.44485566077049,58.62985737315458,109.78372632112327,85.39850973774301,94.39544072915355,-1.7255025884189323,1.0430370342633315,-1.9860655714493396,-0.9210144284824475,-0.8330928069436772,0.9712120862199888,-0.8893993558426742,-0.8367183446495955,0.993886280661442,1.8079304308695847,83.29799432461255,1.8088070295952516,1.9812600072780804,1.757303302493517,2.0848547108802715,Partial,D:/ML Projects/AIL721/Course Project/New/New_gym_dataset/New_gym_dataset/OHP\Test\Partial\PXL_20250420_135651939_Sports2D
159.71573389923344,168.6640814077756,123.98799206777426,100.92428908498562,62.7966545279324,107.70893568069219,83.08092062869896,96.37301708846775,-1.765195394368097,1.0246365712907097,-2.009837504411374,-0.9308740510561514,-0.876833356556142,0.9168327855286107,-0.92010238584348,-0.8091603027705399,0.9929972008656439,1.7259930882991505,79.03114485197165,1.726535360122088,1.9707540577448612,1.786000333649862,2.114014170051123,Partial,D:/ML Projects/AIL721/Course Project/New/New_gym_dataset/New_gym_dataset/OHP\Test\Partial\PXL_20250420_135651939_Sports2D
166.26886538819616,173.24851498641863,121.10128255957639,97.32118305231388,66.82500314592326,105.24746875781355,80.55613775772713,98.4959837442321,-1.8336641262267948,1.0134436155878939,-2.051751822606293,-0.937763715868319,-0.9273522811194388,0.8626917385270262,-0.951724401105485,-0.7734423461501136,0.9904463032793391,1.6361340846771397,81.14099216675525,1.6363156001440908,1.9633574034394736,1.839230885476395,2.166383194164539,Partial,D:/ML Projects/AIL721/Course Project/New/New_gym_dataset/New_gym_dataset/OHP\Test\Partial\PXL_20250420_135651939_Sports2D
172.26477924924572,177.3508159210386,120.79012100521078,92.00484079828368,69.86218638844555,102.65714819194001,77.59740713919992,100.00796411297841,-1.9434893373420354,1.033227794444102,-2.1468678200282927,-0.9393688401623143,-1.0105941316697797,0.8280732225045306,-1.0055536501903037,-0.7379607794911553,0.9827670037030878,1.5660340019956858,86.45936487612214,1.5660421136930414,1.9830532746450165,1.928739731599998,2.283663751930746,Partial,D:/ML Projects/AIL721/Course Project/New/New_gym_dataset/New_gym_dataset/OHP\Test\Partial\PXL_20250420_135651939_Sports2D
177.1242171204382,179.89136970886463,120.79591416472988,88.33434153231809,71.91866338654714,101.04891908359511,74.79444626610895,100.94028879245774,-2.0018791246944287,1.0542654871623038,-2.210943506600124,-0.938690394011055,-1.066861823218038,0.8001295839469824,-1.0619536527354614,-0.7165918110706466,0.9754785777229421,1.5167213950176293,86.10538623252286,1.5167293365138386,2.0038914791188396,1.9748366937132666,2.3643931053618465,Partial,D:/ML Projects/AIL721/Course Project/New/New_gym_dataset/New_gym_dataset/OHP\Test\Partial\PXL_20250420_135651939_Sports2D
178.30971273383986,179.33563411499813,117.45217422641058,90.39267058364602,72.99697686833923,100.84182167839583,74.68726413449916,101.5061875633976,-1.9545517420456375,1.0319244468970885,-2.1852074914629362,-0.940814448191013,-1.0248085211651436,0.7773533373414577,-1.0866512658384448,-0.7171871078424309,0.9834162508592207,1.4945404451838886,81.13553395871325,1.4958193966382383,1.9861774399415277,1.9405788473080985,2.319777319645766,Partial,D:/ML Projects/AIL721/Course Project/New/New_gym_dataset/New_gym_dataset/OHP\Test\Partial\PXL_20250420_135651939_Sports2D
173.6667865102547,179.3669783299948,111.62174873410645,97.30757235077724,72.84550107091371,101.77482215579738,79.1787145606589,101.14180048579196,-1.8263829248052528,0.9406113855519266,-2.092452814589006,-0.9309110182823617,-0.8937437148363878,0.7623418313098659,-1.060950766462956,-0.7277567453450517,0.9969620179914424,1.4900985766549175,76.07640515076758,1.4994505547908745,1.8903410523773772,1.8413079460468886,2.1748220043120012,Partial,D:/ML Projects/AIL721/Course Project/New/New_gym_dataset/New_gym_dataset/OHP\Test\Partial\PXL_20250420_135651939_Sports2D
165.7037693901247,176.1250706940239,107.67587381561357,103.94868273165763,71.85898674337125,103.48354329064234,86.1552173532465,99.60861398466635,-1.686963415700814,0.8174739561101282,-2.005277329632793,-0.9096236536673561,-0.7786430069445434,0.756430264511687,-1.0092645554621977,-0.7410066720598815,0.9999670474758061,1.4974369365715685,74.35481028908191,1.5150919700300456,1.7561861807626764,1.7205688586528651,2.0427137801573885,Partial,D:/ML Projects/AIL721/Course Project/New/New_gym_dataset/New_gym_dataset/OHP\Test\Partial\PXL_20250420_135651939_Sports2D
158.799062583887,172.69171647554202,107.39917474358971,107.15021989616349,70.79957052416414,105.34896516391731,92.00050794027716,98.04068163945934,-1.6153778136158208,0.7433854166336377,-1.9860823351074983,-0.9066255789728863,-0.7687975496735048,0.7729561651705187,-0.9804829348615056,-0.7645696199951598,0.9995058722552868,1.5375257851656785,77.17003915566067,1.5520297169679222,1.6911410727307186,1.6491891554529357,2.0119362729124353,Partial,D:/ML Projects/AIL721/Course Project/New/New_gym_dataset/New_gym_dataset/OHP\Test\Partial\PXL_20250420_135651939_Sports2D
155.29570489118387,170.85179807363616,109.03940894784793,107.60378321107363,69.84133176646945,106.4845239253911,94.54562687528559,97.33632199902723,-1.6106121320261364,0.7399781958254121,-1.9869291322273603,-0.9157063124702117,-0.8162257075593602,0.8031343226944638,-0.9743239169764355,-0.7853360759221598,0.999809202648947,1.5884703986166235,82.64500898287133,1.5963186558773723,1.6979121519238178,1.6380668729147392,2.0204113725831148,Partial,D:/ML Projects/AIL721/Course Project/New/New_gym_dataset/New_gym_dataset/OHP\Test\Partial\PXL_20250420_135651939_Sports2D
154.64765460301803,170.7946945581557,110.22731820680197,107.25861643020954,68.95244921660779,106.43838385361929,94.30479461358978,97.23307841177501,-1.6026120455401665,0.7558723548186016,-1.9294097713499054,-0.9033887456484191,-0.8124588872500585,0.8153507649067282,-0.9556930743452287,-0.7798085542168045,0.999897531270808,1.5951593191235327,86.14017165715092,1.6015771245055501,1.6911369409712054,1.6299862907633045,1.9641326566574808,Partial,D:/ML Projects/AIL721/Course Project/New/New_gym_dataset/New_gym_dataset/OHP\Test\Partial\PXL_20250420_135651939_Sports2D
154.97776742667776,171.6608661160256,110.7601018292735,106.98658545140216,67.94349374623405,105.69018102690971,92.9657263195563,97.35104714293539,-1.5642346332926238,0.7709910124784194,-1.8610282617243152,-0.8774387770757548,-0.7605889789817037,0.8126262595947237,-0.9260136191809333,-0.7568138288848318,0.9997440310893816,1.5694400884795554,82.54203042981385,1.5781341840641308,1.6749349924600856,1.5987037379409579,1.8878574648600432,Partial,D:/ML Projects/AIL721/Course Project/New/New_gym_dataset/New_gym_dataset/OHP\Test\Partial\PXL_20250420_135651939_Sports2D
156.17946482287343,172.2113762132217,111.89049853742992,106.92270888385376,66.50311675331378,105.31632417459753,90.32365193044035,97.52770038781927,-1.5421240568181163,0.8191981444038708,-1.8673607150652676,-0.8721730914916629,-0.7311869981826881,0.823779007747947,-0.9133303721569809,-0.7461033514660984,0.9996069974085648,1.5698823592140452,77.4211566490482,1.580413499832938,1.7223575533211912,1.5885800004637565,1.890381929357736,Partial,D:/ML Projects/AIL721/Course Project/New/New_gym_dataset/New_gym_dataset/OHP\Test\Partial\PXL_20250420_135651939_Sports2D
157.9827029903302,171.41266868571338,114.73342207857411,106.34257735490807,64.78748566032515,105.8634850938073,86.80478266999496,97.27615377952074,-1.5869551918885405,0.901579762965891,-1.9394514167521766,-0.8905081479625844,-0.7494758807168458,0.8548275256921358,-0.9207352972547831,-0.7604385227172595,0.9999650408777108,1.6152660484093952,77.87300237938425,1.6243196098357666,1.8264262013667847,1.641034476613416,1.974280260886985,Partial,D:/ML Projects/AIL721/Course Project/New/New_gym_dataset/New_gym_dataset/OHP\Test\Partial\PXL_20250420_135651939_Sports2D
158.59051657955152,169.19404028688928,119.86453461671088,104.14809086353482,62.96622357890613,106.97884905915184,84.3757069993546,96.17288934604117,-1.700219672613804,0.9863904597027305,-2.0142274999087757,-0.9080834138917192,-0.8066377411891256,0.8983914545344112,-0.9296661506414337,-0.790781559040437,0.9987797693114027,1.6891730135748484,80.72585693753442,1.6936473834071541,1.920320851663718,1.7448665474640597,2.0794776053634614,Partial,D:/ML Projects/AIL721/Course Project/New/New_gym_dataset/New_gym_dataset/OHP\Test\Partial\PXL_20250420_135651939_Sports2D
157.4533001978704,166.24259394396435,125.6702470801248,101.77592744147489,60.97328902719051,108.4194635487901,83.51998882932013,94.66205749275447,-1.8053484243807258,1.0539085200885128,-2.0469415475167185,-0.9163783677203416,-0.8707875577281108,0.9477590196588243,-0.9286708567305847,-0.8251852893362723,0.9932851440254294,1.7729443089950965,81.6378002356215,1.7738889477928177,1.9850434900571077,1.8342055998422122,2.1462312575687412,Partial,D:/ML Projects/AIL721/Course Project/New/New_gym_dataset/New_gym_dataset/OHP\Test\Partial\PXL_20250420_135651939_Sports2D
154.74607474299785,163.57244998110826,129.6166438617011,101.8160120266139,58.526813269845576,109.95946915816057,83.78073852684774,93.53191913926884,-1.8128892006956148,1.0936858186881802,-2.021751398638935,-0.9226433960887378,-0.8834268593428022,0.9923977341137521,-0.9194871815778476,-0.8546096454107166,0.989916503596536,1.8470073795244688,79.15178026145404,1.8473593605082745,2.0271178851000786,1.8420800009110194,2.135835890212211,Partial,D:/ML Projects/AIL721/Course Project/New/New_gym_dataset/New_gym_dataset/OHP\Test\Partial\PXL_20250420_135651939_Sports2D
150.0371899724185,161.8783435365442,131.86708624397914,103.99248699724053,55.08476899572949,110.94434223694917,85.04757902331099,92.82268577349338,-1.7257855791119665,1.1055815908442537,-1.9609776966775512,-0.917712192109503,-0.8210582394260284,1.0271851960141254,-0.9043140394229426,-0.8656133316711502,0.9926482061523068,1.8927985276852757,76.22381701889063,1.8946286693282863,2.0369175398882273,1.773220797500477,2.0649482599493423,Partial,D:/ML Projects/AIL721/Course Project/New/New_gym_dataset/New_gym_dataset/OHP\Test\Partial\PXL_20250420_135651939_Sports2D
143.61591667330276,160.18501343601514,134.41758433619532,106.3318850904379,50.81740356952661,111.5668729961598,87.20148689622384,91.75188643217494,-1.6357877355326915,1.1085255542477306,-1.9138166915347794,-0.8955754536383244,-0.7411119901636133,1.064791883711508,-0.8804960395628917,-0.8639705990379111,0.9958288677760038,1.9287624827494194,75.8271227278069,1.933792291868143,2.0232945782029645,1.703372609745438,1.9993818581272431,Partial,D:/ML Projects/AIL721/Course Project/New/New_gym_dataset/New_gym_dataset/OHP\Test\Partial\PXL_20250420_135651939_Sports2D
136.70709076473292,156.66415589288806,137.45976127017576,108.98814982025378,46.82240727059759,113.2703183610272,90.11531650586467,89.93447425391528,-1.5849139816396103,1.1112751780995822,-1.8726386616262582,-0.8736855748508077,-0.6921888741840266,1.113071926131776,-0.8375909194478235,-0.8748692973812362,0.9972084199377961,1.9879412235130123,76.45007050243746,1.993251630604954,2.005705532282044,1.6644425265726013,1.9464537824503736,Partial,D:/ML Projects/AIL721/Course Project/New/New_gym_dataset/New_gym_dataset/OHP\Test\Partial\PXL_20250420_135651939_Sports2D
130.31157160936732,151.4420601510668,140.22130731212096,113.16340109398423,43.269368851198784,116.65407725730405,92.95779724183147,88.09613740837085,-1.513620563263957,1.1031688647679205,-1.7821230615015455,-0.8670169676015137,-0.6415228545885465,1.148229462248369,-0.7696470354132192,-0.9006725878957895,0.998144719735232,2.0489020501441586,75.05319203705042,2.05290414213546,1.9883977986381565,1.6014830961813673,1.8495348502116977,Partial,D:/ML Projects/AIL721/Course Project/New/New_gym_dataset/New_gym_dataset/OHP\Test\Partial\PXL_20250420_135651939_Sports2D
125.30563239823155,146.58316252363372,143.7097459033206,117.69180509917386,39.18966861768575,120.59121962018011,93.8840362194542,87.17438214381384,-1.3660276579184651,1.0776454152723403,-1.6344383874203405,-0.8727134409297925,-0.5423481924617283,1.1335676916042372,-0.6854622368238557,-0.9195514444151128,0.9987198741178305,2.05311913601935,72.30884365591764,2.0581010219089166,1.9687417270119056,1.4601328348001112,1.701204190447728,Partial,D:/ML Projects/AIL721/Course Project/New/New_gym_dataset/New_gym_dataset/OHP\Test\Partial\PXL_20250420_135651939_Sports2D
121.1191619319356,142.6774830282779,149.73662829027677,121.0538034187014,33.5508629741207,124.34129468309885,92.43170104218513,87.01877771137671,-1.1793363289994536,1.044571140073354,-1.474207376717381,-0.8811342977546756,-0.41196895643009973,1.0771586927427628,-0.5972380348397338,-0.9268061173071583,0.9983543601209507,2.003964810049921,71.35104179172656,2.012510768004279,1.948150499335899,1.2733737035723625,1.5506581732117812,Partial,D:/ML Projects/AIL721/Course Project/New/New_gym_dataset/New_gym_dataset/OHP\Test\Partial\PXL_20250420_135651939_Sports2D
115.27264056159197,136.74216271264777,156.8524057907162,125.67304082901966,26.78264914987289,129.3080957696087,91.51000858828091,86.05025848225647,-1.0611782500513283,1.0407772894914054,-1.3564524312261732,-0.8914405575397728,-0.3150962374923808,1.0604445522295194,-0.5183191827421417,-0.9493098034458316,0.9979881248804836,2.009754355675351,73.64775495552225,2.0200030038670818,1.9546489839493633,1.1633371715526934,1.4425612586364036,Partial,D:/ML Projects/AIL721/Course Project/New/New_gym_dataset/New_gym_dataset/OHP\Test\Partial\PXL_20250420_135651939_Sports2D
108.52356525054054,127.77367455244867,160.81395283678947,133.29819676798553,22.002487619269075,136.1146372240441,93.47892236872853,83.8883117764928,-1.047098322710726,1.0862180022621852,-1.294417982029158,-0.9029872209215355,-0.2805204146939913,1.1328208629516756,-0.4505285613101958,-0.9933471050373001,0.9987920792661868,2.126167967988976,75.20116950187041,2.132954054361755,2.004520998599611,1.1789520359853716,1.3793514215862286,Partial,D:/ML Projects/AIL721/Course Project/New/New_gym_dataset/New_gym_dataset/OHP\Test\Partial\PXL_20250420_135651939_Sports2D
102.90215773469413,120.16284614057425,162.65173571158928,140.42757744635225,19.480834437684376,142.56014759562592,96.57867670299025,82.72299373620014,-1.0287117616970234,1.1255350019323231,-1.2398921980469948,-0.9011788132734474,-0.2709212866109939,1.2129285675573889,-0.37353106668702324,-1.0118088614006233,0.999307401968354,2.2247374289580124,74.73617342704429,2.2271024661595518,2.037686449246521,1.1882934307742234,1.320999564739956,Partial,D:/ML Projects/AIL721/Course Project/New/New_gym_dataset/New_gym_dataset/OHP\Test\Partial\PXL_20250420_135651939_Sports2D
98.1039372359831,115.42188036888585,165.84346428783817,145.1992719440603,16.938776672302716,147.98151290420125,98.83483943631963,83.4033932730871,-0.920515509676075,1.1027101442015161,-1.1598471564677753,-0.8827156022023197,-0.2402168606582435,1.2084495572949525,-0.27910747318868295,-0.9845678017569737,0.9988212305306353,2.193017359051926,74.85298211459418,2.1933621718371272,1.9997987477842003,1.0803824186455289,1.2446109315234206,Partial,D:/ML Projects/AIL721/Course Project/New/New_gym_dataset/New_gym_dataset/OHP\Test\Partial\PXL_20250420_135651939_Sports2D
92.80789991163624,109.013255783621,170.5859897734555,150.84740762622,13.073577718663369,154.50697511833874,100.2656778070271,83.52023090195974,-0.8056972662089328,1.061926056861601,-1.0748693276847203,-0.8645433378879981,-0.1885960324854941,1.1736905253023082,-0.190301368563772,-0.965010747283155,0.9979609089792858,2.138701272585463,75.64633655365844,2.138701952477207,1.9451832632392279,0.9568950988765917,1.1655924020687567,Partial,D:/ML Projects/AIL721/Course Project/New/New_gym_dataset/New_gym_dataset/OHP\Test\Partial\PXL_20250420_135651939_Sports2D
87.31648968872749,99.71514715446264,175.52007364464012,158.30242461603692,8.323031861313476,162.14553012199062,101.00654217258601,81.86067727645322,-0.7636365869761403,1.0608581178272605,-0.9957222808802227,-0.851061155495431,-0.133653035694791,1.1833891678984843,-0.1202632191633934,-0.9762704981831505,0.9977513258738653,2.1596596660816347,75.77015051433087,2.159701173886467,1.9259540692907784,0.9213608320523796,1.0878227810839562,Partial,D:/ML Projects/AIL721/Course Project/New/New_gym_dataset/New_gym_dataset/OHP\Test\Partial\PXL_20250420_135651939_Sports2D
83.96445564379205,90.55032477644897,179.7411412141116,166.63810870776985,3.5683735944202075,170.4653410880771,99.60391795062826,81.0156658645261,-0.7437375381574457,1.0839406418151964,-0.9050611126921602,-0.8338272775885242,-0.07689489030660701,1.1967755377915907,-0.04570532064618584,-0.9696950140610111,0.9977698559554656,2.1664705518526017,76.39366783943895,2.1666950503705222,1.9245412670022781,0.92027519976763,0.9964170673768052,Partial,D:/ML Projects/AIL721/Course Project/New/New_gym_dataset/New_gym_dataset/OHP\Test\Partial\PXL_20250420_135651939_Sports2D
82.62105652356539,80.9041905197054,173.65989220920923,177.97128563015852,2.080966343625693,177.76957292267662,95.29797713280885,83.1346175970289,-0.6808971879378287,1.0881930188497215,-0.7952180799255268,-0.8145820439349841,-0.01346232599206566,1.150085312013736,0.053419469024318836,-0.9167582615897689,0.9972383485192593,2.066843573603505,78.2929487916547,2.067925417477797,1.9062062338320593,0.872942505895149,0.8903045468221613,Partial,D:/ML Projects/AIL721/Course Project/New/New_gym_dataset/New_gym_dataset/OHP\Test\Partial\PXL_20250420_135651939_Sports2D
80.05689397692676,70.28115743566332,166.57827804097616,169.35244998594325,8.59067318917131,164.52140121609065,91.35243283390197,85.7597562195727,-0.6076473820329293,1.067205853408728,-0.6945491953217354,-0.7981854248877002,0.046178720789818224,1.0826418970335705,0.14235795795131173,-0.8602350773626469,0.9964473676407954,1.9428769743962173,79.07751037954417,1.9452561228023333,1.8674144013306915,0.8022309298961255,0.7953880941843442,Partial,D:/ML Projects/AIL721/Course Project/New/New_gym_dataset/New_gym_dataset/OHP\Test\Partial\PXL_20250420_135651939_Sports2D
75.02578759323374,63.306638915835954,162.18186505624755,161.85793586942873,12.921040878886354,156.96084180456268,92.05317152787988,86.34579711127327,-0.5741784677493604,1.0405512870194236,-0.6351217932286303,-0.7830426186060548,0.08718670232224446,1.0642611951537904,0.18613797843732818,-0.8354919530487953,0.9963496270965594,1.899753148202586,76.71148737914031,1.9023284099099294,1.8246119646529941,0.7593809740810706,0.7352341590244696,Partial,D:/ML Projects/AIL721/Course Project/New/New_gym_dataset/New_gym_dataset/OHP\Test\Partial\PXL_20250420_135651939_Sports2D
69.76669121879394,58.62522088564231,162.10596963066445,157.09226313847034,13.741392690764702,152.9396254598994,96.49191609044136,85.6855954257429,-0.5764445399588449,1.0295378105398252,-0.6111294617509768,-0.7749163151826816,0.11278594519939886,1.1079672002451753,0.20892464580211065,-0.8367838303214512,0.9973746772552101,1.9447510305666265,73.89083509325721,1.9471258872100523,1.8047874488805329,0.7574027665516184,0.7038087731915112,Partial,D:/ML Projects/AIL721/Course Project/New/New_gym_dataset/New_gym_dataset/OHP\Test\Partial\PXL_20250420_135651939_Sports2D
65.43950981484095,52.67394864831004,164.14432931117085,149.9540434696736,13.29646619320397,147.39483897404847,101.26402399195507,85.27910967426159,-0.5813551805948425,1.0407753278109892,-0.5933373185024471,-0.787219824793476,0.13952090909376613,1.1843499326996136,0.25096539907334,-0.8569440708383272,0.9990026157331591,2.0412940035379408,74.34700375101792,2.0443338971965326,1.8280344224259728,0.778133253757821,0.6795756604012155,Partial,D:/ML Projects/AIL721/Course Project/New/New_gym_dataset/New_gym_dataset/OHP\Test\Partial\PXL_20250420_135651939_Sports2D
61.694218371704316,47.6102521454375,165.31331214083386,143.09721667992562,13.810728387804842,142.22125720856437,104.49505324049083,85.38899493687316,-0.5631096289377184,1.0569357536902546,-0.567607754572512,-0.8158143024958157,0.17626585192510222,1.2480831508420125,0.30715519990064305,-0.8863651687026504,0.9998831350423529,2.134448319544663,76.89722920662847,2.1384577737754134,1.8727554581629593,0.786628698830112,0.6562697921179986,Partial,D:/ML Projects/AIL721/Course Project/New/New_gym_dataset/New_gym_dataset/OHP\Test\Partial\PXL_20250420_135651939_Sports2D
58.94148156349436,45.319219075698214,163.09941750139993,139.7741248806084,16.23358671255745,139.10712909456583,104.82493172394818,86.21208998113238,-0.5183869094187895,1.0650974729502185,-0.5353064157237292,-0.8332062559523825,0.21526263462872183,1.259277609221501,0.34487641179627615,-0.8914813907492161,0.9999322411517767,2.150758999970717,77.6891335113507,2.154660995884661,1.8983791288515375,0.7629533174220762,0.6355055719322927,Partial,D:/ML Projects/AIL721/Course Project/New/New_gym_dataset/New_gym_dataset/OHP\Test\Partial\PXL_20250420_135651939_Sports2D
58.5430224365339,44.47790545272929,157.06093348309852,139.14177126323,20.446740530442277,136.6494452767707,101.01023703302384,87.82846017595858,-0.4608154990631245,1.0714040884698728,-0.49440551541964256,-0.8196389366749073,0.24248431215139848,1.208242134094926,0.3543155051807322,-0.8518213154221633,0.9990540548621419,2.0600634495170898,75.56142388595158,2.063096612321055,1.8913413261882563,0.7209911357419316,0.6073555024975956,Partial,D:/ML Projects/AIL721/Course Project/New/New_gym_dataset/New_gym_dataset/OHP\Test\Partial\PXL_20250420_135651939_Sports2D
60.6108052576569,43.348648956364265,148.67905152667223,138.88495124196726,25.952403092602623,133.5164058612421,93.43679164974048,89.83224309512217,-0.40194146150326576,1.0784428788336768,-0.445057671613444,-0.7825704882924174,0.2550199203066936,1.117896940114704,0.3491362100127732,-0.7848958234096663,0.9956134787857587,1.9027927635243704,72.59517628432616,1.9051189403574647,1.861512761223051,0.6806448185472678,0.5683269728674906,Partial,D:/ML Projects/AIL721/Course Project/New/New_gym_dataset/New_gym_dataset/OHP\Test\Partial\PXL_20250420_135651939_Sports2D
41.5592657529232,29.744408558364913,134.9320777828216,128.0254675716714,13.623950951135829,96.58149630562892,124.81678329594097,113.16291225273599,-0.7539715290227045,0.695014687186599,0.24266535453181384,-0.8450996777121738,-0.08260941417255821,1.1619152253347076,1.016987273966401,-0.5138180093338018,0.8531507005699797,1.6757332346685097,58.46413412504227,2.004294077808632,1.834458321856567,0.5614677294338793,0.41891842796516804,Partial,D:/ML Projects/AIL721/Course Project/New/New_gym_dataset/New_gym_dataset/OHP\Test\Partial\PXL_20250420_135656982_Sports2D
43.360256119862235,29.678587790946246,135.11674573441377,126.66662978726472,13.343356300288107,95.12673182196653,123.29638757984965,114.55185596897971,-0.7654988959261869,0.7309401761675364,0.21260749165596432,-0.8723405401673204,-0.08291566484755737,1.1792519501970082,1.037057833328152,-0.49571535573166936,0.8522761153344484,1.6749673059286776,57.5657604050811,2.014908462572409,1.8780844392093283,0.5889590518151889,0.4488782034557499,Partial,D:/ML Projects/AIL721/Course Project/New/New_gym_dataset/New_gym_dataset/OHP\Test\Partial\PXL_20250420_135656982_Sports2D
43.82428544530156,29.57699115070416,133.23832395111637,125.09836786382112,15.214517388967876,93.55120920390537,120.96119716573054,116.0257819467988,-0.7319568328902066,0.7628716441136028,0.3267666236068053,-0.8352649386100955,-0.06044498120679773,1.1657379616420023,1.062873035665025,-0.47583173496141945,0.852209820667583,1.6415696966034221,57.70959518168454,1.9891190099728813,1.917012231149494,0.5784870799050275,0.4143170359332582,Partial,D:/ML Projects/AIL721/Course Project/New/New_gym_dataset/New_gym_dataset/OHP\Test\Partial\PXL_20250420_135656982_Sports2D
41.7890712229294,32.21572100303907,129.36628024480834,123.03226682844534,19.475893531697963,91.87444060495162,118.73503524537267,120.34128039808745,-0.6259897232016528,0.7973551752608661,0.6353747692574354,-0.7233885160036376,-0.008256868791114728,1.1360451511327632,1.0935739539001605,-0.45519549496221395,0.8557453332000088,1.5912406460949773,59.09709806349074,1.935478740678206,1.9757787723723934,0.5209799145202461,0.47876354405500654,Partial,D:/ML Projects/AIL721/Course Project/New/New_gym_dataset/New_gym_dataset/OHP\Test\Partial\PXL_20250420_135656982_Sports2D
38.64316618663831,49.78910594179825,126.38762818717265,120.89169051669114,23.28445256721169,90.56377127107561,118.07238124614999,139.22533467072267,-0.49859887191844954,0.8335311588061209,0.973051163746081,-0.6070894718307543,0.04535243085147224,1.1236372314850858,1.1170789006549846,-0.4400824959349612,0.8631496004988809,1.563719727420047,60.605126596337904,1.8957365354922409,2.059403221539678,0.4713239835142538,0.7416445549518564,Partial,D:/ML Projects/AIL721/Course Project/New/New_gym_dataset/New_gym_dataset/OHP\Test\Partial\PXL_20250420_135656982_Sports2D
37.03254625146516,82.9358373563226,126.61438064731122,119.93886807041784,23.7470651368448,90.30031385457386,119.22038861169005,172.6355235017487,-0.44352259507895486,0.8517588133263684,1.1020146774758368,-0.5677558759627931,0.06024264752382809,1.1335389947407706,1.1186367845392906,-0.4391484954003421,0.869162360182654,1.5726874901411125,61.19721308286788,1.8956645512629755,2.0985012303936847,0.46103670378395495,0.8650637058011397,Partial,D:/ML Projects/AIL721/Course Project/New/New_gym_dataset/New_gym_dataset/OHP\Test\Partial\PXL_20250420_135656982_Sports2D
38.00960283097144,55.46394532225044,129.30587234028263,120.62965015097332,21.179434090165994,91.11495658142196,120.81096307886254,144.34898874082845,-0.4843430238605394,0.8433609818607655,0.9838692503620406,-0.612215559952857,0.030920287176530295,1.1506532035219639,1.0989965716597414,-0.45170952050462737,0.8702293847239412,1.6023627240265912,60.90038733558354,1.925708505674049,2.0674502052663675,0.4725657485411921,0.7585108023644589,Partial,D:/ML Projects/AIL721/Course Project/New/New_gym_dataset/New_gym_dataset/OHP\Test\Partial\PXL_20250420_135656982_Sports2D
40.41624159223246,38.09704495113882,132.71875697670734,122.01398382137094,17.59623348969267,92.32897428777096,121.98752491807493,125.76807066336788,-0.5657264667017805,0.8227023010061559,0.7658922628867129,-0.6881697783767099,-0.015465777456279535,1.1663767741785722,1.0716692826201792,-0.4678953695427102,0.8687611130423718,1.6342721437212824,60.41435594589101,1.9628316480510504,2.0139371592106783,0.5019843032309255,0.577078478688818,Partial,D:/ML Projects/AIL721/Course Project/New/New_gym_dataset/New_gym_dataset/OHP\Test\Partial\PXL_20250420_135656982_Sports2D
42.93001665662074,33.08682783287582,135.84990349096603,123.45634997418749,14.262220250211291,93.56847371536473,122.80776309316802,119.51835411751107,-0.6441213535819611,0.8036187829790764,0.5569067610131406,-0.7603692750728039,-0.059225642594569576,1.180670518650385,1.04640159046664,-0.4832193903159796,0.8670022091350436,1.6638899089663646,60.08290296158091,1.9977340182433405,1.9719348817282878,0.5412834470460567,0.448949555468735,Partial,D:/ML Projects/AIL721/Course Project/New/New_gym_dataset/New_gym_dataset/OHP\Test\Partial\PXL_20250420_135656982_Sports2D
45.341383268478126,31.750904272929187,138.07550649998552,125.90370757545752,11.50585882692894,95.48507290237187,123.15275790459295,116.26583137055734,-0.7149826511382301,0.7875239559211257,0.38051467194560334,-0.8240419092576394,-0.09867082414842959,1.1901017329346626,1.0261940511827725,-0.505406251780043,0.8623490429924535,1.6955079847147054,59.632147400262966,2.0347157821143482,1.9486556706337903,0.583324722794986,0.41299482816008454,Partial,D:/ML Projects/AIL721/Course Project/New/New_gym_dataset/New_gym_dataset/OHP\Test\Partial\PXL_20250420_135656982_Sports2D
47.70668028267545,32.61814759938026,139.17304772855454,130.49126742979928,9.234871384973996,98.89918654332789,123.05844833235054,113.71896105605238,-0.7817896021033324,0.7674222730528232,0.2464940914391269,-0.8776004006377645,-0.13831159074446386,1.1862356538302228,1.0085074965592384,-0.5427990904342873,0.8517993485124027,1.72903474426451,58.50994876963831,2.074790390829381,1.939965708810713,0.622002764482444,0.45196453374915274,Partial,D:/ML Projects/AIL721/Course Project/New/New_gym_dataset/New_gym_dataset/OHP\Test\Partial\PXL_20250420_135656982_Sports2D
49.781100622988134,34.834362531691035,140.39243576858271,135.8163577372384,6.805206654791587,103.01400016061277,123.41369272222026,111.82036237107826,-0.8387263939644569,0.7354590847648497,0.1601200678502353,-0.9147535218415457,-0.1815179956139765,1.169033563670374,0.983668973635847,-0.5850179082453008,0.8405443128593414,1.754051471915675,56.60526795806408,2.1057913570530045,1.9289623898050483,0.6494629286245996,0.5067323533998694,Partial,D:/ML Projects/AIL721/Course Project/New/New_gym_dataset/New_gym_dataset/OHP\Test\Partial\PXL_20250420_135656982_Sports2D
51.46919115621178,36.990455886273864,143.41291280348176,139.17905056363358,3.5240484027863435,106.11601176990176,125.00676044100192,110.8744441163721,-0.8793425989698812,0.6965254682505564,0.1051613010271507,-0.9346060054015658,-0.22757972316020228,1.1530093639709678,0.9465916616907392,-0.6137249557115587,0.8380708297940725,1.7667343196825263,54.54001273761317,2.1213270840082292,1.905213324918737,0.6670217710424354,0.5421340270845793,Partial,D:/ML Projects/AIL721/Course Project/New/New_gym_dataset/New_gym_dataset/OHP\Test\Partial\PXL_20250420_135656982_Sports2D
53.30061192180727,38.77474593669461,147.88179547024006,140.88486793781294,0.39579485584357343,108.37086855220971,127.09518293403605,110.40387738448489,-0.90652861703369,0.6697561332356621,0.07642002598197142,-0.9442397028434444,-0.27377215578345804,1.1482224651719253,0.9094138566008785,-0.634387904682826,0.8432601393393542,1.7826103698547513,52.99225743245738,2.1395394061843405,1.8897541093187293,0.6843423823240029,0.556877667626218,Partial,D:/ML Projects/AIL721/Course Project/New/New_gym_dataset/New_gym_dataset/OHP\Test\Partial\PXL_20250420_135656982_Sports2D
56.21354114781373,41.31406393835552,152.16438268893356,143.2484074984686,4.1747961217591625,111.23799406564294,127.96125497394551,110.0760698727126,-0.9222512404101675,0.6725321901547284,0.11954300451051032,-0.9501522533953953,-0.3176131733218267,1.1442691161952927,0.8922672797841553,-0.6677412244583376,0.8479517700186663,1.81201034065363,52.56212478943803,2.178805219711854,1.928325712137195,0.7026458549124224,0.545921225269463,Partial,D:/ML Projects/AIL721/Course Project/New/New_gym_dataset/New_gym_dataset/OHP\Test\Partial\PXL_20250420_135656982_Sports2D
60.92747383060525,45.3382377663687,155.62946138917428,146.85111198553014,7.516071757661003,114.96450161704342,126.58859792705577,110.3737361493253,-0.9265072856585402,0.6988633144962522,0.24122671448337504,-0.9558567811409073,-0.35617389000987176,1.1222542018693014,0.8887936187991723,-0.7153666441435573,0.8490951568677354,1.8376208460128585,53.35294622758316,2.2196383650701326,2.025265733179942,0.7169421812829186,0.5318021902963781,Partial,D:/ML Projects/AIL721/Course Project/New/New_gym_dataset/New_gym_dataset/OHP\Test\Partial\PXL_20250420_135656982_Sports2D
66.58626381170471,50.622518362890546,158.88113768653673,152.53356551885665,11.06100963665123,120.35369356874217,124.47474582494652,110.26882479414836,-0.942641760454972,0.7087062915603178,0.2804727039642866,-0.9708593156319586,-0.39553950673401744,1.0843643087261094,0.8453081612088196,-0.7622696515788728,0.8463803137398777,1.8466339603049824,53.25033669275182,2.2248055911451767,2.0777270325850723,0.734147029117747,0.5478527823144483,Partial,D:/ML Projects/AIL721/Course Project/New/New_gym_dataset/New_gym_dataset/OHP\Test\Partial\PXL_20250420_135656982_Sports2D
71.30848163123663,57.7361079495046,163.006871951176,162.7171918603494,15.878387958921287,129.84567585260405,124.56990632768466,107.89043209690054,-1.0001511604614235,0.6737415085989307,0.10897341989338424,-1.005640923823272,-0.45117478995085747,1.0520295317501118,0.7321563218102308,-0.8044732474468114,0.8398897942149979,1.8565027791969233,50.830928639647176,2.201561965793294,2.012581101241772,0.7717009324126574,0.6077953945567824,Partial,D:/ML Projects/AIL721/Course Project/New/New_gym_dataset/New_gym_dataset/OHP\Test\Partial\PXL_20250420_135656982_Sports2D
76.04824578576121,68.16303560337123,168.7414566765658,175.48956408238303,22.185816741818268,142.0452040171306,126.13757095605708,106.11783158624064,-1.0934172598481156,0.6191740311173851,-0.13755219302908203,-1.0586323842947871,-0.5266884208182667,1.033009317946783,0.607863588338815,-0.843227836640019,0.8344214148289284,1.876237154586802,50.03080408862394,2.1925952936495943,1.9309874141389938,0.8424215137429929,0.7629458159284063,Partial,D:/ML Projects/AIL721/Course Project/New/New_gym_dataset/New_gym_dataset/OHP\Test\Partial\PXL_20250420_135656982_Sports2D
82.14880351073523,77.10578973287905,175.9516547294926,176.05835162233845,29.30639815289229,150.58690495426188,127.15759464215708,106.51888477861715,-1.197609032513,0.5745024819046073,-0.290988914068802,-1.1191251008460381,-0.6120593940455066,1.01827617365219,0.5326722931871009,-0.8748502067942406,0.8352824144591344,1.8931263804464304,52.88590630979021,2.212315105968545,1.9210243174467014,0.9359369158499601,0.9012890103377713,Partial,D:/ML Projects/AIL721/Course Project/New/New_gym_dataset/New_gym_dataset/OHP\Test\Partial\PXL_20250420_135656982_Sports2D
88.74266691370731,83.74133597902157,176.0080664141815,170.86130421880318,36.674980408953395,156.45564895806197,127.93231349524609,107.28568702095959,-1.2919895674737851,0.5325758613383822,-0.3653796875869847,-1.1713831167559376,-0.6979771875680996,0.9955401534388235,0.4821167587556078,-0.9076496004791411,0.8416705961415843,1.9031897539179645,55.466566821745104,2.239364410177179,1.939608741094984,1.0280843922103502,0.9833737081164706,Partial,D:/ML Projects/AIL721/Course Project/New/New_gym_dataset/New_gym_dataset/OHP\Test\Partial\PXL_20250420_135656982_Sports2D
95.20345237540873,92.3620460446473,167.81688195333908,162.94424801838716,44.0040604583679,165.23480956990582,128.8006080829592,107.12723647474148,-1.3705769808440122,0.48076694128013964,-0.43937122260571226,-1.2119597411194853,-0.77789373477952,0.9573068621822713,0.4026931925760108,-0.9524686641840809,0.8497000264776579,1.9097755263663523,54.16378697277647,2.245223386247046,1.9319595713895794,1.108355190332362,1.0553468375613226,Partial,D:/ML Projects/AIL721/Course Project/New/New_gym_dataset/New_gym_dataset/OHP\Test\Partial\PXL_20250420_135656982_Sports2D
101.99843892163895,103.7584230654863,160.256946270921,152.5728793068485,50.80659255579955,176.36358186643093,128.8081536341606,107.39484119905535,-1.444880247427699,0.42531128719332156,-0.5288682633027352,-1.2541128287381413,-0.8455138967358296,0.9073546547330287,0.2940919314609575,-0.9962941090198226,0.8565956162346066,1.9036487637528512,50.31763430856382,2.2186888153587114,1.9129932870328452,1.1868898429864165,1.1406677537480356,Partial,D:/ML Projects/AIL721/Course Project/New/New_gym_dataset/New_gym_dataset/OHP\Test\Partial\PXL_20250420_135656982_Sports2D
108.99075762774068,115.12856490341062,154.07035856712284,143.04730278966463,56.60148276266773,173.71914411945528,127.61072513492707,108.84770902286589,-1.5257203865567444,0.37726530344019044,-0.6164990017317005,-1.2986928453389084,-0.9028217722020311,0.8571475909368005,0.1897462408154319,-1.023475217241754,0.860103079937223,1.8806228081785545,48.05198539717892,2.174959082307141,1.9067037638506499,1.2717562105766276,1.230509263654491,Partial,D:/ML Projects/AIL721/Course Project/New/New_gym_dataset/New_gym_dataset/OHP\Test\Partial\PXL_20250420_135656982_Sports2D
115.59510162096397,124.1357248756047,149.34767723904378,135.27797569355724,61.44509120436999,166.07074413697097,125.84998958340603,110.20646901257571,-1.6185764232222695,0.3396037259715694,-0.7029575628831013,-1.3388532619651055,-0.962220747547349,0.8138534519837957,0.10410760247104911,-1.0418076372648593,0.859024517308911,1.855661089248655,48.68002971846635,2.1402182664869636,1.9119560030927103,1.3655721784545884,1.3215285872195455,Partial,D:/ML Projects/AIL721/Course Project/New/New_gym_dataset/New_gym_dataset/OHP\Test\Partial\PXL_20250420_135656982_Sports2D
122.10487155413709,130.3865666603726,145.16013029795621,129.28456271507252,65.95805344919354,160.4027464622222,123.85318189505645,110.7893131225948,-1.7222035704414902,0.30514776961527623,-0.7938217072406744,-1.3810164178221083,-1.0274954788930741,0.771148690899602,0.03054586008199413,-1.0680444918818333,0.8561031112311225,1.8391931827814352,50.55667677473037,2.1218112636542066,1.9248487085785713,1.4689516114111942,1.4196189160503478,Partial,D:/ML Projects/AIL721/Course Project/New/New_gym_dataset/New_gym_dataset/OHP\Test\Partial\PXL_20250420_135656982_Sports2D
129.25504638265656,134.62382049885312,140.31280483448612,125.44932994680843,70.77693387667429,156.5390686579688,121.52188749401773,111.16288915682193,-1.8262884971193043,0.26506885693942533,-0.8824879270474597,-1.434232915701063,-1.0883698743545867,0.7176538100229107,-0.0362600089744037,-1.1066331476850169,0.8563595785136071,1.8242869577079277,51.73488030642278,2.105934014373089,1.9438070970564554,1.5765589496326338,1.520950029098268,Partial,D:/ML Projects/AIL721/Course Project/New/New_gym_dataset/New_gym_dataset/OHP\Test\Partial\PXL_20250420_135656982_Sports2D
136.9101622345429,138.1708945775179,135.00379765237935,123.13118650680204,75.70066017001754,153.835644329199,118.79049793547466,112.0065389067169,-1.9281091801188368,0.22343545054417002,-0.9686972050810656,-1.4955069565068952,-1.1414054560916218,0.6557595978507925,-0.0946659825985831,-1.1422593830856602,0.8598125468774521,1.7980189809364526,51.02960428349808,2.080513345589555,1.9685614891601395,1.6854982448717968,1.62286351509487,Partial,D:/ML Projects/AIL721/Course Project/New/New_gym_dataset/New_gym_dataset/OHP\Test\Partial\PXL_20250420_135656982_Sports2D
144.35925978194703,142.45394689482774,130.49052258525444,120.51891637257388,79.9998350185955,151.00927397642386,115.6405752366485,113.46322087125156,-2.026205454886937,0.19271600851528267,-1.0591410933638592,-1.5510278854672135,-1.1871527567574165,0.5954535452036763,-0.14780575136028207,-1.1554634100203192,0.8617145626627379,1.7509169552239956,49.08840314901608,2.036161187558308,1.9939549260525617,1.788434689630525,1.7257824861607414,Partial,D:/ML Projects/AIL721/Course Project/New/New_gym_dataset/New_gym_dataset/OHP\Test\Partial\PXL_20250420_135656982_Sports2D
151.7015706625011,147.93118086365746,126.76493062941896,116.88409720265899,83.60668725165688,147.25571508373483,111.90511658915577,115.18689594739227,-2.0939634947746666,0.1815904307513413,-1.143091225822075,-1.5871478515685364,-1.2068829415635627,0.5382865491686912,-0.20749339048841234,-1.1471502617212974,0.8627642329798841,1.6854368108899886,48.94498977377712,1.9594582716407116,2.008131764403651,1.858027726522775,1.8122681221906505,Partial,D:/ML Projects/AIL721/Course Project/New/New_gym_dataset/New_gym_dataset/OHP\Test\Partial\PXL_20250420_135656982_Sports2D
159.35240150812433,154.17336301679578,122.91293806287685,112.96570379765917,86.97715087726314,142.85579273779925,107.62474936913881,117.02915575459501,-2.1188926547572233,0.18893135373892064,-1.2091776692808187,-1.6073527249942736,-1.1923226703921148,0.4832972411361122,-0.2815557777431197,-1.1341110287024,0.8669829646871356,1.6174082698385122,52.28189523290922,1.8562073817565528,2.0135088393922427,1.8856501850997813,1.8720910496187142,Partial,D:/ML Projects/AIL721/Course Project/New/New_gym_dataset/New_gym_dataset/OHP\Test\Partial\PXL_20250420_135656982_Sports2D
166.88623685075817,160.92041756729373,119.57379459184455,108.24622851024701,90.52521113262158,138.34523423471305,103.63897428186345,119.26565180200677,-2.154612291235085,0.18874985421852933,-1.2769500376689327,-1.6356522371406597,-1.1850264885069737,0.4240156039723751,-0.36469593831762387,-1.1244379802500526,0.8651601233467064,1.5484535842224276,56.36399977786664,1.752327228021423,2.024533038083251,1.919414737723686,1.944541985070537,Partial,D:/ML Projects/AIL721/Course Project/New/New_gym_dataset/New_gym_dataset/OHP\Test\Partial\PXL_20250420_135656982_Sports2D
173.16391647555145,167.64266901499727,118.11744376106105,101.81873320698328,94.2535146136711,134.18969158171544,101.08959813811975,121.83236059671265,-2.244644836136256,0.15094670745166167,-1.3624404990615904,-1.684555644033728,-1.2225327022391004,0.3512844388121063,-0.4446603612477329,-1.1147899617099217,0.844599412617431,1.466074400522028,57.225187827861006,1.6596564484089515,2.036505186504995,1.9954813420657433,2.061709503694457,Partial,D:/ML Projects/AIL721/Course Project/New/New_gym_dataset/New_gym_dataset/OHP\Test\Partial\PXL_20250420_135656982_Sports2D
176.86699478775995,173.0205460271424,117.93685715899272,96.03893849342606,97.12083505371095,131.0966307061298,100.25384026595111,124.11717673327217,-2.3378467440091932,0.09373966567181534,-1.4379307162407178,-1.7335750188175034,-1.2771781762167003,0.2856132044789475,-0.5113663155780525,-1.105838568613365,0.8185740840745496,1.3914517730923126,55.446752808723495,1.5882713378817135,2.0368917038431107,2.0747819731378114,2.174814083719943,Partial,D:/ML Projects/AIL721/Course Project/New/New_gym_dataset/New_gym_dataset/OHP\Test\Partial\PXL_20250420_135656982_Sports2D
177.4329415097769,176.23474078104707,117.45167513230284,93.99036171862352,98.09629183248232,129.53832868340862,100.66335032270531,125.7730694644558,-2.3777975574735657,0.06064140788368153,-1.4726374835379676,-1.7664327503386152,-1.3074729753575667,0.2621723379784098,-0.5584979632688565,-1.1077874815258073,0.8136290793646558,1.369959819504217,54.2524817527307,1.5613306747096565,2.0389984647102635,2.1156192447375606,2.226632682085011,Partial,D:/ML Projects/AIL721/Course Project/New/New_gym_dataset/New_gym_dataset/OHP\Test\Partial\PXL_20250420_135656982_Sports2D
175.9820562108588,177.01832146508283,117.30849124442882,94.53000417216619,97.62697469863517,129.46547011523026,101.6449184877765,126.48379158031284,-2.3750185569844886,0.05357690701038337,-1.4650346556930383,-1.7768498197722504,-1.3133671485877694,0.272370162609871,-0.5702033781453625,-1.1151011671507907,0.8197975619194028,1.3874713297606616,55.19287201851913,1.5739660354041929,2.0441459592528597,2.118867357015761,2.2216709484819677,Partial,D:/ML Projects/AIL721/Course Project/New/New_gym_dataset/New_gym_dataset/OHP\Test\Partial\PXL_20250420_135656982_Sports2D
174.48894772296313,175.4577749976811,118.62506223208308,94.86262961411535,96.9786446933661,130.46633653956448,102.48969697040292,125.92411153724555,-2.357049851376992,0.05015704537250607,-1.4319765300203204,-1.7614106624567907,-1.3127703747865067,0.28147122597131946,-0.5372895671230363,-1.1131913385049677,0.8130630971218175,1.3946625644762871,56.4413517540166,1.595761307904776,2.034093953074871,2.0964737145862737,2.1919507420427506,Partial,D:/ML Projects/AIL721/Course Project/New/New_gym_dataset/New_gym_dataset/OHP\Test\Partial\PXL_20250420_135656982_Sports2D
173.52813657543012,172.83350632715903,119.83324010217329,95.54358934358672,96.59543793536648,131.97226738112644,103.06730135993637,124.80577370828551,-2.324358405936846,0.04874677732575429,-1.3903971820288883,-1.735377436932356,-1.3016171521885767,0.28613091900409077,-0.48659356175919566,-1.1070824765432095,0.8045966748574115,1.3932133955473003,54.699545583341674,1.6140963473376793,2.013798098039069,2.0580433262840385,2.1503739793907277,Partial,D:/ML Projects/AIL721/Course Project/New/New_gym_dataset/New_gym_dataset/OHP\Test\Partial\PXL_20250420_135656982_Sports2D
171.8798155202103,170.48117190666397,119.41101192915278,98.39114850666527,95.81071114006171,133.61287157587984,103.9308956198515,124.09404348254381,-2.2848290804935716,0.057298162368425075,-1.3560005678962912,-1.7262889915275084,-1.2731191952948477,0.30825007981550406,-0.4539776130282453,-1.1157102901182605,0.8169262915906684,1.4239603699337646,49.261345798071986,1.6427586758072947,2.0109464292606782,2.027106691928674,2.10727856604014,Partial,D:/ML Projects/AIL721/Course Project/New/New_gym_dataset/New_gym_dataset/OHP\Test\Partial\PXL_20250420_135656982_Sports2D
168.18295134426876,168.34254266139357,118.91456302358759,102.65216644278553,93.71220240528599,135.27893187165907,105.52925106101722,123.62147453305259,-2.265396161775953,0.07473844914500781,-1.3369693435381627,-1.7348256207445618,-1.2471886851629275,0.35767225440784894,-0.4422349641488471,-1.1398820214104377,0.8422006210918099,1.4975542758182867,46.515136597795426,1.7001821378887756,2.0338383612908992,2.0256456159698497,2.075302833201262,Partial,D:/ML Projects/AIL721/Course Project/New/New_gym_dataset/New_gym_dataset/OHP\Test\Partial\PXL_20250420_135656982_Sports2D
162.87238149710328,166.25276943419138,120.36122128676243,105.73507205069757,90.53426876089823,136.63056209835824,107.661887263795,122.88333153254962,-2.274088008800887,0.09510479756109565,-1.3267449240105358,-1.7372267096309477,-1.2545038633856196,0.4197484662948396,-0.4334786428100848,-1.1597153951730617,0.8581053257036905,1.5794638614679013,50.76893442483005,1.7801091265717952,2.062740330858144,2.044804845496934,2.053955666462967,Partial,D:/ML Projects/AIL721/Course Project/New/New_gym_dataset/New_gym_dataset/OHP\Test\Partial\PXL_20250420_135656982_Sports2D
158.12214614777275,165.01999430327416,122.8801384547306,106.33453579484156,88.00684035912894,137.22151460870117,109.88469421135619,122.24150891197525,-2.264262102820159,0.11068100892383496,-1.3036710945436978,-1.7172155998477596,-1.2849880185077793,0.4648774273846516,-0.4188039515862096,-1.1590893343173008,0.8581815922689392,1.6239667617019522,54.86802822312497,1.840527881044326,2.064931257340129,2.032682545569697,2.0233486023192677,Partial,D:/ML Projects/AIL721/Course Project/New/New_gym_dataset/New_gym_dataset/OHP\Test\Partial\PXL_20250420_135656982_Sports2D
154.77813147986723,164.12583670298417,124.72308356655535,106.17589612700756,86.8475076225975,137.74648731616048,112.06937614273025,121.87232401914463,-2.1933221419396824,0.11776156704122455,-1.25220695378844,-1.6805817819394622,-1.2929769435885488,0.48279339392104614,-0.3921415319105137,-1.1458144345797021,0.8519957737234279,1.6286078285007484,53.75601180304395,1.8611469307894684,2.029713427603025,1.9559873656706532,1.9662451730613781,Partial,D:/ML Projects/AIL721/Course Project/New/New_gym_dataset/New_gym_dataset/OHP\Test\Partial\PXL_20250420_135656982_Sports2D
151.19733676985044,161.13791455744843,126.19236305893902,107.98558172625336,85.60818293918994,139.7861277243823,114.41084616933952,120.92404228183072,-2.100419746592372,0.12423107947816145,-1.1867350477020406,-1.6473462222660396,-1.2678689680172255,0.5020829115146364,-0.34237345633176325,-1.1415248964422087,0.8498876713414331,1.643607807956845,51.26487202970507,1.8862631228242366,1.99331529493996,1.861388900901162,1.8966805021392252,Partial,D:/ML Projects/AIL721/Course Project/New/New_gym_dataset/New_gym_dataset/OHP\Test\Partial\PXL_20250420_135656982_Sports2D
145.8416930093335,155.22523482809748,128.63107968304922,112.2645017227465,82.86060682020397,143.75618822599975,117.01891381087046,118.98142305409719,-2.0367428218481027,0.13977107760129787,-1.1239055880562228,-1.622491048550317,-1.235441034318606,0.5483879762115521,-0.2682165933731015,-1.1485375130085782,0.8527159688179139,1.6969254892201302,50.31995091150472,1.9532227817449095,1.9846510062641294,1.79853524707987,1.8300865968998552,Partial,D:/ML Projects/AIL721/Course Project/New/New_gym_dataset/New_gym_dataset/OHP\Test\Partial\PXL_20250420_135656982_Sports2D
139.61395825567018,148.263455083117,131.97732831339786,117.2849841863429,79.20951288912579,148.47182538886656,119.59555463345562,116.7352804719836,-1.98448949678044,0.16384209983442263,-1.052070765040378,-1.585646368424833,-1.2030484788586835,0.6076821912365352,-0.1828154631845066,-1.1477856412531582,0.8554832099330838,1.7554678324896933,49.46416698947282,2.030404569827818,1.9824516619256731,1.745637231882053,1.7491220189472376,Partial,D:/ML Projects/AIL721/Course Project/New/New_gym_dataset/New_gym_dataset/OHP\Test\Partial\PXL_20250420_135656982_Sports2D
134.12221271455704,141.9233481691239,135.50337224197827,121.28907310117233,75.93145310755021,152.72389845070077,121.80924039299316,114.64724661982466,-1.9098261930326303,0.18854176629167538,-0.9599881300105744,-1.5235579894472617,-1.1619021052376868,0.6524413572224452,-0.10180052869141876,-1.129792698944007,0.8532339611084068,1.7822340561664523,48.26074871796752,2.0736859896222013,1.9579269443896061,1.6661588658706021,1.6411933928857545,Partial,D:/ML Projects/AIL721/Course Project/New/New_gym_dataset/New_gym_dataset/OHP\Test\Partial\PXL_20250420_135656982_Sports2D
129.18178617612836,136.1101639755632,139.34840885458934,124.09933205404319,72.96870487502866,156.4164457836612,123.78691869890031,112.5266097592244,-1.8287360156078076,0.20976482629847837,-0.8693707638338526,-1.4562845234264712,-1.1202374962027772,0.6838290300296271,-0.03243440316917208,-1.1091586579421553,0.8451021893189532,1.7929876879717823,47.93215885295856,2.09716962080607,1.9225249340464303,1.575865773380812,1.5364344048455967,Partial,D:/ML Projects/AIL721/Course Project/New/New_gym_dataset/New_gym_dataset/OHP\Test\Partial\PXL_20250420_135656982_Sports2D
123.56183662724342,130.15910810810766,143.8524200998597,126.78326992093238,69.46696466675115,160.10265468754324,125.90512803950773,110.2617627956509,-1.7666966011722491,0.23305909073151393,-0.804847485872278,-1.408718584510853,-1.0898229386389475,0.7231262394239212,0.02716847507662107,-1.1015776162294948,0.8356215637430047,1.824703855653416,48.104352000832684,2.139442445860778,1.9027841852211111,1.5034387071969917,1.4653392444214914,Partial,D:/ML Projects/AIL721/Course Project/New/New_gym_dataset/New_gym_dataset/OHP\Test\Partial\PXL_20250420_135656982_Sports2D
116.9293766615296,124.01348031480916,148.9211437340913,130.4708257056062,64.89077446124423,164.2827439009417,127.96139779971463,108.29622421575084,-1.7108287876786443,0.27453476478234934,-0.7582143069752091,-1.380153646032784,-1.0604151460548825,0.7819882740986152,0.0852309382000576,-1.101272461815679,0.8308687352730562,1.8832607359142943,47.64140872210386,2.2043538622020575,1.9093108928961218,1.4395068140318663,1.4159480406538993,Partial,D:/ML Projects/AIL721/Course Project/New/New_gym_dataset/New_gym_dataset/OHP\Test\Partial\PXL_20250420_135656982_Sports2D
110.41587435531316,117.96768130994231,153.9740488873658,136.36956438637475,59.400543403745836,169.74415667748642,128.9846690484327,107.7118379874287,-1.6324192628373124,0.34979498115685714,-0.7011586879225647,-1.3576954131204415,-1.0109729292535103,0.8527570346792089,0.15438708225467007,-1.0844611466255778,0.8350918908503753,1.9372181813047866,47.51996771001828,2.260725157643045,1.9449343703425552,1.3590538221538662,1.3553134873621464,Partial,D:/ML Projects/AIL721/Course Project/New/New_gym_dataset/New_gym_dataset/OHP\Test\Partial\PXL_20250420_135656982_Sports2D
105.24731236428978,111.24085415390951,158.26179396573235,145.3558815548697,53.96013284740757,177.57780836800973,128.7128204831178,108.81866252191917,-1.5296619756313539,0.4376386245093093,-0.6184774554448599,-1.330421028200035,-0.9382336668182437,0.911679364108427,0.24059963885908858,-1.037655045907602,0.845989175036604,1.9493344100160288,49.10364510041337,2.2780589554808905,1.989043027530118,1.263146829319576,1.2675901980651896,Partial,D:/ML Projects/AIL721/Course Project/New/New_gym_dataset/New_gym_dataset/OHP\Test\Partial\PXL_20250420_135656982_Sports2D
100.23501902872056,102.41516249662843,162.3225996012433,155.45322301864556,49.16632039264557,173.05785698746558,128.93130136392503,109.35730550916287,-1.4233427904059521,0.4836156848349365,-0.5205833799180813,-1.281381613971766,-0.8568901208343574,0.9411965391680908,0.32893342861973424,-0.9829308634761585,0.8527411905350013,1.9241274026442492,51.059177514277586,2.260186663098074,1.9824706852862577,1.1635849571688932,1.1585237330299096,Partial,D:/ML Projects/AIL721/Course Project/New/New_gym_dataset/New_gym_dataset/OHP\Test\Partial\PXL_20250420_135656982_Sports2D
93.4842735986123,92.98019492254724,167.6930400027745,162.58784085409803,44.1682131911192,165.55090595200824,130.6839395925069,107.42928897053902,-1.3281181511876718,0.4803009050910072,-0.43186561558132197,-1.2110658258027138,-0.7776451893998132,0.9535139543503631,0.3993259924873513,-0.9501194662834384,0.8493288548332991,1.9036334206338015,51.312017941852986,2.238097710813095,1.9141551729039432,1.0656394734731744,1.0500293058228711,Partial,D:/ML Projects/AIL721/Course Project/New/New_gym_dataset/New_gym_dataset/OHP\Test\Partial\PXL_20250420_135656982_Sports2D
86.72807924064759,84.757268357665,174.18725589364644,167.94113751828547,38.424779771225005,159.44682681684301,131.6967005305774,105.310441540822,-1.253207150955527,0.48287201417522,-0.3678756377469375,-1.1562689886795425,-0.7054979272509171,0.97080655637135,0.46010504352520853,-0.9295969146784923,0.8423392031632486,1.9004034710498425,51.91155607109888,2.2293863815544444,1.862953331546426,0.9856664524310076,0.9729262583319215,Partial,D:/ML Projects/AIL721/Course Project/New/New_gym_dataset/New_gym_dataset/OHP\Test\Partial\PXL_20250420_135656982_Sports2D
82.49404882118945,77.23944863592722,179.978646905715,175.81598386422158,32.994775977344325,151.21059325267956,130.50072715615488,106.02885538324767,-1.2052486397501556,0.52297169867689,-0.3212218569355066,-1.1401737124099498,-0.6482277698482232,0.9987246912235974,0.533267924257359,-0.8946869200335048,0.8389231129903721,1.8934116112571024,54.39508808858331,2.231801874009709,1.883495689178192,0.9388472299477159,0.9335343999917369,Partial,D:/ML Projects/AIL721/Course Project/New/New_gym_dataset/New_gym_dataset/OHP\Test\Partial\PXL_20250420_135656982_Sports2D
79.44295539341853,70.04279237514262,175.44731863494954,175.1464366920276,28.556929526207533,142.03682580076952,129.11397413278902,108.00596657437312,-1.172434219566442,0.5714692939451148,-0.26933439500328993,-1.1333415330774315,-0.6065951385497688,1.0315434368150453,0.6081059073794078,-0.8481428731486539,0.8376271007659031,1.8796863099636993,55.113874585734266,2.238016812905208,1.9292405886926842,0.9121774043102769,0.8971111138410569,Partial,D:/ML Projects/AIL721/Course Project/New/New_gym_dataset/New_gym_dataset/OHP\Test\Partial\PXL_20250420_135656982_Sports2D
75.05163843911046,64.30679979225005,171.2862044675691,168.78634180839592,24.638065542393946,135.4344807335711,129.58642710328348,108.87231905867895,-1.1408652822304874,0.5906317876041359,-0.20106120962578244,-1.102093273730521,-0.5705195851057715,1.062235250190366,0.6593367710113414,-0.8079775306872937,0.8353100729645134,1.8702127808776596,51.98865134269179,2.238357098954457,1.9361172041368797,0.8830826161597665,0.8336575053589204,Partial,D:/ML Projects/AIL721/Course Project/New/New_gym_dataset/New_gym_dataset/OHP\Test\Partial\PXL_20250420_135656982_Sports2D
70.57209527546738,59.16855562717936,167.67988671619193,163.69712727197702,21.126599376684506,130.25041461148447,130.55450410121713,108.91814101569486,-1.1161635910780252,0.5859201598090759,-0.1311020405585372,-1.0582402068477317,-0.5334509022149757,1.08456326424592,0.6973885149715053,-0.7742913907609245,0.8343987845597323,1.8588546550068445,49.11189271836387,2.229418376918198,1.9166662645324837,0.8573485069277427,0.7591601254355287,Partial,D:/ML Projects/AIL721/Course Project/New/New_gym_dataset/New_gym_dataset/OHP\Test\Partial\PXL_20250420_135656982_Sports2D
67.65251161848008,53.406193794936655,164.99146227707897,157.2893887612379,18.043693534629274,124.23715750368748,130.3911819161492,109.16903629124917,-1.0949228305920613,0.5888870453922942,-0.07366262407567319,-1.02470831130107,-0.4944446056148749,1.0997747380600567,0.7446181330518433,-0.7402485506926191,0.8381737225510688,1.8400232887526757,48.78716778112677,2.218324181337002,1.9096236237950872,0.8395711606330266,0.6976715325540379,Partial,D:/ML Projects/AIL721/Course Project/New/New_gym_dataset/New_gym_dataset/OHP\Test\Partial\PXL_20250420_135656982_Sports2D
65.21321303592744,47.79188669394474,162.35145588957738,150.53078983161168,14.843729598553136,118.038516122636,129.63051656262567,109.75337057130874,-1.060042807011403,0.6139819130079088,-0.021136001667670067,-1.000601404738187,-0.4528222837719351,1.116863409557029,0.8011040348921512,-0.7053324596093345,0.8434638925760828,1.8221958691663633,48.906709677940746,2.2119514005161656,1.919949645207788,0.8144648226940261,0.6473273572745135,Partial,D:/ML Projects/AIL721/Course Project/New/New_gym_dataset/New_gym_dataset/OHP\Test\Partial\PXL_20250420_135656982_Sports2D
62.51909316295837,43.51372906297913,159.06349854693377,145.42182952208873,11.511718240441146,112.97360982858135,128.9926250774828,110.54011923439779,-1.0183430513515124,0.6481961714350005,0.03539342576964001,-0.9787248132778543,-0.4139952371601044,1.1374585950691545,0.856202090538095,-0.671181773543626,0.8438766787789573,1.8086403686127805,48.82403123986992,2.2101088738493,1.9383581850924103,0.7834566358744839,0.6035246646260034,Partial,D:/ML Projects/AIL721/Course Project/New/New_gym_dataset/New_gym_dataset/OHP\Test\Partial\PXL_20250420_135656982_Sports2D
60.24161916328714,40.948373866892716,155.73434499493547,142.38242519585788,8.735799260421294,109.38097093037211,128.49418009713412,111.56740293652061,-0.9901860397259798,0.668143962864794,0.0861324254688268,-0.9609365155067148,-0.38457081047012615,1.1497716372942663,0.8988053222437196,-0.6397112617493057,0.8386567437992851,1.7894828990435723,49.90460552495846,2.202113381274664,1.9525277574289304,0.759754079366522,0.5727206805157086,Partial,D:/ML Projects/AIL721/Course Project/New/New_gym_dataset/New_gym_dataset/OHP\Test\Partial\PXL_20250420_135656982_Sports2D
58.33761145874998,39.41066943160507,153.14265510438503,140.0722188210553,6.554241130152507,106.66063279528797,128.21662967140247,112.7500366363171,-0.9683693158020482,0.6700380062155414,0.11659177295193168,-0.9480226962810475,-0.35944304723285975,1.149501974243618,0.921151790512065,-0.6106420758966314,0.8347365311196491,1.7601440501402494,52.07828287988627,2.1767016827537646,1.9481429621755115,0.7376670898554276,0.5538865319787932,Partial,D:/ML Projects/AIL721/Course Project/New/New_gym_dataset/New_gym_dataset/OHP\Test\Partial\PXL_20250420_135656982_Sports2D
56.30574683702556,37.887512074294264,151.26152972073098,137.3685499240857,4.448454685911485,104.18162495890503,128.14270784888603,113.70588711538925,-0.9341542046728132,0.6755515799921464,0.12957132893934853,-0.9332791037697817,-0.33056390794414625,1.1495537754319818,0.9264205361059072,-0.5833890999450697,0.836889246915877,1.7329428753770513,53.892745117381196,2.1408178114692302,1.9286907942623543,0.7087468280997982,0.5346247447113642,Partial,D:/ML Projects/AIL721/Course Project/New/New_gym_dataset/New_gym_dataset/OHP\Test\Partial\PXL_20250420_135656982_Sports2D
54.60421839268851,36.629101059297035,149.5492125591292,135.17222980660492,2.3264082464623774,102.3950341192718,127.72218985377393,114.23406694002527,-0.8965997833807968,0.6947343193761515,0.141419891173477,-0.9191330704694346,-0.30056230556835095,1.155773271921572,0.9283233728847892,-0.5649220956424986,0.840782142380765,1.7206953675640708,54.90970171675932,2.114462711580341,1.9188675818744672,0.68339686298427,0.5152218136559146,Partial,D:/ML Projects/AIL721/Course Project/New/New_gym_dataset/New_gym_dataset/OHP\Test\Partial\PXL_20250420_135656982_Sports2D
53.58307194659234,36.80692793217533,147.75785428171312,134.78060673604656,0.3830001240777084,102.15546089368287,126.79992817748449,114.65146703849247,-0.8739015139024616,0.7108793287871332,0.16093364992889525,-0.9218351122913652,-0.2745047299632927,1.1592842410086832,0.9382045439266438,-0.5651278145483708,0.8422158613750012,1.7244120555570541,55.10464844440071,2.108141532328691,1.933039125938258,0.670211727592452,0.5123764413552389,Partial,D:/ML Projects/AIL721/Course Project/New/New_gym_dataset/New_gym_dataset/OHP\Test\Partial\PXL_20250420_135656982_Sports2D
52.446166746727016,38.07629696696762,146.4555057549338,135.37778377214366,1.1138381512510802,102.94712767832866,126.43999510202164,115.12916928863896,-0.8615720776773302,0.7112184151854741,0.17658508395046715,-0.9425082264999215,-0.25379162620715867,1.1599680150088079,0.951367826980121,-0.5790923597115037,0.8440411106543808,1.7390603747203115,54.262201874416846,2.1158308756913944,1.9525834419197408,0.6601499356340526,0.5284785510702484,Partial,D:/ML Projects/AIL721/Course Project/New/New_gym_dataset/New_gym_dataset/OHP\Test\Partial\PXL_20250420_135656982_Sports2D
50.97516159998462,38.62917546719809,146.33238414518317,135.48397338751488,1.7031233966540884,103.51948092935217,127.32171500336119,115.10969453784593,-0.852948499061305,0.7035316795288601,0.17035450739534533,-0.9575115434790856,-0.24255383285417223,1.1688935035166144,0.9544799863483484,-0.5900385276719757,0.84837633671466,1.75893203118859,53.20130287123679,2.127611772541173,1.9509519808862144,0.6512087641224275,0.5416034446905963,Partial,D:/ML Projects/AIL721/Course Project/New/New_gym_dataset/New_gym_dataset/OHP\Test\Partial\PXL_20250420_135656982_Sports2D
50.18959080030782,37.73264906652806,146.70958023140184,135.35839455620024,1.6015037886552446,103.66947857625706,128.2089054110371,114.06317049027102,-0.8558468284573076,0.6980231511007268,0.14848211516563156,-0.9498401271098338,-0.24151234211144737,1.1816113548705252,0.9489800107471599,-0.5923774546163789,0.8509127473835021,1.773988809486904,53.022130506712685,2.1364241943957634,1.9298005105900518,0.6528176955795729,0.536668828631447,Partial,D:/ML Projects/AIL721/Course Project/New/New_gym_dataset/New_gym_dataset/OHP\Test\Partial\PXL_20250420_135656982_Sports2D
50.11145332045586,35.67862269440301,145.94710016369572,134.81199805535502,2.1947390141660503,102.95383723321707,127.69380766537793,112.72478546118593,-0.8515723530783855,0.7051834344515433,0.15797501458788574,-0.9208711929950424,-0.23489699314500953,1.1816978638131472,0.9602710221081623,-0.5848556356914263,0.8493573435131845,1.7665534995045735,54.04951279675892,2.1328708004227686,1.913959126784674,0.651176621701506,0.5073746679523777,Partial,D:/ML Projects/AIL721/Course Project/New/New_gym_dataset/New_gym_dataset/OHP\Test\Partial\PXL_20250420_135656982_Sports2D
48.960401616140054,32.282383051110024,143.19775476061434,131.018323109637,4.986066803893981,99.20214467414544,126.05353157996589,113.08023837696459,-0.7808280103384116,0.746763079274266,0.2608344743512341,-0.8686471566580397,-0.19853288022625468,1.1706570387031434,1.0161465289118483,-0.5467871252969051,0.8497438641976036,1.7174441640000486,56.89257209188706,2.1035827826453413,1.9221370820949981,0.6092133619453606,0.4437838283811467,Partial,D:/ML Projects/AIL721/Course Project/New/New_gym_dataset/New_gym_dataset/OHP\Test\Partial\PXL_20250420_135656982_Sports2D
46.28442496993497,29.100664124599295,139.00830976447946,123.85806353680361,9.894487363055939,92.76086066433892,123.82108766700911,116.33980346026036,-0.6290062567028467,0.8267348716432735,0.4572178209715736,-0.7937447322116039,-0.13045870249392702,1.1607491566835368,1.1124563164171906,-0.4693391197160946,0.85629230026448,1.6300882763996314,61.48576550897899,2.0498842730969824,1.950855426070652,0.5443678100132286,0.416235754178889,Partial,D:/ML Projects/AIL721/Course Project/New/New_gym_dataset/New_gym_dataset/OHP\Test\Partial\PXL_20250420_135656982_Sports2D
43.094530144374154,38.724840317635866,145.52460697857651,132.30736810716408,45.636388058109574,143.4683631438502,91.26908179751628,75.25647717378565,-0.09757830552083138,0.9653158568007711,-0.3803757157189667,-0.8557219266136298,0.5979760504700301,0.9807246663802897,0.3079331993926392,-1.0368553377033556,0.9810871559863512,2.017580004083645,94.14794183915025,2.038321350606735,1.8428654274899203,0.5130157231623798,0.4623633972634285,Partial,D:/ML Projects/AIL721/Course Project/New/New_gym_dataset/New_gym_dataset/OHP\Test\Partial\PXL_20250420_135707224_Sports2D
42.63348712516204,40.98020859238656,143.14772739435978,135.78697484046495,46.6937396635304,145.6284418983551,90.67277321130757,75.35176669403145,-0.06530518165434705,0.9910399622761533,-0.35347835332894184,-0.9075722884798956,0.6228050393408326,0.9991201979338517,0.3184768420314712,-1.0832076921319733,0.9852844535587357,2.082327890065825,93.41025649561585,2.104448881161896,1.9203573249772932,0.5207022559186734,0.4939636513307528,Partial,D:/ML Projects/AIL721/Course Project/New/New_gym_dataset/New_gym_dataset/OHP\Test\Partial\PXL_20250420_135707224_Sports2D
43.449731661430114,41.49020158434015,142.72003170774306,138.28614628253735,46.42284470667454,147.42902269695492,90.12742363189534,74.06117888738527,-0.0610244299718425,1.0106590495389751,-0.3391572635684158,-0.9258175871306827,0.6243996391688105,1.0121834090819357,0.3161877720459888,-1.112977687649337,0.9872951751293195,2.1251610967312726,94.06419288384588,2.1473947569311522,1.9563485470365163,0.5357550627605492,0.5042019102384632,Partial,D:/ML Projects/AIL721/Course Project/New/New_gym_dataset/New_gym_dataset/OHP\Test\Partial\PXL_20250420_135707224_Sports2D
45.16814176469866,41.23933846236006,145.6236208784424,139.2235988348116,43.874859898683304,148.7220796119372,90.95699833661806,72.51725885042286,-0.08765954568467874,1.017018627153297,-0.35952507363546704,-0.910188695229242,0.5972024943191008,1.028458785485481,0.29632403093744564,-1.1167599470398293,0.9862899775006109,2.14521873252531,95.13717497567596,2.1662158849256934,1.9462885008992983,0.5508189454984062,0.5006619631590223,Partial,D:/ML Projects/AIL721/Course Project/New/New_gym_dataset/New_gym_dataset/OHP\Test\Partial\PXL_20250420_135707224_Sports2D
46.70055161694579,42.87791834425849,150.15077676030657,139.997924871606,40.148962741280634,150.29766437319327,93.15048564177359,72.58025397106523,-0.12180367622057868,1.0143407501402872,-0.41006717918741814,-0.8955557727488347,0.5618020058606251,1.0519676589974083,0.26093756002327356,-1.1060899001812696,0.9838858508574775,2.1580575591786775,94.80617881632988,2.1789290588491514,1.9315280415481084,0.563476710414276,0.5154915076439873,Partial,D:/ML Projects/AIL721/Course Project/New/New_gym_dataset/New_gym_dataset/OHP\Test\Partial\PXL_20250420_135707224_Sports2D
47.92259853198529,46.55224291974026,153.4574206713729,142.8047694784268,37.1076200398501,153.36981018964977,94.96978142816461,73.18243273009051,-0.14714848437979,1.0171514862719806,-0.4565671965530743,-0.901958983641392,0.5341318093607021,1.0763937385518596,0.2160672183328376,-1.1052643408424487,0.9830474049546275,2.181658079394308,93.86008358131784,2.2047215378483025,1.9438942705749456,0.577340107430001,0.5491838133683414,Partial,D:/ML Projects/AIL721/Course Project/New/New_gym_dataset/New_gym_dataset/OHP\Test\Partial\PXL_20250420_135707224_Sports2D
49.918368817809835,49.4203546336054,156.1847308988479,147.1837466219473,34.19605879977719,157.5645363205724,95.88557238241296,71.855818313033,-0.17471828037972348,1.0305174249989741,-0.4852085363589222,-0.9104092268015839,0.5036595971072585,1.100448317477238,0.17161288430265872,-1.125652294127188,0.9836319405305628,2.226100611604426,94.18397663406542,2.250728538156021,1.9656043515234067,0.6002709066735943,0.5756172980226794,Partial,D:/ML Projects/AIL721/Course Project/New/New_gym_dataset/New_gym_dataset/OHP\Test\Partial\PXL_20250420_135707224_Sports2D
53.517592866739385,50.363194374117505,161.06611708356525,150.94654654620138,29.539268902715964,161.55193253248257,96.94313823054466,68.81126184163494,-0.2246014473735842,1.0469477532887557,-0.5234177971880342,-0.8987673056150646,0.4536072160505725,1.1295381706936587,0.12810233450005415,-1.1513279949542299,0.9829180527921644,2.2808661656478884,95.42235725412482,2.3039756712062993,1.9685269369154001,0.6393888125510817,0.5932979660268746,Partial,D:/ML Projects/AIL721/Course Project/New/New_gym_dataset/New_gym_dataset/OHP\Test\Partial\PXL_20250420_135707224_Sports2D
58.77355089989977,53.197473315498435,168.29031368519856,154.9406436406636,22.891585776930718,166.1225431027929,98.3348633231695,67.07493021270555,-0.29702867796623633,1.066116167943483,-0.5953700935898122,-0.877105545232339,0.3820153202399563,1.1655999896228995,0.06784827537027781,-1.1576019879516857,0.9810164677450817,2.323201977574585,95.09588854531148,2.344348173946995,1.96599039337283,0.6975337433088006,0.6307676969945932,Partial,D:/ML Projects/AIL721/Course Project/New/New_gym_dataset/New_gym_dataset/OHP\Test\Partial\PXL_20250420_135707224_Sports2D
64.75689996199294,60.410042269281355,175.2108250290115,161.6330824584508,16.05338232933561,172.8972898167978,99.18971770867148,67.51275245248361,-0.37393982546841165,1.0926353782596705,-0.6825296477105895,-0.8632538809382053,0.30245987605625924,1.2020636574292205,-0.01686841341064593,-1.1388062305388642,0.9807368746440436,2.340869887968085,92.90073969330012,2.3625499759475086,1.9800834509275294,0.7649432907134244,0.6936196028525956,Partial,D:/ML Projects/AIL721/Course Project/New/New_gym_dataset/New_gym_dataset/OHP\Test\Partial\PXL_20250420_135707224_Sports2D
67.5762044719616,66.0813048837176,177.62008452629414,167.7830489402996,13.152039112430325,178.55517257902406,99.2717564156081,67.5261323046934,-0.4016636681681723,1.0979410502188465,-0.7088931995223582,-0.85851876403047,0.26048660468469265,1.206037187233091,-0.07759988487231134,-1.1196717500111903,0.9823783018981557,2.325708937244282,90.73896201894786,2.350154151369417,1.9804355555555406,0.7831264796827802,0.716728190287138,Partial,D:/ML Projects/AIL721/Course Project/New/New_gym_dataset/New_gym_dataset/OHP\Test\Partial\PXL_20250420_135707224_Sports2D
59.56274308554815,55.883302995679905,168.6297853809668,163.25361365588267,21.615895619000263,173.49929465584967,98.8213612954516,62.384008339830174,-0.26534666175666455,1.0106666331065117,-0.5470531685815919,-0.8609255906795802,0.3311243878914643,1.1032329520816537,-0.015194728013309178,-1.1391635082272635,0.9840541083721369,2.242396460308917,90.02870314994003,2.268981889581101,1.8926743005927016,0.6280941684956654,0.588182519715481,Partial,D:/ML Projects/AIL721/Course Project/New/New_gym_dataset/New_gym_dataset/OHP\Test\Partial\PXL_20250420_135707224_Sports2D
30.671458879992965,22.519802916291663,138.18372981386625,147.3678980846156,51.61458005596759,157.16620795444942,97.71396106403945,45.353594961842255,0.10804903575972315,0.7934310688071076,-0.12925111204733816,-0.8658079276972895,0.538272089508726,0.8517062586950578,0.2153028301517535,-1.2061351431920344,0.9854129189517908,2.0578414018870923,90.22038177467357,2.0830315354814544,1.676122133876339,0.30159973156581354,0.3757058561748251,Partial,D:/ML Projects/AIL721/Course Project/New/New_gym_dataset/New_gym_dataset/OHP\Test\Partial\PXL_20250420_135707224_Sports2D
0.4252357065835544,19.675637610306545,106.60842852795699,135.35191365112277,82.6518470751614,144.61218925424123,96.92291721825443,15.71217313545227,0.5417938347834175,0.5544834711953726,0.3482368986855108,-0.8493949924930889,0.7417554300275444,0.5787626390730027,0.4635615530563082,-1.2593411551185774,0.9869675226163859,1.83810379419158,90.4529153965556,1.8590366837170722,1.4171587872641105,0.4653494044743471,0.5571836795947945,Partial,D:/ML Projects/AIL721/Course Project/New/New_gym_dataset/New_gym_dataset/OHP\Test\Partial\PXL_20250420_135707224_Sports2D
10.692385578802403,33.81404371399386,103.49164627931776,135.86100234625175,85.27911837396401,144.63176699953354,105.41326720483842,1.554189286472616,0.6118314564329083,0.5237255353264523,0.42269083069183366,-0.7942063061802617,0.6877336641890853,0.5446513968802625,0.4340551382759774,-1.2130530700568283,0.9883063142873195,1.757704466937091,93.66595435079678,1.7759160418218114,1.3314347581323702,0.5364064624563081,0.5822067066790679,Partial,D:/ML Projects/AIL721/Course Project/New/New_gym_dataset/New_gym_dataset/OHP\Test\Partial\PXL_20250420_135707224_Sports2D
42.106100434099154,15.543992463796604,149.76552961014312,159.09236845664907,38.96631363133718,167.82421169812932,98.9275859345637,27.719780765667288,0.12281050117401579,0.7796542159404297,-0.12964596269487186,-0.741629273733343,0.333556055694034,0.8127600518011229,0.052117833826846836,-1.087548066018242,0.9884096680136261,1.9003081178193646,101.02619186297198,1.9210357662932618,1.542088752991602,0.2892774924556087,0.2531934739041865,Partial,D:/ML Projects/AIL721/Course Project/New/New_gym_dataset/New_gym_dataset/OHP\Test\Partial\PXL_20250420_135707224_Sports2D
97.9083904906941,94.62076310760514,160.11992364176834,158.27971814090458,10.62683860096696,149.02648038363995,92.71844811027287,63.64724349124509,-0.5348304494288237,1.0903794344772086,-0.881790490243163,-0.7421106569365284,-0.03603809545740371,1.1140628456885753,-0.3790980704572864,-0.9911329159217482,0.9869872814983628,2.105195761610324,100.31203091255459,2.132964917936765,1.8650472393618922,0.857193172746442,0.8390700023626164,Partial,D:/ML Projects/AIL721/Course Project/New/New_gym_dataset/New_gym_dataset/OHP\Test\Partial\PXL_20250420_135707224_Sports2D
112.33308955176828,123.81260707288762,147.69888564675162,141.64063506720456,22.309415067243112,131.64893578119927,89.97632551547484,75.46154285408689,-0.9176365447474778,1.2335599546309974,-1.3236650177833909,-0.7711830317025551,-0.217235886525733,1.2332705506708965,-0.6086799187593418,-0.9566028377845457,0.9848328999203827,2.1898733884554424,97.01416412528629,2.2245839808459977,2.0454470323548946,1.2482353752226307,1.267936419060283,Partial,D:/ML Projects/AIL721/Course Project/New/New_gym_dataset/New_gym_dataset/OHP\Test\Partial\PXL_20250420_135707224_Sports2D
118.51431413792989,130.13878890929072,142.75252882588592,138.13507768022944,26.824277697054512,127.71188420316986,88.30996355912461,77.8506731124606,-1.0404804363568794,1.2456488403834438,-1.4520657904920595,-0.7842845394374383,-0.2794094515433148,1.2231932446678868,-0.6829363704243496,-0.9498643165514187,0.9834983156204085,2.1730575612193057,94.41013719500356,2.2102065827958293,2.071239249881484,1.3591864952405726,1.3926776289319993,Partial,D:/ML Projects/AIL721/Course Project/New/New_gym_dataset/New_gym_dataset/OHP\Test\Partial\PXL_20250420_135707224_Sports2D
124.71167199596988,132.0879105219776,139.16850883748,135.53090152294527,30.751334109191212,125.45074446961648,86.03966211322133,77.53865499159404,-1.1160382101635757,1.256540198727387,-1.5066826969549056,-0.7763404844039631,-0.33502691251752226,1.2024698289316802,-0.7281205721662009,-0.9483925561766063,0.9845638547702041,2.1508623851082866,93.93696464059136,2.1864884232324897,2.070074150099229,1.4257019075722137,1.447318982238563,Partial,D:/ML Projects/AIL721/Course Project/New/New_gym_dataset/New_gym_dataset/OHP\Test\Partial\PXL_20250420_135707224_Sports2D
131.5486375165599,136.46319119930436,136.3849082336344,130.73759842674698,34.41790254254495,121.54040920292637,82.86926502598509,78.00360040223073,-1.214717234277508,1.2997147672500295,-1.5877213791788019,-0.7581870406240548,-0.4028401579305973,1.1981478330399908,-0.7879359357072923,-0.9281341569936884,0.9871441072243623,2.126281990033679,94.7957975920026,2.1608734019379803,2.0914329879211935,1.5251040199280737,1.5308484591882396,Partial,D:/ML Projects/AIL721/Course Project/New/New_gym_dataset/New_gym_dataset/OHP\Test\Partial\PXL_20250420_135707224_Sports2D
138.39363356731033,144.41184659409817,133.08760609291696,125.10252200545631,38.099059440793944,116.28918753916713,79.70542587348363,80.7010341332653,-1.2869888715194129,1.3278710172789618,-1.657742224097711,-0.7397154603089375,-0.4592517706129448,1.1775266652534027,-0.8436515067286755,-0.873012840312851,0.988192750238157,2.0505395055662534,95.35929569077958,2.086258713825718,2.100564659978927,1.5983042077114378,1.6000982625120128,Partial,D:/ML Projects/AIL721/Course Project/New/New_gym_dataset/New_gym_dataset/OHP\Test\Partial\PXL_20250420_135707224_Sports2D
145.61149930154465,153.37227701617218,128.5202878564525,120.52692239404816,42.30274542930891,111.3499556798096,76.69124612776426,84.72223269598176,-1.329802928293356,1.3315497897788509,-1.7091540360391242,-0.7303805358322135,-0.5053246435609904,1.1365183711990707,-0.8811640419416894,-0.8068668039053424,0.9872004586105382,1.9433851751044133,96.21953377230281,1.979394147761071,2.0965361744130466,1.6398100039938583,1.6465260227821261,Partial,D:/ML Projects/AIL721/Course Project/New/New_gym_dataset/New_gym_dataset/OHP\Test\Partial\PXL_20250420_135707224_Sports2D
152.92167589132455,160.25168497908066,124.47314569068604,117.01007291724609,46.23772543481016,107.72094404274233,73.3160495434856,87.97262902182301,-1.3891037002793762,1.3525641688451884,-1.7810695866900084,-0.7277675505165633,-0.5554759935413794,1.102718381541282,-0.9104638093811931,-0.7585861886336047,0.986886360856596,1.8613045701748867,96.03635014945473,1.8948538340327576,2.1169358324456353,1.7024794132321617,1.7164313146261068,Partial,D:/ML Projects/AIL721/Course Project/New/New_gym_dataset/New_gym_dataset/OHP\Test\Partial\PXL_20250420_135707224_Sports2D
159.22832114270915,164.6924594880385,122.30700317919877,113.64121169479942,49.066621428524925,105.01483630252318,69.83830028581579,89.70729579056172,-1.461155150914927,1.3980972831609884,-1.8671003699160427,-0.7217551569321626,-0.604350765858518,1.0835047687460986,-0.9404767091904445,-0.7264889961068751,0.9886874395687809,1.8099937648529736,91.9882246131952,1.8409394554377443,2.1583711192931463,1.7822818354282626,1.8064763330856317,Partial,D:/ML Projects/AIL721/Course Project/New/New_gym_dataset/New_gym_dataset/OHP\Test\Partial\PXL_20250420_135707224_Sports2D
163.97675881503213,168.37696852022302,120.6754081423098,110.72824138880273,51.24883825889968,102.65248779001222,67.27207944386754,91.02945631023523,-1.498852499536993,1.4240490493343931,-1.9154290915193122,-0.7135485766235757,-0.6379083560660462,1.0634152566085913,-0.9677372295330374,-0.6965191832958433,0.9900831955851184,1.7599344399044345,88.7313481328646,1.7905742985238673,2.1778107510729092,1.8234883234505272,1.8580807060538382,Partial,D:/ML Projects/AIL721/Course Project/New/New_gym_dataset/New_gym_dataset/OHP\Test\Partial\PXL_20250420_135707224_Sports2D
167.11229963383536,171.50173825644188,118.33098552675689,109.49595314931422,53.127904526071575,100.95484320214268,66.01560489223621,92.45658145858457,-1.5020634328904179,1.4187861964498552,-1.9188280964260809,-0.7111648594686556,-0.6565813090367706,1.0426291879530138,-0.9874028595789445,-0.6712051084155278,0.9889095549585737,1.7138342963685418,91.87080713410857,1.7454715390725173,2.1703419742935384,1.8273430313496861,1.8572551182633783,Partial,D:/ML Projects/AIL721/Course Project/New/New_gym_dataset/New_gym_dataset/OHP\Test\Partial\PXL_20250420_135707224_Sports2D
168.60127719497936,172.60559775660695,116.53874266480932,109.81936920015691,54.11487789008511,100.47298975505126,65.5136006951058,93.07858751165826,-1.516152561298197,1.4215179228267476,-1.921781781526021,-0.7123970926743814,-0.6673974689264399,1.0349612348554171,-0.9970784732979158,-0.6626635369242615,0.9867245790083045,1.6976247717796784,96.73129703245438,1.7293407502292284,2.172125308927599,1.8474339612788195,1.853567573637651,Partial,D:/ML Projects/AIL721/Course Project/New/New_gym_dataset/New_gym_dataset/OHP\Test\Partial\PXL_20250420_135707224_Sports2D
168.74230407532318,171.44754282259407,116.49890876595101,110.58271150122924,54.010360877528,101.09198114470831,65.26805680220484,92.53952396730239,-1.5389674720053086,1.438825545304988,-1.9338045545039262,-0.7135629525832169,-0.6659614838410514,1.0366978243498377,-0.9941108162058423,-0.6718855598724311,0.9863122909880967,1.7085833842222689,97.90525654671322,1.739810094571209,2.188303582128737,1.8770364500430579,1.864434229315916,Partial,D:/ML Projects/AIL721/Course Project/New/New_gym_dataset/New_gym_dataset/OHP\Test\Partial\PXL_20250420_135707224_Sports2D
167.48870491195882,169.63671162355152,117.3906216335593,111.57168620556311,53.22889376890404,102.19120160802653,65.74018885694515,91.82791323157805,-1.5167971768861594,1.428256523851291,-1.9144375186811324,-0.7168978190538474,-0.6420691076404149,1.0340400661614058,-0.9780618904160545,-0.6870143904719902,0.9866277345117813,1.7210544566333958,92.42015852862434,1.7535448647739218,2.1816977325714944,1.8516629075935622,1.8465286918710995,Partial,D:/ML Projects/AIL721/Course Project/New/New_gym_dataset/New_gym_dataset/OHP\Test\Partial\PXL_20250420_135707224_Sports2D
164.11476818887175,167.90283179156077,118.72871457853572,112.91769301709513,51.75687374386132,103.40328133949211,67.64210555498954,91.3061131310529,-1.4516754361005497,1.383139404809683,-1.8606004692994753,-0.7218568233781921,-0.6044866112705818,1.034681498301139,-0.9559781179369184,-0.701231502470355,0.9862440557110614,1.735913000771494,88.7396343506544,1.7711409389165123,2.1443481068758223,1.7737753099915292,1.7926056885699226,Partial,D:/ML Projects/AIL721/Course Project/New/New_gym_dataset/New_gym_dataset/OHP\Test\Partial\PXL_20250420_135707224_Sports2D
158.66338010148615,165.21819720263537,121.47941497376625,114.21943434719115,49.30273461341752,105.00158393437492,70.63935451193142,90.21978113701032,-1.4083656263198483,1.3506551594716263,-1.8206674199073871,-0.7270440623781674,-0.5767008844338961,1.0584217000377543,-0.9388119531924134,-0.7236613324560761,0.9870864064264167,1.7820830324938304,91.55200398535108,1.8185005803737984,2.118213120880602,1.7176012452017686,1.7561654895938985,Partial,D:/ML Projects/AIL721/Course Project/New/New_gym_dataset/New_gym_dataset/OHP\Test\Partial\PXL_20250420_135707224_Sports2D
153.24400876476824,161.2720736930067,125.44233723267752,115.2766521419707,46.48889500884817,107.2078843834964,73.24488624407995,88.47995807650305,-1.4129869099788703,1.356161355461829,-1.815140509867876,-0.738244514067085,-0.5693430982933783,1.1021712683316678,-0.9311724936395831,-0.7617014559319607,0.9901003166540427,1.8638727242636284,93.95812659198093,1.8986684922836108,2.1326658116594013,1.7150215352334424,1.7618251848280537,Partial,D:/ML Projects/AIL721/Course Project/New/New_gym_dataset/New_gym_dataset/OHP\Test\Partial\PXL_20250420_135707224_Sports2D
150.01606296891507,157.83151657920212,128.60770032529044,116.13487857075988,44.58631346368883,109.32889235973907,74.57025049477379,87.16040893894119,-1.4330670278989204,1.376210824094611,-1.8193034091398115,-0.7573659123152359,-0.5742205200152137,1.1391652444461973,-0.9289398270265958,-0.8015286851447603,0.9929531319479113,1.9406939295909575,90.07122390191313,1.9728453348191863,2.1682546511753067,1.7323261774636132,1.7792801018679532,Partial,D:/ML Projects/AIL721/Course Project/New/New_gym_dataset/New_gym_dataset/OHP\Test\Partial\PXL_20250420_135707224_Sports2D
149.1126766153158,156.33062472688889,129.77688123224723,116.68672702734749,44.00528378945893,110.46889204905366,74.89260717414314,86.79951677594256,-1.440659929697373,1.3854572380668493,-1.8160919965779403,-0.7735301302115906,-0.579334513550473,1.1529345733161775,-0.9278933328395573,-0.8231956592631496,0.9941172978673762,1.9761302325793273,83.62436156456148,2.006634980911632,2.191386705542424,1.738885259790132,1.7834967223266671,Partial,D:/ML Projects/AIL721/Course Project/New/New_gym_dataset/New_gym_dataset/OHP\Test\Partial\PXL_20250420_135707224_Sports2D
149.30077669181856,156.28803437522322,129.68061577707908,116.84769510975654,44.11334372230913,110.64165460914481,74.8125670304906,86.92968898436803,-1.4386977493212123,1.3846361898525592,-1.8116436060634844,-0.7786526604665751,-0.5806308917951523,1.151706670262121,-0.9274407573783545,-0.8260798761575079,0.9941395724399735,1.977786546419629,80.6635867644597,2.0079633228882248,2.1952009616379793,1.7366854008102273,1.7800047411792572,Partial,D:/ML Projects/AIL721/Course Project/New/New_gym_dataset/New_gym_dataset/OHP\Test\Partial\PXL_20250420_135707224_Sports2D
149.54815924591,156.56655260754846,129.41501506266695,116.80090387203043,44.267212300321916,110.48313123501931,74.71905305441192,87.0496838425678,-1.4364898022450567,1.3825213020588967,-1.810655557610776,-0.7773562836899828,-0.5801048694728725,1.14854696166178,-0.9274894349615448,-0.8228731556649532,0.9939268690377517,1.9714201173267334,80.82769552064399,2.001792525548116,2.1920472617872107,1.734594517475229,1.7778840667944147,Partial,D:/ML Projects/AIL721/Course Project/New/New_gym_dataset/New_gym_dataset/OHP\Test\Partial\PXL_20250420_135707224_Sports2D
149.60273636993495,156.67783977186238,129.33572052111202,116.75169644860269,44.30301822950274,110.3904351992175,74.7002818595678,87.06827497107986,-1.4360621303647902,1.3819018777714267,-1.8111643056525821,-0.7758739636818633,-0.5796596278225126,1.1476211929173532,-0.9275982889339452,-0.821123992465011,0.9938430582457383,1.9687451853823639,81.46765045273875,1.999254590306661,2.190136576532406,1.7342563339649342,1.777787395087325,Partial,D:/ML Projects/AIL721/Course Project/New/New_gym_dataset/New_gym_dataset/OHP\Test\Partial\PXL_20250420_135707224_Sports2D
149.57460602864052,156.66456348982575,129.35832373952974,116.74261592307539,44.28620977366581,110.38714943627089,74.7116037450253,87.05171292609661,-1.4363401107237765,1.3820882583156269,-1.8115500810702858,-0.7755798941559502,-0.5796013646863498,1.1478975443142851,-0.9276326223534711,-0.8211041023976678,0.993854258915201,1.9690016467119529,81.67199191020941,1.9995232534451157,2.1900489442105027,1.7345444268838484,1.7781710432717412,Partial,D:/ML Projects/AIL721/Course Project/New/New_gym_dataset/New_gym_dataset/OHP\Test\Partial\PXL_20250420_135707224_Sports2D
149.55287555825132,156.6372260430582,129.38260840440464,116.74941852814648,44.272525534095415,110.40455246664656,74.71964997584409,87.04177850970474,-1.4365145824494845,1.3822751185814939,-1.8115806212803387,-0.7757624549722544,-0.5796564383953173,1.1481810846287457,-0.9276132686531657,-0.8214429103908865,0.9938747221196044,1.9696239950196324,81.62237510871034,2.0001231555782226,2.1903882537929245,1.734705543870061,1.778319020546875,Partial,D:/ML Projects/AIL721/Course Project/New/New_gym_dataset/New_gym_dataset/OHP\Test\Partial\PXL_20250420_135707224_Sports2D
149.5481400024573,156.62755402980648,129.38854816084236,116.75545198029432,44.26919181203146,110.41319195316821,74.72105180957413,87.04074598297467,-1.436484127530019,1.3822965855247953,-1.811474082944847,-0.7758914062948665,-0.5796526864372509,1.148232375150576,-0.9275631123447424,-0.8215849195846703,0.9938797476338165,1.9698172947352464,81.56513165125078,2.0003054364504482,2.1905234248226146,1.7346695907888183,1.7782559528799902,Partial,D:/ML Projects/AIL721/Course Project/New/New_gym_dataset/New_gym_dataset/OHP\Test\Partial\PXL_20250420_135707224_Sports2D
149.54982263288414,156.6285265695226,129.3865048309367,116.75699840895821,44.270056287523076,110.41355952741797,74.72023365463895,87.04208609694057,-1.4364236490579378,1.3822638035238342,-1.8114130185888007,-0.7759047548132224,-0.5796273077278925,1.1481960338275714,-0.927534880206029,-0.8215758422498204,0.9938774745686704,1.9697718760773917,81.55410273459741,2.0002602137654684,2.190504177913341,1.7346102236822198,1.7781878190624933,Partial,D:/ML Projects/AIL721/Course Project/New/New_gym_dataset/New_gym_dataset/OHP\Test\Partial\PXL_20250420_135707224_Sports2D
149.56111230002895,156.6403279814141,129.37846238889028,116.74871279665632,44.27793247645046,110.40510766199698,74.7168201764215,87.04543564341107,-1.4365856514731425,1.3822963461158184,-1.8115975297934948,-0.7758672902982856,-0.5797751057101592,1.1481698396380615,-0.9276940685336181,-0.8214878748525319,0.9938771539658271,1.9696577144905936,81.55639244521849,2.00014977362808,2.190503182015837,1.7347674687364778,1.77836277027187,Partial,D:/ML Projects/AIL721/Course Project/New/New_gym_dataset/New_gym_dataset/OHP\Test\Partial\PXL_20250420_135707224_Sports2D
149.5875286090044,156.66662388263862,129.3616996624928,116.72756326643557,44.296672221052276,110.3859351499806,74.70914361204785,87.05255903261919,-1.4370709381226003,1.38242806907272,-1.8121093942682367,-0.775811080585518,-0.5801973914642947,1.1481609656028644,-0.9281289069012618,-0.8213254463171785,0.9938809659097242,1.969486411920043,81.54816523086146,1.999983266472985,2.190582130554711,1.7352363082999918,1.778876124698937,Partial,D:/ML Projects/AIL721/Course Project/New/New_gym_dataset/New_gym_dataset/OHP\Test\Partial\PXL_20250420_135707224_Sports2D
149.58795272694164,156.66704492490862,129.3615603690859,116.72698517423916,44.297003960978316,110.38554950430337,74.70905123403669,87.05259442921201,-1.437087972349575,1.3824346092379813,-1.8121261134364752,-0.7758101955419774,-0.5802099893440974,1.1481648080711664,-0.9281414551470594,-0.8213242284639446,0.9938813369080205,1.9694890365351108,81.5482233087756,1.9999858424318402,2.1905876482418134,1.7352527650166092,1.7788941178188962,Partial,D:/ML Projects/AIL721/Course Project/New/New_gym_dataset/New_gym_dataset/OHP\Test\Partial\PXL_20250420_135707224_Sports2D
149.45408902817698,156.53572981761363,129.44582456685183,116.8324753738971,44.20211734166855,110.4804172824174,74.74802831349153,87.01614710003102,-1.4346411424272763,1.3817653421200493,-1.809570499638111,-0.7760475134125029,-0.5780639612082069,1.1482039304878577,-0.9259485602328726,-0.8221064743169979,0.9938608422383167,1.9703104048048559,81.61373383445687,2.000786541718238,2.1901434524706542,1.7328915475326212,1.7763180433902257,Partial,D:/ML Projects/AIL721/Course Project/New/New_gym_dataset/New_gym_dataset/OHP\Test\Partial\PXL_20250420_135707224_Sports2D
149.19704324726433,156.28346964422278,129.60771340179465,117.03545292729622,44.01974214956949,110.66290847866031,74.82269890230518,86.94637812288306,-1.4299529570333067,1.38048111349088,-1.804676267636355,-0.7764986567886648,-0.5739529817744407,1.1482751835894827,-0.921749071072226,-0.8235995332518474,0.9938212198345538,1.97187471684133,81.73917511023755,2.0023116687091718,2.189287392944222,1.7283681616855493,1.7713835926238461,Partial,D:/ML Projects/AIL721/Course Project/New/New_gym_dataset/New_gym_dataset/OHP\Test\Partial\PXL_20250420_135707224_Sports2D
149.39714127170058,156.4798491529506,129.48165372391148,116.87745647418134,44.16172498938124,110.52083518747398,74.76458371768068,87.00068434042458,-1.4335992140455016,1.3814797292674588,-1.808482694698198,-0.7761481098003989,-0.5771507826830827,1.1482192690307607,-0.9250156136240557,-0.8224380764884075,0.9938520276189609,1.9706573455191683,81.64145290478253,2.001124762241037,2.1899533136546343,1.7318861483914698,1.7752211882470637,Partial,D:/ML Projects/AIL721/Course Project/New/New_gym_dataset/New_gym_dataset/OHP\Test\Partial\PXL_20250420_135707224_Sports2D
151.06345942123815,158.1082641183255,128.4392039523677,115.5717017721788,45.339257537930784,109.3501632624773,74.27579811669268,87.45842738080279,-1.4645038611156014,1.3899421924718929,-1.8407426835344431,-0.7731754801379046,-0.6042550034222709,1.147745015971836,-0.9527009127160002,-0.8125938145934306,0.9941102948373041,1.9603388305652667,80.7741155271894,1.9910657654446102,2.1955941603702502,1.761722960699109,1.8077680478909184,Partial,D:/ML Projects/AIL721/Course Project/New/New_gym_dataset/New_gym_dataset/OHP\Test\Partial\PXL_20250420_135707224_Sports2D
153.13784848934137,160.1189389425508,127.16015703551464,113.97094315675272,46.79263345534924,107.92373364761653,73.65478496600787,88.04267259016731,-1.5043736110065131,1.4008514976615052,-1.8823582376899615,-0.7693332275452781,-0.6392274225043899,1.1471237651724429,-0.9884202576897437,-0.7998836503756236,0.9944354303653649,1.9470074155480666,79.54127916758206,1.9780731817463042,2.2028559007637942,1.8002641699602102,1.8498085008583571,Partial,D:/ML Projects/AIL721/Course Project/New/New_gym_dataset/New_gym_dataset/OHP\Test\Partial\PXL_20250420_135707224_Sports2D
148.7131742011057,155.80786230973928,129.91324398217665,117.41866190769167,43.67588977302422,111.0077956628925,74.96271557191851,86.81565797263178,-1.4211879655650006,1.3780796118429768,-1.7955268213897184,-0.7773401993604876,-0.5662667821135106,1.1484077965031592,-0.9138978538211172,-0.8263892272327114,0.993746761010947,1.974797023735871,81.97044305272608,2.0051610027557967,2.1876846531226883,1.7199135596131339,1.7621609432747012,Partial,D:/ML Projects/AIL721/Course Project/New/New_gym_dataset/New_gym_dataset/OHP\Test\Partial\PXL_20250420_135707224_Sports2D
125.73026521495086,131.77182482113363,145.38806261574007,137.5115818142645,26.684460913792687,129.58410534379732,80.95419569884183,81.35593016493097,-1.0736889267423113,1.2825229158013682,-1.4326625151766077,-0.8103913630780787,-0.2617770760494873,1.1532632735171144,-0.6027446968152497,-0.9365576515618445,0.9904434371433829,2.089820925078959,88.19786475954488,2.1174537580094968,2.123476445814945,1.3876199812297352,1.3996489168346442,Partial,D:/ML Projects/AIL721/Course Project/New/New_gym_dataset/New_gym_dataset/OHP\Test\Partial\PXL_20250420_135707224_Sports2D
83.63002973240478,81.72241611330766,175.768878660043,178.68362887576586,5.766380010986851,171.31886977329023,90.60359025660836,73.04128588659789,-0.5982206265547187,1.1506604351099767,-0.9358183817872316,-0.8545821194635836,0.15407562311204548,1.1585858964381301,-0.17741244703263778,-1.0858526452110417,0.9848153248125026,2.244438541649172,92.26094190912558,2.2687857342394646,2.0334625511699813,0.9500281861612914,0.9230374365525655,Partial,D:/ML Projects/AIL721/Course Project/New/New_gym_dataset/New_gym_dataset/OHP\Test\Partial\PXL_20250420_135707224_Sports2D
56.182163948150595,51.08057754133981,165.33375162236229,152.5930248320305,26.01743943475787,163.94421588915063,97.80039661709154,67.13636165218918,-0.2868278438462771,1.063606183846142,-0.6102068586323435,-0.8828809523081207,0.42594698027924977,1.1612492161347978,0.10089281335107098,-1.182729545532618,0.9804391986071701,2.343978761667416,93.80373664869173,2.3664100757445414,1.9731665308376862,0.6907830474347298,0.6450719630004833,Partial,D:/ML Projects/AIL721/Course Project/New/New_gym_dataset/New_gym_dataset/OHP\Test\Partial\PXL_20250420_135707224_Sports2D
48.90689523959783,43.76446201179193,160.71034744667332,146.68298728521918,31.04230269169764,158.43563742359018,100.05080206870456,65.32882458820177,-0.19444053901002972,1.0376724645399122,-0.5135676871952761,-0.8911793981937762,0.5065360609822043,1.1619145067363572,0.18342502213095227,-1.211335498612806,0.9790360522650143,2.373250005349163,94.16734138195339,2.3951443236926955,1.9550733093876729,0.6231031460266607,0.5751944450163653,Partial,D:/ML Projects/AIL721/Course Project/New/New_gym_dataset/New_gym_dataset/OHP\Test\Partial\PXL_20250420_135707224_Sports2D
56.162301138630816,166.41718404325835,166.70700730789306,146.8822460457085,17.07548616140971,150.66473951501126,106.76221269995949,164.24755547175297,-0.4186403318641511,1.0172476323577777,0.47419805186998615,-1.5829529289416902,0.25447985322471933,1.2199902967277663,0.3713770832773879,-1.2184368050126233,0.9978216714800187,2.4384271017403893,106.89155539130856,2.4412274971612176,2.749218677815763,0.6874867516028776,1.196821378547213,Partial,D:/ML Projects/AIL721/Course Project/New/New_gym_dataset/New_gym_dataset/OHP\Test\Partial\PXL_20250420_135712786_Sports2D
62.327732029182485,70.77791124259566,164.50255637787794,157.72903042157418,15.786352426854394,158.01793922630645,101.88591554396311,92.75997201628923,-0.47579667762853656,0.9997590014506763,-0.16559532892742373,-1.1951183565833048,0.18301428854101576,1.1384231152783497,0.26960540759399865,-1.174138246469971,0.9999872870782347,2.3125613617483207,97.4070296015191,2.314181944824152,2.216689309205559,0.6917755412942321,0.7139968768023381,Partial,D:/ML Projects/AIL721/Course Project/New/New_gym_dataset/New_gym_dataset/OHP\Test\Partial\PXL_20250420_135712786_Sports2D
65.32389961819862,63.70448284337025,165.23755975536076,165.50803857420303,13.276258765872356,164.02185709543608,101.39984161592903,79.68262574793421,-0.5109029565773231,0.9674573040909888,-0.48183578243706604,-1.0198070724768695,0.1277540323306281,1.096231304719877,0.1972513049206794,-1.143430849745886,0.9996636092240683,2.239662154465763,90.4820453694485,2.2407401538428497,1.9874769440142293,0.683090698726887,0.7177778129947573,Partial,D:/ML Projects/AIL721/Course Project/New/New_gym_dataset/New_gym_dataset/OHP\Test\Partial\PXL_20250420_135712786_Sports2D
67.2083838560032,68.98502017498002,169.82510005100153,171.18084018684496,8.265030339806957,169.2709705776535,104.52658580418984,79.71404959732655,-0.5524905118103997,0.9287434474878992,-0.5736989729142599,-1.0051720147882606,0.0690505142026125,1.0897926134503024,0.13686804835460684,-1.134123942266828,0.9994444898962667,2.2239165557171305,89.22777103058736,2.224950351071053,1.93403175104578,0.6864179458872672,0.7771792072600014,Partial,D:/ML Projects/AIL721/Course Project/New/New_gym_dataset/New_gym_dataset/OHP\Test\Partial\PXL_20250420_135712786_Sports2D
72.20283065075877,75.84147575028928,178.03208797929923,176.5214289492676,0.6104793057635411,175.1639962343307,107.18669004347757,80.67747951595867,-0.6308614052311928,0.9094145200084751,-0.6156238238907366,-1.033337952524778,-0.005419571188859188,1.102861906449622,0.0664529749508369,-1.1453076136184608,0.9997193655073197,2.2481695200680827,89.77725254867711,2.249318086410136,1.9428122280393376,0.7422377063061143,0.8235993241008237,Partial,D:/ML Projects/AIL721/Course Project/New/New_gym_dataset/New_gym_dataset/OHP\Test\Partial\PXL_20250420_135712786_Sports2D
80.50729013276023,81.40939443503652,172.48512062846058,178.19855663020326,7.725181947350294,178.40885920601394,107.21789181459002,79.8182536410508,-0.7415719597382953,0.9233716451726243,-0.6847405748227697,-1.0473001747949333,-0.08679287433880112,1.1262837132799493,-0.016700419383181515,-1.1672798647186478,0.9999932638238411,2.2935635779985972,88.12092279767934,2.2946343583593953,1.9714911179930947,0.8523243679028898,0.8780247756510275,Partial,D:/ML Projects/AIL721/Course Project/New/New_gym_dataset/New_gym_dataset/OHP\Test\Partial\PXL_20250420_135712786_Sports2D
88.63213690494331,86.98354000574804,164.6949093452682,172.47015981979095,14.770669610262555,171.9357387753217,106.13853270531925,78.91927878106969,-0.8593733992079342,0.9534123443511507,-0.781641673565606,-1.0548416488808299,-0.1676643243036674,1.153567952904914,-0.10213423935979962,-1.1879182828428478,0.9999565000564044,2.341486235747762,86.19136907367691,2.342403036249094,2.009757777072533,0.9757881305560806,0.9547608405142322,Partial,D:/ML Projects/AIL721/Course Project/New/New_gym_dataset/New_gym_dataset/OHP\Test\Partial\PXL_20250420_135712786_Sports2D
94.95741191328068,93.98475396439655,159.3150208203116,165.7328260065473,20.403922392733175,165.4517692195921,105.44651047945248,79.43652318398867,-0.9690352931773726,0.9724822979245505,-0.8852191353448615,-1.0642634596531393,-0.24746655979352608,1.1718657633923535,-0.18287987690199212,-1.1952393482968564,0.9999879687147712,2.36710511168921,87.28886329902016,2.3679860745773227,2.0384696292377087,1.0802935135931417,1.0477006572595968,Partial,D:/ML Projects/AIL721/Course Project/New/New_gym_dataset/New_gym_dataset/OHP\Test\Partial\PXL_20250420_135712786_Sports2D
100.27592762273667,101.07140073300222,155.01825676681133,159.12816602078942,25.256468445366483,159.40289123296716,104.98054082262982,80.4742919659694,-1.062171823758348,0.9690557031039183,-0.9661707217870376,-1.062701037817883,-0.3176704912311098,1.1682732520306773,-0.25399045382290897,-1.1822076632128287,0.9999885046832558,2.350480915243506,89.41776235480374,2.3513433777498896,2.0340235165456875,1.1589393557334415,1.1201621189759072,Partial,D:/ML Projects/AIL721/Course Project/New/New_gym_dataset/New_gym_dataset/OHP\Test\Partial\PXL_20250420_135712786_Sports2D
106.03177781860344,106.8446258081398,150.10030671587538,154.3391539207515,30.07495185808309,154.51441249470994,104.04317403947967,81.35903830284973,-1.1397873129589038,0.9551004299724177,-1.0208061702905078,-1.0545889114501557,-0.3757474525468397,1.1462085934976867,-0.3140235161409194,-1.161996641786083,0.9999953217551506,2.3082052352837694,88.56352205139461,2.309030370635442,2.013208325369775,1.2258668637780477,1.16307416300461,Partial,D:/ML Projects/AIL721/Course Project/New/New_gym_dataset/New_gym_dataset/OHP\Test\Partial\PXL_20250420_135712786_Sports2D
113.21927291743614,111.78309528353634,144.04418053339793,151.25464770634295,35.437667282497685,150.7364955222385,102.21839436506154,82.51959080577484,-1.2265740832633396,0.9531484368291662,-1.085524303034779,-1.062215550686129,-0.43929943775968094,1.1236278218562294,-0.37205632518322734,-1.1558972229436169,0.999959108179485,2.2795250447998465,85.25389933619275,2.2805166226227582,2.020293801078466,1.3118531884249263,1.2184728188425085,Partial,D:/ML Projects/AIL721/Course Project/New/New_gym_dataset/New_gym_dataset/OHP\Test\Partial\PXL_20250420_135712786_Sports2D
121.51881563872769,116.96035061205501,137.87347328761643,148.23108325003747,41.002348086393454,147.10690462404736,99.48353244766578,84.06725523610234,-1.3443970186550502,0.9721661362188411,-1.1844015485162294,-1.0825917672159762,-0.520417273897939,1.109809613871455,-0.4369066463658227,-1.1602696349993056,0.9998075218416781,2.2700792488707604,83.00519921711474,2.271614804729104,2.0609775816812728,1.4341922929589528,1.3111793816269703,Partial,D:/ML Projects/AIL721/Course Project/New/New_gym_dataset/New_gym_dataset/OHP\Test\Partial\PXL_20250420_135712786_Sports2D
129.72953734128745,123.08987349297179,132.46951763244178,144.2450765975988,46.178978444780064,142.89357267482063,96.4494411034926,85.98344616779238,-1.4710113236518367,0.9930404394824769,-1.2867030895753537,-1.0921901153269344,-0.6042143745810313,1.0910247474272095,-0.5015762627047595,-1.1473194830561912,0.9997218114673773,2.2383442304834005,82.64122822695929,2.240696203448351,2.0933599766545545,1.5626691023895292,1.405791457315222,Partial,D:/ML Projects/AIL721/Course Project/New/New_gym_dataset/New_gym_dataset/OHP\Test\Partial\PXL_20250420_135712786_Sports2D
137.36885958284776,130.87681309357404,127.48846825475722,139.57104652942274,51.035070144704136,138.09458492888413,93.66621056185637,88.97139802245819,-1.5602782074818635,0.991084091713461,-1.3498530127470831,-1.083739626250582,-0.6654155462909094,1.048422343849954,-0.5497825601249354,-1.098104427264187,0.9996679946977922,2.146526771114141,82.36987574306391,2.1496390782174015,2.085466907722418,1.6480786558151637,1.4589154345139594,Partial,D:/ML Projects/AIL721/Course Project/New/New_gym_dataset/New_gym_dataset/OHP\Test\Partial\PXL_20250420_135712786_Sports2D
145.19741126411475,140.72632051406083,122.35074702495965,134.53407675620406,55.85086021854457,132.7356839997082,90.65344895442982,93.46200451376903,-1.6194256059503997,0.9781398429517079,-1.395668047342311,-1.0775598357020684,-0.7049546941320336,0.9885696857058958,-0.5882004429446984,-1.0287104519118986,0.9995074410973857,2.0172801376177945,81.11439692586433,2.0206560095171033,2.067841534995245,1.7036609922269896,1.4960600130469597,Partial,D:/ML Projects/AIL721/Course Project/New/New_gym_dataset/New_gym_dataset/OHP\Test\Partial\PXL_20250420_135712786_Sports2D
153.67818892753698,151.49866707080642,117.31402006827486,129.01023454234388,60.58722995890745,126.91148456952624,86.90904103137046,98.41015164033266,-1.700403335977695,0.9841627754495995,-1.4805828083994883,-1.0957657103173122,-0.7500587949600014,0.9328443538004734,-0.6480396737720603,-0.9726757061079739,0.9993291929999167,1.9055200599084474,78.29962037036958,1.908249092702903,2.091512268730308,1.7856979848196435,1.5791059231752578,Partial,D:/ML Projects/AIL721/Course Project/New/New_gym_dataset/New_gym_dataset/OHP\Test\Partial\PXL_20250420_135712786_Sports2D
161.94047231182182,161.03419445850045,113.00981592911482,123.25564712259586,65.01480865107911,121.28027170278986,83.07433633925733,102.31446616129031,-1.7909890675621016,1.0028736551911663,-1.588274714584948,-1.1208926126931196,-0.8057229974597891,0.8831955570053291,-0.7320469194268596,-0.9339782905173709,0.9994057338252095,1.8171738475227,75.22936257251601,1.8186668074704524,2.1334189156155183,1.87692703002208,1.6893911695839263,Partial,D:/ML Projects/AIL721/Course Project/New/New_gym_dataset/New_gym_dataset/OHP\Test\Partial\PXL_20250420_135712786_Sports2D
169.09504638476602,168.24169930291728,109.27146841969261,118.18815546428117,69.04609592465344,116.50571980862719,79.9510495398874,104.74741911154446,-1.8207771360954634,1.002121501864462,-1.6378723396504167,-1.1107665063762995,-0.8460431695144807,0.8293908226822023,-0.794840197349615,-0.8888552721509836,0.999568907506179,1.718246094833186,74.39272900455931,1.7190088384787352,2.1207899235733407,1.9029569310962855,1.7343738723477309,Partial,D:/ML Projects/AIL721/Course Project/New/New_gym_dataset/New_gym_dataset/OHP\Test\Partial\PXL_20250420_135712786_Sports2D
174.54889331238414,172.61358015950054,106.00530923094931,115.02315196621787,72.30360006528628,113.33206126245342,77.75470675290208,105.94564142195397,-1.8058255480639944,0.9849019026655241,-1.6273524167191509,-1.0764764496408394,-0.867180523943958,0.7811828319249141,-0.8110100583208921,-0.843231992095123,0.9995644610338035,1.6244148240200371,74.5961074360828,1.6253856901376855,2.069089985952601,1.8841061841588655,1.712613597844951,Partial,D:/ML Projects/AIL721/Course Project/New/New_gym_dataset/New_gym_dataset/OHP\Test\Partial\PXL_20250420_135712786_Sports2D
177.1716207761955,173.89191596614455,104.31326245561135,114.27655813905021,73.86595259920374,112.45577319386523,76.6943318230081,106.3476891600098,-1.8227051588843863,0.9820641601056986,-1.63163267531706,-1.06893727612107,-0.8839946703790702,0.7600643469937612,-0.8097532766013579,-0.8278601674788626,0.9994950998520693,1.5879245144726237,75.1420316245706,1.589659098112918,2.0598824202805495,1.9008022602446553,1.7130709536033188,Partial,D:/ML Projects/AIL721/Course Project/New/New_gym_dataset/New_gym_dataset/OHP\Test\Partial\PXL_20250420_135712786_Sports2D
176.14265841356988,173.3218921175026,105.04586613250405,114.93385730694132,73.1436794155877,113.12340285503305,77.00102100201786,106.44529497253569,-1.8552287317794407,0.996820495826206,-1.6587174459443619,-1.090119022250189,-0.8872229213505153,0.7733569144259466,-0.8153722161074118,-0.8411843996673171,0.9995008123754913,1.6145413140932636,78.49682785332612,1.6161392819797227,2.096171089765693,1.9359272561362113,1.7457732151508958,Partial,D:/ML Projects/AIL721/Course Project/New/New_gym_dataset/New_gym_dataset/OHP\Test\Partial\PXL_20250420_135712786_Sports2D
172.2712087182006,171.97711609154217,107.5188016526923,115.88102131450867,70.64844587064735,114.04826883784834,78.37723715244675,106.02538492939053,-1.831887034585121,1.0081993975553727,-1.6502685742787555,-1.0953767479275534,-0.8661856771384397,0.8095695186925143,-0.8098055371996599,-0.8539748141095245,0.9994884414610561,1.6635443328020385,83.84292941393646,1.664499464516975,2.1114018719724723,1.9165542260920005,1.7394370114547073,Partial,D:/ML Projects/AIL721/Course Project/New/New_gym_dataset/New_gym_dataset/OHP\Test\Partial\PXL_20250420_135712786_Sports2D
167.63932289361685,168.7144605542693,110.16910117626077,117.68991530602351,67.73884801061864,115.59786449290291,80.09952511700179,104.31232504717221,-1.7753814676585777,1.0146416719298084,-1.609417512284899,-1.0757366817253595,-0.8417092918684683,0.851681817230168,-0.7779045456947681,-0.8635961833103631,0.9993334680900158,1.7152780005405313,86.30739290248798,1.7164642917266333,2.0969562932768455,1.8660980970680012,1.6922359711961805,Partial,D:/ML Projects/AIL721/Course Project/New/New_gym_dataset/New_gym_dataset/OHP\Test\Partial\PXL_20250420_135712786_Sports2D
163.8365541087121,162.83994158747007,112.25393645793417,120.92435552744993,65.44700598254927,118.62529796793342,81.61045187383719,101.46523955540347,-1.7594636840974427,1.0262334398826773,-1.5960282595955302,-1.0680420532715535,-0.833925396093384,0.8897343495288337,-0.7455008014885813,-0.8955375802904919,0.9991950550946673,1.7852719298193256,83.41944999893184,1.787460425389005,2.1006429918499996,1.8558129389192286,1.6753544255364041,Partial,D:/ML Projects/AIL721/Course Project/New/New_gym_dataset/New_gym_dataset/OHP\Test\Partial\PXL_20250420_135712786_Sports2D
160.49923961622753,156.52118277424006,114.22032516749698,124.3571083467754,63.699959566901974,122.2773930811743,83.20071995067445,98.7985758554144,-1.7697059991905422,1.030292463864864,-1.6064071714226904,-1.0853408165024379,-0.8284014498602417,0.9180606880689989,-0.7308271497049362,-0.9498161525834115,0.9993413043201275,1.8678768406524104,79.42288472945918,1.870423651448096,2.121926173114433,1.8649317787221336,1.692804303941773,Partial,D:/ML Projects/AIL721/Course Project/New/New_gym_dataset/New_gym_dataset/OHP\Test\Partial\PXL_20250420_135712786_Sports2D
156.35404549226993,151.85473944409966,116.2547425923516,127.20530123438103,61.85363423446928,125.31367806120187,85.4995887421994,97.1684175053015,-1.7337016681267547,1.009128931294837,-1.5761744907542012,-1.1002962461794026,-0.7980021977148624,0.9354810280282563,-0.7106173960946618,-0.9914356480677684,0.9994550526533984,1.9269166760960248,79.80311608035048,1.9288970890566335,2.115298889276216,1.8228306336449152,1.6713028394703313,Partial,D:/ML Projects/AIL721/Course Project/New/New_gym_dataset/New_gym_dataset/OHP\Test\Partial\PXL_20250420_135712786_Sports2D
150.82678121216853,148.34567421844739,118.50454583725521,130.25828608441742,59.28255699965362,128.04538892132624,88.45577578748511,96.39106313977359,-1.652388681028538,0.9770729275814809,-1.5006410979881286,-1.102485292228577,-0.742985646056146,0.9525569452662827,-0.6709094251925619,-1.0095470187293392,0.9992542500773036,1.9621039639956215,82.79690266085888,1.9634273470493648,2.0850874606448007,1.738539282921679,1.5993093965391514,Partial,D:/ML Projects/AIL721/Course Project/New/New_gym_dataset/New_gym_dataset/OHP\Test\Partial\PXL_20250420_135712786_Sports2D
144.4445791892208,144.03261281321394,121.82048940791665,133.76916698470825,55.65726239725796,131.24691878988293,91.21268320803715,95.27953160309684,-1.5863322594176594,0.9647286093111078,-1.4389998069598926,-1.1086634534421194,-0.6867524912941761,0.9837713418713854,-0.6315934886641686,-1.0340535450806283,0.9990312086703449,2.0178248869520137,83.33549307259146,2.0185786558799346,2.078620094542363,1.6742662774066215,1.5423810114094527,Partial,D:/ML Projects/AIL721/Course Project/New/New_gym_dataset/New_gym_dataset/OHP\Test\Partial\PXL_20250420_135712786_Sports2D
138.27457140207812,137.73232689651843,126.18266042670265,137.33694671533578,51.473882071536856,134.9934892135753,93.19931066945874,92.72581611009375,-1.5396856677711028,0.9754018499493595,-1.4052011413568235,-1.1175818609449668,-0.6403240764938902,1.0256731150761778,-0.6002526974645955,-1.07925795105011,0.9991636686846579,2.1049310661262877,80.58894984415521,2.1053124491535358,2.097299907479581,1.6310768945913967,1.5164016926895365,Partial,D:/ML Projects/AIL721/Course Project/New/New_gym_dataset/New_gym_dataset/OHP\Test\Partial\PXL_20250420_135712786_Sports2D
132.40911991863342,130.36029066563603,130.66643057316307,140.75799952919047,47.44571246385238,138.87014256620586,95.03659254521898,89.2304332318419,-1.4562503339631254,0.979379167283818,-1.3518179996574875,-1.1081727327877349,-0.5892130825608459,1.0557931097368183,-0.5571316441851464,-1.1188471837585037,0.9994572202707508,2.174640293495322,77.88330272237515,2.1748769217548087,2.0901624453474605,1.5488624163285043,1.467431104424815,Partial,D:/ML Projects/AIL721/Course Project/New/New_gym_dataset/New_gym_dataset/OHP\Test\Partial\PXL_20250420_135712786_Sports2D
125.59809885976969,123.52755195190736,135.37665701640714,144.14782867793232,43.14877111471074,142.67325680905014,97.55067225494105,86.2008087609575,-1.3332728404061327,0.9618031696607622,-1.2660005085877877,-1.0806169022432026,-0.521089684172989,1.0694599385918095,-0.49478465580275244,-1.1318300685220712,0.9996688439780098,2.2012900071138812,78.45727103337266,2.2014471717343094,2.0435276647856946,1.423202951908906,1.3811780353786132,Partial,D:/ML Projects/AIL721/Course Project/New/New_gym_dataset/New_gym_dataset/OHP\Test\Partial\PXL_20250420_135712786_Sports2D
117.94013486423519,117.58649757994166,140.47756525397128,148.08528532518147,38.152393310475276,146.715243889628,100.21225844624006,84.30174146956966,-1.2374961915973484,0.9452131463854406,-1.1914015850540673,-1.063163278929635,-0.4494346381206368,1.0871818713926371,-0.4315394626192659,-1.1389842761580722,0.999714128111506,2.226166147550709,80.57577612210639,2.2262380721313235,2.008905318454242,1.3264500140282376,1.3070611237117638,Partial,D:/ML Projects/AIL721/Course Project/New/New_gym_dataset/New_gym_dataset/OHP\Test\Partial\PXL_20250420_135712786_Sports2D
111.41275076781653,111.62244513697259,144.97425811664442,153.0257554183404,33.328058578467214,151.32807211345195,101.91530781065069,82.95051725042454,-1.1868561497886019,0.9468944006257631,-1.1396832848671303,-1.070444152921399,-0.3897970793587226,1.1150835126128504,-0.3783622831509894,-1.1645901062585655,0.9995610588259424,2.279673618871416,80.3120236267277,2.2797022970428857,2.0178900165303,1.2821541844011208,1.2613446486044184,Partial,D:/ML Projects/AIL721/Course Project/New/New_gym_dataset/New_gym_dataset/OHP\Test\Partial\PXL_20250420_135712786_Sports2D
105.95993110223448,105.47995523888918,149.2665436350941,157.95219355395807,28.908212760313738,156.12694994936578,102.94828165807927,81.60690518825494,-1.1234377994663751,0.9575836298328908,-1.0716849760553389,-1.0849235516978535,-0.33677764287327056,1.138450662335723,-0.3237509074270102,-1.1952767423193043,0.9994926242785802,2.333727404655027,79.96044307010337,2.333763761625044,2.043162730018262,1.2279103702479963,1.2070875459184698,Partial,D:/ML Projects/AIL721/Course Project/New/New_gym_dataset/New_gym_dataset/OHP\Test\Partial\PXL_20250420_135712786_Sports2D
99.8449740311036,100.01681246713207,155.11136989747564,161.93006573755602,23.955571470638723,160.9970071056703,104.11059743953513,81.0138195728024,-1.0250515607800461,0.9678367022121789,-0.9767220717817149,-1.0928397244289279,-0.28266287440663046,1.1544578337956375,-0.2518095839610814,-1.2074753570477688,0.9998674032096777,2.3619331908434065,83.13717046770063,2.3621346963158203,2.06124308969641,1.134205618464076,1.1356428527404943,Partial,D:/ML Projects/AIL721/Course Project/New/New_gym_dataset/New_gym_dataset/OHP\Test\Partial\PXL_20250420_135712786_Sports2D
93.23425655521922,95.01290262856105,161.9294308403789,166.15432262714867,18.532019273945135,166.6157727414727,105.29776271872592,81.62867537003375,-0.9349937610393613,0.9748414593472214,-0.8894243619948213,-1.098670820685583,-0.22802934903577052,1.168215365860494,-0.16383268764714934,-1.2054458421711463,0.9999675681361743,2.37366120803164,87.02496401282035,2.374529162138817,2.074012956945091,1.0450785458508904,1.0754911756372425,Partial,D:/ML Projects/AIL721/Course Project/New/New_gym_dataset/New_gym_dataset/OHP\Test\Partial\PXL_20250420_135712786_Sports2D
87.2584051068509,88.80986259396704,167.76573117859158,171.80328110387683,13.14689241054651,172.71590469301486,105.88848730369561,81.52576728698187,-0.856132960654492,0.9655613238315619,-0.8167387433418539,-1.0858282822478802,-0.1628141249200796,1.16290778217359,-0.08093807641304633,-1.1954561531981507,0.9998731475272107,2.3583639353717407,89.25933228136499,2.3597847653930666,2.051767828066432,0.9675729026715368,1.0116340196624514,Partial,D:/ML Projects/AIL721/Course Project/New/New_gym_dataset/New_gym_dataset/OHP\Test\Partial\PXL_20250420_135712786_Sports2D
81.66894209569969,81.47897985216765,173.07155565597768,178.06218263486386,7.098774630713074,178.2325129215548,105.4298325350134,79.71149277372236,-0.748081095954761,0.9430970280960017,-0.7192974615001586,-1.0448195716812343,-0.07964351080217537,1.1275899132440008,-0.019247174279919392,-1.1718952173942527,0.9999955811610396,2.2994851306382538,90.48325286757542,2.3002781535048618,1.9881249722495578,0.868182330750649,0.9035265145711697,Partial,D:/ML Projects/AIL721/Course Project/New/New_gym_dataset/New_gym_dataset/OHP\Test\Partial\PXL_20250420_135712786_Sports2D
76.96775629493713,75.56713534156316,179.95480141139365,175.67110014288372,0.3949661985146161,176.111264929998,102.6372775065481,79.45587041156523,-0.6092488421766462,0.9494562122989048,-0.5459881346065333,-1.034952334334947,0.00789344244392289,1.0878255018627196,0.039937143014966044,-1.1440140177933837,0.9999704910880679,2.231839519656103,91.5093890908366,2.2320695419822996,1.9854166306031957,0.7601996167654975,0.7616516044342395,Partial,D:/ML Projects/AIL721/Course Project/New/New_gym_dataset/New_gym_dataset/OHP\Test\Partial\PXL_20250420_135712786_Sports2D
75.52418554606433,74.36606358636627,172.28994775995443,168.48673447949776,8.02848685211761,168.8051690915698,96.44732760181809,85.5608944947965,-0.4917931851577969,1.0034835483316158,-0.3209798651641907,-1.0983466021897053,0.08295618140277912,1.068432792996085,0.12245549390760559,-1.1327715548827706,0.9999845558448556,2.2012043478788557,92.35493388982387,2.2015587152763225,2.1087596287694144,0.7057655129208018,0.6777018387203064,Partial,D:/ML Projects/AIL721/Course Project/New/New_gym_dataset/New_gym_dataset/OHP\Test\Partial\PXL_20250420_135712786_Sports2D
75.24209128390423,72.97752079491814,167.0539423365422,161.37718423809784,13.129398650064513,161.56052522470452,91.62851006603128,91.41699557021361,-0.46976683494051436,1.0532589607505682,-0.21704834376973042,-1.1606378787521463,0.13465537344717787,1.0704429977804533,0.21510727017032352,-1.1499479558007124,0.9999948803119794,2.220390953581166,92.61594003627454,2.2218479908471305,2.228274186840512,0.7268321369931171,0.6948840189766864,Partial,D:/ML Projects/AIL721/Course Project/New/New_gym_dataset/New_gym_dataset/OHP\Test\Partial\PXL_20250420_135712786_Sports2D
70.77822772927898,62.81722837703915,164.26812799869876,157.31925750734374,15.887944633176762,157.4753301392193,93.33382763754429,85.34189823781985,-0.5094871073741388,1.037766519810554,-0.30670129647808564,-1.1334520160093153,0.16562048625888914,1.0770929035415187,0.28120870590921787,-1.1813542203709366,0.9999962899652368,2.2584471239124553,92.25062607861382,2.261403114889155,2.18066779115677,0.7417288077157899,0.703204024043763,Partial,D:/ML Projects/AIL721/Course Project/New/New_gym_dataset/New_gym_dataset/OHP\Test\Partial\PXL_20250420_135712786_Sports2D
58.05170305468275,52.18951562858638,157.1188188871675,158.56844162704476,20.903859006443167,156.59111952065538,101.0444379388741,75.598396107931,-0.36404861206827954,0.9318577866238291,-0.26922940003767654,-1.0158136297320512,0.18903760120013027,1.0398120981445729,0.3044650616773995,-1.1631304500570376,0.9994045620933689,2.2029425482016105,93.33841942613952,2.205964498651154,1.949978109892474,0.5540995352901679,0.5902901804147594,Partial,D:/ML Projects/AIL721/Course Project/New/New_gym_dataset/New_gym_dataset/OHP\Test\Partial\PXL_20250420_135712786_Sports2D
1.2918205688014561,12.421062826072575,137.02537150260085,166.4610659815295,34.194551666339216,157.68098915046943,144.5136277648591,34.74007367560317,0.08220391089909009,0.7358530169733445,0.15599638723801196,-0.8250030717042154,0.20379247956780694,0.906399692429548,0.29361014042930184,-1.0234458764030723,0.9882815186847733,1.9298455688326202,96.73652609736426,1.9319345567967694,1.56259945575507,0.28905880689813623,0.34032046882590006,Partial,D:/ML Projects/AIL721/Course Project/New/New_gym_dataset/New_gym_dataset/OHP\Test\Partial\PXL_20250420_135712786_Sports2D
103.72127477114248,78.31838299113491,110.06878336538408,175.7067167930205,53.27779294437407,159.05329310277855,129.55651817323158,57.371676093913436,0.4314046035145154,0.56444469059603,0.5706456297427364,-0.6433093715673341,0.21302027131153883,0.7448289415197058,0.2779178701968603,-0.8307205420825753,0.9580557765725538,1.5755494836022812,99.4480157962571,1.5768854979422238,1.2157540615014186,0.5810085651379946,0.45784328118129836,Partial,D:/ML Projects/AIL721/Course Project/New/New_gym_dataset/New_gym_dataset/OHP\Test\Partial\PXL_20250420_135712786_Sports2D
96.17717268699937,84.219477381826,103.99404165987987,172.44525969074584,57.92856558955928,154.367866940185,141.75139290255993,58.58734432201097,0.35154172315936794,0.595780544785765,0.5313929389903802,-0.6359004460057243,0.24757475829692158,0.7276686056793253,0.30000189155521556,-0.7772123077529768,0.9506382415236095,1.504880913432302,100.06530815428998,1.5057938663424428,1.2447427537097768,0.5208148863857258,0.4090777427676857,Partial,D:/ML Projects/AIL721/Course Project/New/New_gym_dataset/New_gym_dataset/OHP\Test\Partial\PXL_20250420_135712786_Sports2D
35.465657246937766,37.01600184944277,122.88172070431371,157.884787967536,46.13655067510435,146.90305934695408,98.39779207795789,70.1129425024887,0.017663981900456597,0.8418731284022429,0.1761294325981949,-0.8378581527200429,0.31578369025785685,0.885883878236843,0.3662700298591311,-0.9066395130200429,0.9816879817074158,1.792523391256886,98.02718422388497,1.793234223042105,1.687189519836332,0.36874186811649345,0.3563153642532097,Partial,D:/ML Projects/AIL721/Course Project/New/New_gym_dataset/New_gym_dataset/OHP\Test\Partial\PXL_20250420_135712786_Sports2D
59.64427197331037,55.92661224512184,142.74333757098563,145.13073962948906,35.55547707462382,143.42955427509844,84.80025095206581,92.4970579700234,-0.21802119153029706,1.0949730795653843,-0.07036533584588091,-1.0763891746689356,0.37218431527854934,1.041262777188185,0.4265343228327779,-1.054719630479456,0.999559246160222,2.095982407667641,93.48783885440774,2.0966869524498373,2.1763768724261534,0.6289168788959184,0.5828714387881814,Partial,D:/ML Projects/AIL721/Course Project/New/New_gym_dataset/New_gym_dataset/OHP\Test\Partial\PXL_20250420_135712786_Sports2D
65.88949825455228,59.523790872858235,148.2711473246022,140.76134859713656,33.57776477766654,142.61026069940525,80.53273696778119,96.91353017345298,-0.2552859220286462,1.1736812070097176,-0.09092902453798204,-1.1702825115800883,0.3918803186228177,1.065762808361051,0.4465390399224366,-1.105112945878826,0.9994793815166461,2.170875754239877,90.33138918932832,2.1715637490436848,2.3497189414519575,0.726543086596258,0.6747016149173658,Partial,D:/ML Projects/AIL721/Course Project/New/New_gym_dataset/New_gym_dataset/OHP\Test\Partial\PXL_20250420_135712786_Sports2D
62.409315340673025,55.662106849555265,143.31993785906178,142.8259929583743,37.20095214572894,143.346882963165,80.38973251359803,92.31522388639029,-0.24024187869724833,1.1292351956030586,-0.1194327962703998,-1.124827111748278,0.399915939776431,1.0208426026163637,0.44347210398431924,-1.1020687048613294,0.9999586749111293,2.122911307477693,89.55791425242144,2.1233580854055574,2.2572974371621584,0.6751916951894528,0.6353218224265519,Partial,D:/ML Projects/AIL721/Course Project/New/New_gym_dataset/New_gym_dataset/OHP\Test\Partial\PXL_20250420_135712786_Sports2D
58.2308182990071,49.94541288798366,137.97597747354183,144.94951672842672,40.898421681706004,143.82391588367457,80.8707600192869,86.1214970043091,-0.2252995213500397,1.0916459462794337,-0.19083381504277733,-1.0467260478703213,0.4137777860190274,0.9889478088266147,0.4410094720260022,-1.0895626426263345,0.9998070345340698,2.0785104514529493,89.49188894868031,2.0786888322983614,2.138649730618658,0.6297536235125855,0.582475468696772,Partial,D:/ML Projects/AIL721/Course Project/New/New_gym_dataset/New_gym_dataset/OHP\Test\Partial\PXL_20250420_135712786_Sports2D
58.519302882837174,46.650548235866985,136.17366564736577,144.59434226466647,42.29736913617302,143.0653770482053,79.18332798098982,83.5851711876617,-0.1913728866494345,1.108742675097946,-0.21813995627447383,-1.0006363110811447,0.4322707180127604,0.9895882121338535,0.445967798434697,-1.0753019775329389,0.999643963782923,2.0648901896667926,90.27125532421196,2.064935617735877,2.109548810373972,0.634412884540538,0.5517232070722895,Partial,D:/ML Projects/AIL721/Course Project/New/New_gym_dataset/New_gym_dataset/OHP\Test\Partial\PXL_20250420_135712786_Sports2D
9.117933856405367,56.908427820589495,137.17500866224913,121.59003822218466,117.30192381937023,163.933029296196,53.58014232422442,40.8414571167855,0.7719652281736279,0.12898416063993992,-1.1369217238502731,-0.22171107558975447,1.4261039754228473,-0.35363855067233707,-0.6644823931662648,-0.7682373393176624,0.26762631602510945,0.41459878864532523,130.74803628001936,2.1313008985304682,1.9408339816484306,0.2902440107791119,0.6610303355006473,Partial,D:/ML Projects/AIL721/Course Project/New/New_gym_dataset/New_gym_dataset/OHP\Test\Partial\PXL_20250420_135717834_Sports2D
22.73416964463832,72.80974379997635,148.83125649902885,141.84879906761068,103.67207368260351,145.64787075075688,53.59375667275816,38.45761455073323,0.5030293656414322,0.5420894979797446,-1.3351678744689988,-0.016259821256868937,1.3086730158718922,-0.05201774496975617,-0.824607245581319,-0.6590980440282646,0.30065036645494164,0.6070802990585084,135.62471437141858,2.217979071905515,1.9211254659291763,0.3926369016270454,0.8687079750656457,Partial,D:/ML Projects/AIL721/Course Project/New/New_gym_dataset/New_gym_dataset/OHP\Test\Partial\PXL_20250420_135717834_Sports2D
34.087818060946304,87.08391561357085,160.04893071909717,158.09812499922154,91.41651810378862,130.43642617789286,54.49566383526509,37.520341791463686,0.3374316524778012,0.7772473509788554,-1.4912645187403575,0.1258670484912417,1.2303442377553526,0.14023703046065317,-0.9567268447484886,-0.57024415269197,0.31787646799874436,0.7104811831526233,137.72057251939106,2.299578968319739,1.9412434121193582,0.6332259690798947,1.0563175351650798,Partial,D:/ML Projects/AIL721/Course Project/New/New_gym_dataset/New_gym_dataset/OHP\Test\Partial\PXL_20250420_135717834_Sports2D
39.62178489893382,97.70359860792448,166.65428444022518,168.83872568971418,84.21137233851987,120.29561753154083,56.16684276254633,37.9992161394653,0.2384978102302607,0.8735432109127075,-1.6212333358278466,0.20416418452997265,1.1888706402023037,0.23652728540968992,-1.06374985824765,-0.5094022497157588,0.32778424470196377,0.7459295351254487,136.2290075753369,2.372911709568939,1.976529336129292,0.7471973080598243,1.206373874661139,Partial,D:/ML Projects/AIL721/Course Project/New/New_gym_dataset/New_gym_dataset/OHP\Test\Partial\PXL_20250420_135717834_Sports2D
45.01819396673266,106.84070340112562,173.07545939666312,177.50117201356176,77.1780647676383,112.24530382213722,57.80374126562905,39.08600722326284,0.12040469969902265,0.9641926549024687,-1.7546802163490078,0.2714945213608094,1.1410836523175838,0.3215298888156818,-1.1659260403630456,-0.45332893397862634,0.337858827255272,0.7748588227943082,133.76272572092182,2.433659778478609,1.9989432574745458,0.8689529619059897,1.3575121936711572,Partial,D:/ML Projects/AIL721/Course Project/New/New_gym_dataset/New_gym_dataset/OHP\Test\Partial\PXL_20250420_135717834_Sports2D
55.65610399825837,115.34478484381766,175.3621604550721,174.72761521011392,65.6398982313357,104.44987743385026,58.70399777040593,39.79466227766792,-0.01802885910188076,1.079415625407845,-1.8665947336380004,0.35738287215492137,1.0491570302768984,0.4306584187732977,-1.2590974838719726,-0.37189611289639213,0.33746104050387626,0.8025545316696898,132.36678456438096,2.4437947291849604,1.9845722685932823,1.0335248856141017,1.4917780892726302,Partial,D:/ML Projects/AIL721/Course Project/New/New_gym_dataset/New_gym_dataset/OHP\Test\Partial\PXL_20250420_135717834_Sports2D
72.12464052024373,123.18253233987947,157.6881434928314,168.35522658857323,48.992038679228926,97.05133140217568,58.88332080052736,40.23386374205517,-0.14074957494719412,1.1857649496237348,-1.931301739884639,0.4499956597472021,0.9179905842531486,0.5466716175799303,-1.3257816881090274,-0.2656821351110551,0.3205485948645829,0.8123537526909854,133.04271341844094,2.3863010350189366,1.9358288930810978,1.195439744060979,1.5802775173572456,Partial,D:/ML Projects/AIL721/Course Project/New/New_gym_dataset/New_gym_dataset/OHP\Test\Partial\PXL_20250420_135717834_Sports2D
89.71941539983297,130.38025455716553,138.9300955862779,163.60236158907577,31.568238963109852,90.9642182122439,58.71234563705718,41.344472769409414,-0.2456997558736297,1.271026297493151,-1.972917253663775,0.5316523716308624,0.7825575349263256,0.6461394916895149,-1.3607502266621259,-0.16407287959122313,0.2984054619953742,0.8102123712807381,135.36275078383665,2.291334163203101,1.8788172042318174,1.334578775148234,1.6433731003165903,Partial,D:/ML Projects/AIL721/Course Project/New/New_gym_dataset/New_gym_dataset/OHP\Test\Partial\PXL_20250420_135717834_Sports2D
103.85022117557938,136.81689217652857,124.2481460872213,160.0540172783367,17.79047474626692,86.5116886192909,58.35930407815371,43.328580795819455,-0.34190593529085267,1.3397862681239159,-2.0171810034344126,0.5972430870730397,0.6649047513955901,0.7194060005606686,-1.3714725639241652,-0.08728161687767377,0.28330691572249395,0.8066876174383424,136.8482788327455,2.1903372987915,1.8324619858727123,1.4526713344988773,1.7059853235052131,Partial,D:/ML Projects/AIL721/Course Project/New/New_gym_dataset/New_gym_dataset/OHP\Test\Partial\PXL_20250420_135717834_Sports2D
115.1229055775496,142.22531714425799,113.13245680780913,157.20814733923604,7.2668607419826525,83.07374340506229,57.610233680467736,45.2990605493203,-0.4287427919972351,1.400067463341034,-2.0678045685758106,0.6526967555208041,0.5619164193570294,0.7716241877799845,-1.3805630387643677,-0.02740772222160878,0.27338168029854054,0.7990319100015932,136.36526957158645,2.100399590179067,1.801412357665126,1.5568129614417465,1.7723518981707225,Partial,D:/ML Projects/AIL721/Course Project/New/New_gym_dataset/New_gym_dataset/OHP\Test\Partial\PXL_20250420_135717834_Sports2D
125.84279595641102,146.75040929331175,103.09227249573921,154.88882945218788,1.9369027605070424,79.91800470843415,56.09410680409615,46.6684140017459,-0.5108295329187171,1.4704629773192925,-2.132686428505016,0.7123222245047268,0.4596113062000384,0.8182088995443296,-1.4160630448667015,0.03626423826526053,0.25931086509326573,0.7819446612790691,135.25254749372502,2.032139691200503,1.7903064516554321,1.6689089861993078,1.8522234430579447,Partial,D:/ML Projects/AIL721/Course Project/New/New_gym_dataset/New_gym_dataset/OHP\Test\Partial\PXL_20250420_135717834_Sports2D
136.3957293963991,151.0762391948783,93.88996130942546,152.74159129130464,10.197190253715732,76.82874285444588,53.80146085731661,47.904982049324175,-0.6064310775791856,1.5752435149491184,-2.23164831691965,0.7895433530237129,0.3493216299688318,0.8757756973054843,-1.4809900526657325,0.11139011601631771,0.24339751426166023,0.7643855812891667,133.91895619647798,1.9835135927115166,1.805174733785915,1.81767270796218,1.9700940827879407,Partial,D:/ML Projects/AIL721/Course Project/New/New_gym_dataset/New_gym_dataset/OHP\Test\Partial\PXL_20250420_135717834_Sports2D
145.4979071280506,155.88651356460153,86.93750008455024,149.92429675533648,16.87561631236976,73.73741315225642,51.377709184319144,49.623926716857966,-0.7273448799949613,1.7160723953612897,-2.363201220720083,0.8842558271962783,0.23421346539402255,0.9478577736055916,-1.547109010276709,0.19029435335118236,0.23875576757343908,0.7575634202544094,132.08674759892835,1.9357200464006314,1.8351961122900198,2.0051241031189546,2.129059169184041,Partial,D:/ML Projects/AIL721/Course Project/New/New_gym_dataset/New_gym_dataset/OHP\Test\Partial\PXL_20250420_135717834_Sports2D
152.56061560899533,161.08063438904372,82.29669396712117,146.19894383328412,21.96472295561172,70.46036075601702,49.4041073466164,51.54099514506076,-0.8439531850582338,1.841134632089637,-2.4692528015518582,0.9724792311037774,0.12747167555843128,1.0086436165654196,-1.5786588042990397,0.26510858804383336,0.24634641989508507,0.7435350285215861,132.08723333468743,1.8611086891789204,1.8428676157109678,2.171732232277152,2.2670105983849766,Partial,D:/ML Projects/AIL721/Course Project/New/New_gym_dataset/New_gym_dataset/OHP\Test\Partial\PXL_20250420_135717834_Sports2D
158.4505046696559,166.1245819178784,78.22414419433564,142.70493775087763,26.152292347497767,67.08137429271093,47.701787677841814,53.205956210589264,-0.9043194279553978,1.8867210712908904,-2.487502738952168,1.0230600723343617,0.04138481933558672,1.0262503528054552,-1.5639739425708126,0.3323219863950965,0.24829152670376894,0.6939283664103587,136.35494187890393,1.7489177602559236,1.8034355317940494,2.2438926355420956,2.30840452703326,Partial,D:/ML Projects/AIL721/Course Project/New/New_gym_dataset/New_gym_dataset/OHP\Test\Partial\PXL_20250420_135717834_Sports2D
163.99571411870687,170.52493236789277,73.91581172019578,140.39816084175467,29.830481931413793,64.14445449336412,45.83476781270692,54.66938686125691,-0.9169152853332687,1.8791379762565144,-2.4570254672287266,1.0432765627580989,-0.029442839424489664,1.0171559183377712,-1.534997888090758,0.3897047576511469,0.23762305766996458,0.6274511606866242,141.42008015346414,1.6310704962114548,1.7523138060728818,2.2507818974257323,2.2883742535083336,Partial,D:/ML Projects/AIL721/Course Project/New/New_gym_dataset/New_gym_dataset/OHP\Test\Partial\PXL_20250420_135717834_Sports2D
169.09953121163204,173.93708095134,70.34785582282298,138.85018552427337,32.88980121198293,62.08784255907927,43.790270000350816,56.02492351041931,-0.9409909913324128,1.9009322826856865,-2.468160378991086,1.0699868008951114,-0.10374616715689323,1.0275646091042698,-1.532749088554192,0.43963577109951213,0.22899069500698085,0.5879288380047578,143.26956575184948,1.545221559492243,1.7385961958746883,2.2868535892437087,2.308490091190695,Partial,D:/ML Projects/AIL721/Course Project/New/New_gym_dataset/New_gym_dataset/OHP\Test\Partial\PXL_20250420_135717834_Sports2D
173.25148706389365,176.37635817871558,68.07698738001183,137.54866755571052,35.206788510848185,60.83244344657073,41.95530144695457,57.20880162528651,-0.9944613027501529,1.9684934504813623,-2.5389296918222275,1.1145128856985589,-0.18943283559112473,1.0730148579827035,-1.5641540235280422,0.4865247483117924,0.22977415862713801,0.5864901096709111,142.37722024240173,1.4945999442340705,1.764841468764162,2.3726492140157753,2.392361006615872,Partial,D:/ML Projects/AIL721/Course Project/New/New_gym_dataset/New_gym_dataset/OHP\Test\Partial\PXL_20250420_135717834_Sports2D
175.94403684685875,177.8870770959009,66.47258975099503,137.0355604801664,36.7146988506392,60.22284908180052,40.770662003780494,58.10992617770142,-1.0438223025317572,2.0257219842219336,-2.6135497889231125,1.1533306128196916,-0.2669240620708543,1.124744434871385,-1.6035045519458042,0.5248755780553677,0.22813487041112443,0.5998688568160175,140.37234242958996,1.4650222016379537,1.7958594283600282,2.4489330252950325,2.475742242870612,Partial,D:/ML Projects/AIL721/Course Project/New/New_gym_dataset/New_gym_dataset/OHP\Test\Partial\PXL_20250420_135717834_Sports2D
176.80466885674977,178.21714899022595,64.91838229532013,137.92132710851183,37.413640353922254,60.25334975775439,40.60897149717258,58.470498747980486,-1.0833930057427348,2.0518209392777984,-2.6582948594857045,1.1766279837762994,-0.3039989458508181,1.1427743973637552,-1.6253789149228517,0.5429244857574109,0.21357642439519364,0.5998499116063442,138.62089683594078,1.4511598599461561,1.8017431998713056,2.5007767146480515,2.520977320707274,Partial,D:/ML Projects/AIL721/Course Project/New/New_gym_dataset/New_gym_dataset/OHP\Test\Partial\PXL_20250420_135717834_Sports2D
175.91086116524906,177.32818011568529,63.92499997261381,139.45995582453517,37.36062591498272,60.74558171213171,41.44976474973371,58.07376182781713,-1.1532713750749042,2.098846763456327,-2.703909357627294,1.2091910455448278,-0.2980761464230818,1.1305149615349188,-1.6371700778063563,0.5445263587132947,0.19570012579926743,0.585988602821624,138.75243891997218,1.4616960011248417,1.787726335138231,2.5894824768903044,2.570657824668993,Partial,D:/ML Projects/AIL721/Course Project/New/New_gym_dataset/New_gym_dataset/OHP\Test\Partial\PXL_20250420_135717834_Sports2D
173.80067527007796,175.74889998219953,64.72601711921179,140.35970074586436,36.42772718858793,61.51344505366418,42.627051918509935,57.26234503586373,-1.1945065062245759,2.1299944372751356,-2.7114323307683095,1.2145587099048356,-0.26360932272604926,1.1186101731630325,-1.653068317880796,0.5341184399290032,0.19344234905473298,0.5844917332340291,141.2157610764352,1.5073907540632447,1.771746744914091,2.6407641338565107,2.5790981762950405,Partial,D:/ML Projects/AIL721/Course Project/New/New_gym_dataset/New_gym_dataset/OHP\Test\Partial\PXL_20250420_135717834_Sports2D
170.59887299508262,173.98381590888613,68.28390717041982,140.7258612854146,34.11663555375458,63.12640400958889,43.517762558671926,57.110219918475096,-0.9134920635162841,1.8560258950226713,-2.406121053916249,0.9762842615470626,-0.15560966634342874,1.0578801870627013,-1.6069921267519494,0.45950674811613196,0.21474457851346943,0.5983734389465694,142.25206094183142,1.5698922952923349,1.7325953493683257,2.241184707104279,2.202774250866531,Partial,D:/ML Projects/AIL721/Course Project/New/New_gym_dataset/New_gym_dataset/OHP\Test\Partial\PXL_20250420_135717834_Sports2D
164.72513671696748,177.15738090820292,77.32573050749342,143.79678254020786,27.23320919967456,68.35572224737562,42.50807248270704,71.19834133917259,-0.01133939339587543,0.9680118448380864,-1.5222834022155243,0.2771620246938232,0.12952889788275387,0.8143245585060247,-1.359303259902029,0.22167379355847386,0.25137579708615276,0.5926507649475508,139.70149103472127,1.6024531578947976,1.661392570039168,0.9771468902051136,1.1137482438117827,Partial,D:/ML Projects/AIL721/Course Project/New/New_gym_dataset/New_gym_dataset/OHP\Test\Partial\PXL_20250420_135717834_Sports2D
59.28458561506105,43.956353415594435,119.80060216627479,164.36104126210873,13.76834538701991,90.3932980413633,134.4837597719589,133.56305537423114,1.115373900848371,-0.14062246026946498,-0.5321782331415423,-0.5412351868293848,0.5486475038299949,0.41598234569108283,-0.9526626062512302,-0.1413300182037804,0.2761784899485176,0.5573123638948633,134.48249126309602,1.6014147237933656,1.6955584893764326,0.6933091374890097,0.4064379366800043,Partial,D:/ML Projects/AIL721/Course Project/New/New_gym_dataset/New_gym_dataset/OHP\Test\Partial\PXL_20250420_135717834_Sports2D
99.63307458248572,71.85194514706951,159.18793697235537,171.74566912706527,54.531527027289684,112.91074081800048,134.89845244480398,138.94120432906902,1.224068487248187,-0.23724280340103873,-0.5894153890623999,-0.5619050302038956,0.7025607320620615,0.28241964310567635,-0.8381874797420131,-0.2763178918582058,0.25302198360404593,0.5587375349638821,133.25388786629722,1.6389303478656343,1.8423162950891634,0.8248742372881184,0.44803717947810767,Partial,D:/ML Projects/AIL721/Course Project/New/New_gym_dataset/New_gym_dataset/OHP\Test\Partial\PXL_20250420_135717834_Sports2D
17.404192381280343,164.15824231609238,99.19532312017363,165.59978245070576,2.810871831426426,87.60597740230592,159.78493578729322,71.76421971839831,0.48941639751690674,0.4799270181658887,-1.2748369089690872,-0.026808169586797964,0.46771151473114264,0.5388713340764728,-1.120669431460156,-0.07760256132096746,0.20801744917296663,0.6164738953974402,137.19700313852968,1.7038175060522351,1.8355844518718045,0.37591846010852553,0.7895576337546191,Partial,D:/ML Projects/AIL721/Course Project/New/New_gym_dataset/New_gym_dataset/OHP\Test\Partial\PXL_20250420_135717834_Sports2D
11.824734435939009,45.26094913313332,82.52452089194476,156.14625391898872,18.875435829151026,77.54621064008437,149.29982973490996,147.71473849304897,0.3681173262301731,0.5763327898333613,-1.2950029468026085,0.04843871965344299,0.27089669152719426,0.7400698916110753,-1.3173885226846966,0.08386937444378345,0.1976565999220467,0.6562005171672919,135.77368526932,1.7185019756796132,1.7448900228678466,0.49284785898183386,0.8182291373894014,Partial,D:/ML Projects/AIL721/Course Project/New/New_gym_dataset/New_gym_dataset/OHP\Test\Partial\PXL_20250420_135717834_Sports2D
25.157329109606895,24.39414330703042,85.79781713431434,154.95325525625626,17.247787772039405,77.99886016261004,137.59488311835375,126.39528314442039,0.9763058843054488,-0.02178969286758725,-0.857655710775458,-0.25482818771160337,0.29847790852574296,0.7203935373325706,-1.2784617392773119,0.055363303684197104,0.22572653847969712,0.6650302336483734,126.63569261279396,1.7114332778345853,1.8487082171913631,0.5074035520216179,0.3968236600551508,Partial,D:/ML Projects/AIL721/Course Project/New/New_gym_dataset/New_gym_dataset/OHP\Test\Partial\PXL_20250420_135717834_Sports2D
34.62347664855533,24.93219153826487,97.69285246959369,158.38709491265197,7.105399868531957,83.18534725077738,138.2711234829127,121.74684428748749,1.1669359642679287,-0.17145042392233115,-0.9761493853881095,-0.2003498599012931,0.41571169288206755,0.6708501437762102,-1.2395985544204566,-0.03734263331541306,0.2554162673311013,0.7081927770916232,122.00543918181155,1.8004413415464244,2.143280194773946,0.7461205966205491,0.4980596486050723,Partial,D:/ML Projects/AIL721/Course Project/New/New_gym_dataset/New_gym_dataset/OHP\Test\Partial\PXL_20250420_135717834_Sports2D
23.375094542049432,123.69497053342145,102.55431097685116,159.66226108723922,2.7558268274923696,84.97239889158269,153.8690786304582,28.66736942500414,0.6252466151286874,0.37502503500759493,-1.4288748716990904,0.11287258644487387,0.4537285316325701,0.7246592732627481,-1.3360470958614223,-0.05691029526326137,0.2640437127568653,0.7815695685260096,130.9484620610868,1.9529843284618151,2.07078221668407,0.28195220286501343,0.9777841242173936,Partial,D:/ML Projects/AIL721/Course Project/New/New_gym_dataset/New_gym_dataset/OHP\Test\Partial\PXL_20250420_135717834_Sports2D
13.190846381616566,31.47784787110933,104.69994066674076,159.46637803169563,1.213636318412284,85.37995501684857,168.02278993679582,63.14219711204209,0.42736512973840696,0.53366142841582,-1.2385901740519938,-0.0019133974723945086,0.468344503368611,0.7268320056437505,-1.3645172132186227,-0.06568326137952997,0.2741871081944638,0.7925152670232805,139.73079100354806,1.9968631702237596,1.7499278466132704,0.4001567771225102,0.7697153733414422,Partial,D:/ML Projects/AIL721/Course Project/New/New_gym_dataset/New_gym_dataset/OHP\Test\Partial\PXL_20250420_135717834_Sports2D
28.217962472629587,21.82978653887565,113.87979579113977,161.75633233303512,7.071531090571824,88.56459703360312,158.85356861794227,113.26518950527252,0.6787164101300832,0.24298080446786066,-0.7174829711032925,-0.3548865670875423,0.536466637161387,0.6107420772848984,-1.2516685422970493,-0.1252145579609806,0.2891698836717987,0.735956635245879,143.3423523052046,1.9336648078142422,1.5188212884098733,0.2229635770221421,0.31823460666957937,Partial,D:/ML Projects/AIL721/Course Project/New/New_gym_dataset/New_gym_dataset/OHP\Test\Partial\PXL_20250420_135717834_Sports2D
9.61905450975501,16.0298225119802,130.39738765748763,167.55250134540896,23.73557273014035,94.21431627275605,165.88348177961456,101.81550623922412,0.5923548443649399,0.3196722326296524,-0.8658161728710936,-0.26052045226896714,0.6402182093453259,0.5099920355333,-1.1792237450815999,-0.19495767333352604,0.28672211025611094,0.704949708866826,138.59655426772278,1.9512363049001251,1.5693585527587495,0.20960293024136384,0.4041630114636713,Partial,D:/ML Projects/AIL721/Course Project/New/New_gym_dataset/New_gym_dataset/OHP\Test\Partial\PXL_20250420_135717834_Sports2D
83.30781228477248,118.9914297384056,138.5140911644799,170.20845367228296,32.67961342866685,96.04293140809598,64.01257428656068,35.03436114650159,0.12236436347715726,0.8148241453429853,-1.5346854840199176,0.19442000565359005,0.7271055041773744,0.5200364553165553,-1.2459534793039775,-0.21740615266116273,0.27285921239472755,0.737442607977718,134.41826145948596,2.1063673355702806,1.7693828001972374,0.7673708546076925,1.104381135876643,Partial,D:/ML Projects/AIL721/Course Project/New/New_gym_dataset/New_gym_dataset/OHP\Test\Partial\PXL_20250420_135717834_Sports2D
82.4215504241218,125.56460239513304,144.583451361692,169.86331571253552,38.63422489202326,95.81254218220457,58.94422468385495,41.3771445773376,-0.058847838917498306,1.0570864369859148,-1.8079966202919486,0.3880367662749491,0.8016633955367868,0.5388983515861766,-1.2740060942008784,-0.21814387839323013,0.27478541096383374,0.7570422299794067,132.07037816615122,2.2094154812076456,1.8727383483183593,1.0663045520903118,1.4274635955181163,Partial,D:/ML Projects/AIL721/Course Project/New/New_gym_dataset/New_gym_dataset/OHP\Test\Partial\PXL_20250420_135717834_Sports2D
70.35050684812502,123.35524284283053,157.29173143747263,171.0325934553638,50.151608835203355,98.17271605763312,59.49788431667163,41.527958900463645,0.15906140549692493,0.9228630127032992,-1.5987299112668665,0.24285554337894227,0.8906239715411367,0.4919033418138628,-1.1656728593187116,-0.24614537938800587,0.29470956770343615,0.7380487212018687,127.61213746014113,2.1847362704619453,1.8847388337982265,0.8384528134682135,1.1869130889042796,Partial,D:/ML Projects/AIL721/Course Project/New/New_gym_dataset/New_gym_dataset/OHP\Test\Partial\PXL_20250420_135717834_Sports2D
53.209960542998616,115.32001934142079,174.0319409680997,178.75549434015406,65.6103962375407,107.17703907071375,61.179643219460715,42.497058412134535,0.39503397173198956,0.7245059488878884,-1.3860745450536671,0.05566428683788556,0.9953396196185144,0.3942073266978654,-1.03229231137395,-0.33046106953491494,0.3160058171340388,0.7246683962327803,124.5753851570506,2.1532383825482073,1.902550056492657,0.572032576753164,0.9363990170114636,Partial,D:/ML Projects/AIL721/Course Project/New/New_gym_dataset/New_gym_dataset/OHP\Test\Partial\PXL_20250420_135717834_Sports2D
42.84532449962386,106.8818986627255,173.63568853379925,172.05540753199188,77.33024105389426,116.97866288031484,59.824434446481895,43.86056154304032,0.3541766175729394,0.7258797911504019,-1.4859317846974363,0.058367379427474685,1.0852799715616401,0.30078477693728245,-1.010180958277021,-0.43669245832974657,0.32613034085447207,0.737477235267029,129.91390336230725,2.221447541810836,1.957440101742629,0.5751514404015702,1.0371823405863347,Partial,D:/ML Projects/AIL721/Course Project/New/New_gym_dataset/New_gym_dataset/OHP\Test\Partial\PXL_20250420_135717834_Sports2D
38.029565481639196,102.09352536582686,166.80634600694668,167.0822002868002,83.94747142701456,122.16398227923861,58.022963091346256,44.25750764506547,0.225541298222207,0.8109977652513836,-1.66549770045812,0.13376798578761287,1.1460973517908746,0.2362833718073056,-1.0316536680639705,-0.5167205623979801,0.3296277429086498,0.7530039342052858,133.50108275772618,2.3042600611492308,2.0086484681801444,0.6916089013789584,1.2302257637418579,Partial,D:/ML Projects/AIL721/Course Project/New/New_gym_dataset/New_gym_dataset/OHP\Test\Partial\PXL_20250420_135717834_Sports2D
35.63009910511023,98.36102620773686,163.72540516245778,162.76474513656808,87.12451640642519,126.38533329454887,57.245384488464595,44.746359502285735,0.1687559969361703,0.8553118513286324,-1.7499913296732648,0.16201091655239086,1.1874621198897481,0.19994203378516143,-1.0239470675962106,-0.5704901663766307,0.32804369089926233,0.7704322001617921,134.57245527104493,2.341772057554588,2.0401611430307325,0.7550098159893549,1.3186025082818247,Partial,D:/ML Projects/AIL721/Course Project/New/New_gym_dataset/New_gym_dataset/OHP\Test\Partial\PXL_20250420_135717834_Sports2D
32.83000307953544,92.3015914960309,161.21416069180455,155.9611419138576,90.11257937202711,132.7121180223107,57.05741754843744,45.0137095183416,0.19367536480288502,0.8210209672348567,-1.7009013476224901,0.11729859192968238,1.2159138190476297,0.15862704232049066,-0.9673902256872483,-0.6158615904127709,0.3201708906063598,0.7744886327332615,135.08912895970997,2.316602942670305,2.0210507417602606,0.717801020744866,1.2581789932440226,Partial,D:/ML Projects/AIL721/Course Project/New/New_gym_dataset/New_gym_dataset/OHP\Test\Partial\PXL_20250420_135717834_Sports2D
23.84844664626665,74.03960647206861,152.116767403031,139.17617562999214,99.53956095734239,149.16749600963448,56.61199239639098,43.20710248170308,0.35089437690235253,0.6148268833995646,-1.391249175813242,-0.05300677185670123,1.2402184500598037,0.02869273657521391,-0.7926776099374369,-0.6902624268260147,0.31471602998447407,0.7189551634012286,135.5303088117017,2.156284516879345,1.8657614931607571,0.47389777288057666,0.9225767412601102,Partial,D:/ML Projects/AIL721/Course Project/New/New_gym_dataset/New_gym_dataset/OHP\Test\Partial\PXL_20250420_135717834_Sports2D
11.781174534520133,40.70805352717137,138.2653272313769,112.13878083477627,113.10205132154933,176.49384061229748,55.116774143930556,37.2018941394688,0.6306508808649576,0.2700556813280979,-0.8831246240305269,-0.3156945188760857,1.2855691640711475,-0.18653665260177804,-0.5132062709391657,-0.8030104978079946,0.31949887108761443,0.6164738452062166,135.58657881954667,1.9014818083326173,1.6231511255150641,0.19175964040483098,0.4380307965939645,Partial,D:/ML Projects/AIL721/Course Project/New/New_gym_dataset/New_gym_dataset/OHP\Test\Partial\PXL_20250420_135717834_Sports2D
11.20152757959239,33.54058690117322,134.9330969849245,104.90351351108407,115.9357476812873,175.77235817729579,52.86272473912032,37.76822872387745,0.7690676458866499,0.1845109730066787,-0.7797666645362102,-0.39103515609188483,1.3777469362059933,-0.2764523572769164,-0.4214025544697261,-0.8535647512243882,0.32773167897915384,0.5771123939474718,135.28655906500077,1.8894437289971042,1.6523138527118257,0.2973996699353874,0.38221607350317816,Partial,D:/ML Projects/AIL721/Course Project/New/New_gym_dataset/New_gym_dataset/OHP\Test\Partial\PXL_20250420_135717834_Sports2D
23.17235447252144,70.7811150609674,146.16371754601047,131.57400324198673,104.45762965602543,157.80464955597742,52.37001587145312,48.585764616944815,0.578195870300787,0.6186374693397833,-1.468713171249833,-0.10129887767694566,1.5140541766413773,-0.10285097276241496,-0.7161466789527285,-0.7651078696725685,0.3318096839188772,0.6622568969101534,134.89467653021978,2.326452246188979,2.169826022550534,0.4650955994678905,0.999130965395124,Partial,D:/ML Projects/AIL721/Course Project/New/New_gym_dataset/New_gym_dataset/OHP\Test\Partial\PXL_20250420_135717834_Sports2D
9.322414829776262,33.48765215986129,111.55689449180088,110.51287714258815,85.54595881818858,127.6157304525776,103.77645601158774,85.87192170728368,1.2445730174828356,0.43916427219647647,0.47949187110057795,-1.4473354648169963,1.9870809988279148,0.6212182382690787,1.176366427379229,-1.497631330351887,0.9557783705067221,2.118849568620966,131.49693876865783,2.26865193690096,2.035738298087819,1.0982120230565688,1.1542847302595869,Partial,D:/ML Projects/AIL721/Course Project/New/New_gym_dataset/New_gym_dataset/OHP\Test\Partial\PXL_20250420_135722465_Sports2D
6.517468271711727,34.00608559599832,112.20395939010061,114.4390514938263,83.71545004072067,130.35846092464757,102.80201823099097,83.64762467135078,1.0487811054082277,0.4905649501440848,0.3342942770227486,-1.4044383284025908,1.82293725576957,0.6664775894873461,1.042466700813124,-1.4832766043453132,0.961648448360768,2.1497541938326594,128.39053965721004,2.287045557275834,2.025223161441472,0.9116906425509794,1.036974275819868,Partial,D:/ML Projects/AIL721/Course Project/New/New_gym_dataset/New_gym_dataset/OHP\Test\Partial\PXL_20250420_135722465_Sports2D
3.4315453595145455,35.07505806212111,113.2016504158603,118.82826786531349,81.53413550904516,133.5640537902189,101.8974098504695,81.5110042719022,0.8526575733621908,0.5417225081571637,0.18904699574318976,-1.3609722563370361,1.6581277128696548,0.7114236601485444,0.908215645587784,-1.4683115260726147,0.9671090714199666,2.179735186221159,126.19964585416479,2.3051276734067376,2.015099591970943,0.727804745359635,0.9326639331977957,Partial,D:/ML Projects/AIL721/Course Project/New/New_gym_dataset/New_gym_dataset/OHP\Test\Partial\PXL_20250420_135722465_Sports2D
0.04580191580859328,36.797169981674024,114.65693403961704,123.77832888418935,78.89856197029295,137.33382489409934,101.05563611389918,79.46334508757471,0.6564818579188532,0.592584107442211,0.04394741861444551,-1.3169952139987975,1.4928414063124409,0.7559989128118586,0.7737686545407216,-1.4527425828682121,0.9721433519121949,2.208741495680071,124.56398896583205,2.322844079373299,2.0054155739419866,0.5497060922288457,0.8464043564620234,Partial,D:/ML Projects/AIL721/Course Project/New/New_gym_dataset/New_gym_dataset/OHP\Test\Partial\PXL_20250420_135722465_Sports2D
4.061721920749936,39.291484201496665,116.7197809470594,129.39620426037106,75.66679481198344,141.78278001941385,100.27148326726645,77.50870418208284,0.4607218050430059,0.6430678148616027,-0.10070068431060186,-1.2725991841369237,1.327378566101272,0.8001204915769635,0.6393578915311674,-1.4365482715750384,0.9767225634132237,2.2366687631520024,123.27305244495858,2.340098204070891,1.9962402817807334,0.3858421107771656,0.7842652763305653,Partial,D:/ML Projects/AIL721/Course Project/New/New_gym_dataset/New_gym_dataset/OHP\Test\Partial\PXL_20250420_135722465_Sports2D
8.815192222246898,42.68691607946915,119.5861626115464,135.80845451896178,71.64341497421617,147.03803210472444,99.54139280353691,75.64888397474473,0.26573608560353434,0.693054310580722,-0.24466386797532694,-1.2278632443826527,1.1621001143119465,0.8437199905556009,0.5052463516356696,-1.4197256201072566,0.9808547557745155,2.263445610662857,122.2360052346923,2.3568289920931766,1.9875694618251138,0.26344770143207774,0.7520020177281367,Partial,D:/ML Projects/AIL721/Course Project/New/New_gym_dataset/New_gym_dataset/OHP\Test\Partial\PXL_20250420_135722465_Sports2D
14.582657704805797,47.119117765452174,123.49228195436186,143.20330272453626,66.55647489790324,153.25205957680134,98.86086739729095,73.86705818865084,0.0708494172696381,0.7424573187891788,-0.3882796819450854,-1.1826812506056426,0.9970109934876806,0.8868423469165935,0.3714486008892301,-1.402438820800073,0.9846596274839826,2.2892811677166667,121.50189812468359,2.373212289681579,1.9791306276032574,0.2506641595114022,0.7531322220169316,Partial,D:/ML Projects/AIL721/Course Project/New/New_gym_dataset/New_gym_dataset/OHP\Test\Partial\PXL_20250420_135722465_Sports2D
21.764912579927874,52.72264711914473,128.7611881006617,151.82491844849253,60.017159329343215,160.60326587849747,98.21792809072895,72.1193812406473,-0.12595854854938685,0.7914375256203495,-0.5325729583562682,-1.1366830977230429,0.8311817096996394,0.9296692699460459,0.23738722667740814,-1.3850858698525221,0.9882861255473029,2.314755139798568,121.13988048132583,2.3897035894209826,1.9705289686844778,0.3595761659675563,0.7880590505246681,Partial,D:/ML Projects/AIL721/Course Project/New/New_gym_dataset/New_gym_dataset/OHP\Test\Partial\PXL_20250420_135722465_Sports2D
30.924600532908922,59.507645787282435,135.9940896961625,161.63557140201476,51.48571794247035,169.1153790406475,97.58968152462073,70.39226674663493,-0.32408775507464266,0.8405680752471766,-0.677088495402364,-1.0900583815139349,0.6637600594777195,0.9721940492082525,0.10260251185036134,-1.367812445258657,0.9914908002600795,2.3400064944669094,120.79640396508611,2.406351634197809,1.9626329351709868,0.5199622559361933,0.8530838477697987,Partial,D:/ML Projects/AIL721/Course Project/New/New_gym_dataset/New_gym_dataset/OHP\Test\Partial\PXL_20250420_135722465_Sports2D
42.553261137075204,67.01706907394265,146.12461853092458,171.56611411898274,40.48037962861278,178.1711122785201,96.96635923431204,68.84595679542258,-0.5115013841791168,0.8901875587370236,-0.8154258793358339,-1.0455670983739305,0.49871721187917006,1.0136247646749081,-0.03028444745339773,-1.3493791097816001,0.9933627353541917,2.363003874456508,119.37496633346024,2.4214933545795825,1.959468344036977,0.6918260211530698,0.9357933215622573,Partial,D:/ML Projects/AIL721/Course Project/New/New_gym_dataset/New_gym_dataset/OHP\Test\Partial\PXL_20250420_135722465_Sports2D
55.98468012938743,74.3767929286347,159.1130170476892,179.83083453345398,27.5867302855792,173.46941813327533,96.42858958503338,67.84621106191007,-0.6674591362642077,0.9375798096423156,-0.9369305413998349,-1.007434808792306,0.3485635622291568,1.0520584001417326,-0.15333607280815043,-1.3264767816439518,0.9931711640311895,2.3785351817856846,116.19473066804531,2.4309119388910085,1.9635928050668106,0.849264619081533,1.0163170067881635,Partial,D:/ML Projects/AIL721/Course Project/New/New_gym_dataset/New_gym_dataset/OHP\Test\Partial\PXL_20250420_135722465_Sports2D
68.76338974690191,81.1268478189812,172.44470865313906,174.01368619204675,15.106875562493387,166.46210197641406,96.12973469060472,67.58894979539524,-0.7895332237491113,0.9784929718354973,-1.0403622500885539,-0.9770554621716285,0.22547501361133748,1.0874988630164013,-0.2591859067370045,-1.2992093847322632,0.9913269449628863,2.3867082477486643,112.42928391367876,2.4354203882665515,1.9715691411163128,0.9821223087093821,1.0870540342592108,Partial,D:/ML Projects/AIL721/Course Project/New/New_gym_dataset/New_gym_dataset/OHP\Test\Partial\PXL_20250420_135722465_Sports2D
79.87493899007876,87.33507517137927,175.5274660226987,168.95459894081844,4.137015819382224,160.345049144135,95.98804519053905,67.68012431551425,-0.9034722368223167,1.015681039554099,-1.1396791176406118,-0.9516619176185641,0.1203244651009909,1.123070437928777,-0.35346231969304887,-1.2744315828727442,0.9887314434505172,2.397502020801521,110.3194517381804,2.443867806816247,1.9814721803958764,1.1085504946984894,1.1588704451209035,Partial,D:/ML Projects/AIL721/Course Project/New/New_gym_dataset/New_gym_dataset/OHP\Test\Partial\PXL_20250420_135722465_Sports2D
91.60549983430596,93.1612077205854,162.60748841394562,164.5395123112378,7.199208572642631,154.34620929782602,95.59370873833674,67.5074170184114,-1.0251785248996452,1.052223079852974,-1.2430635160719028,-0.9226162026134316,0.004989200761336094,1.1531177064924754,-0.4524675361524424,-1.2499718831204312,0.9842162997014614,2.4030895896129065,110.8231355771919,2.4462432916318297,1.9868226042982706,1.246585275685574,1.2322293120239662,Partial,D:/ML Projects/AIL721/Course Project/New/New_gym_dataset/New_gym_dataset/OHP\Test\Partial\PXL_20250420_135722465_Sports2D
104.36654710375406,99.20250357653849,148.54119320168053,160.5624344833267,18.984997996214748,148.08862568122194,94.61845089246069,67.29112925776042,-1.1488458441282872,1.0832186330717164,-1.343639582802822,-0.8825838501541634,-0.12516145129328535,1.1659141222051503,-0.5582611761447441,-1.2112576357373799,0.9763948445599013,2.37717175794253,112.24304241972472,2.416303155323435,1.9754300806872003,1.3905766076649895,1.297055938085343,Partial,D:/ML Projects/AIL721/Course Project/New/New_gym_dataset/New_gym_dataset/OHP\Test\Partial\PXL_20250420_135722465_Sports2D
115.06089850547009,106.6841948962939,137.73895897991167,155.94183891198978,28.07684755033824,141.75764544223964,93.01594904486814,68.44184033853351,-1.2810963592587625,1.1130073253143848,-1.444715483073427,-0.8429629719471257,-0.241817329955853,1.1677637272991357,-0.6517408028612974,-1.1562542059265501,0.9695129874226668,2.3240179332256856,112.85359543598268,2.3598933466564644,1.9628018293875622,1.5378029434615474,1.3698587041252057,Partial,D:/ML Projects/AIL721/Course Project/New/New_gym_dataset/New_gym_dataset/OHP\Test\Partial\PXL_20250420_135722465_Sports2D
122.9404069913904,116.1270595698189,131.67376635285774,149.97160414128052,33.960090365222996,135.60546085936122,91.01968337383262,71.73252042918008,-1.4274790721479733,1.1511700042030224,-1.5569821291518575,-0.8235431524530826,-0.33809034779175423,1.1705597196591842,-0.7250208461621137,-1.098164278810027,0.9687299456578157,2.268723998469211,112.40871587244031,2.3014829549225992,1.9789550507386646,1.6887565126389064,1.472518676334806,Partial,D:/ML Projects/AIL721/Course Project/New/New_gym_dataset/New_gym_dataset/OHP\Test\Partial\PXL_20250420_135722465_Sports2D
130.36078592880312,126.19592791456935,126.90412694465769,143.4350774537433,39.338416408287046,129.67762080668803,88.97763047948395,75.87354872125738,-1.5589362950395766,1.184116514133459,-1.6625305348338137,-0.8217078376196882,-0.43715226768546844,1.164097595730164,-0.7890148963427926,-1.041548562423367,0.9713111284223029,2.205646158153531,110.9514206085235,2.23353582564128,2.0084977213341517,1.817416566226005,1.5797807968723423,Partial,D:/ML Projects/AIL721/Course Project/New/New_gym_dataset/New_gym_dataset/OHP\Test\Partial\PXL_20250420_135722465_Sports2D
138.23325665674417,135.32126798951836,121.03093060473802,137.6770589362929,45.34957849112369,124.05756803215462,87.11632183437952,79.37883602167298,-1.6575982173387809,1.1955596493858085,-1.738325264097465,-0.81515119077481,-0.5438020462626721,1.1394552658820938,-0.8509341714637024,-0.9815612088687167,0.9718809535909154,2.1210164747508107,109.11092626474205,2.1431381263219733,2.0123307230218894,1.9119027877979675,1.6536892257136608,Partial,D:/ML Projects/AIL721/Course Project/New/New_gym_dataset/New_gym_dataset/OHP\Test\Partial\PXL_20250420_135722465_Sports2D
145.196459060698,143.2318060722927,115.13209575108209,133.11747388512111,50.56336924509597,118.81293888129916,85.36691018439795,82.04474495359185,-1.764383051928294,1.2066534193025586,-1.8112990198266836,-0.7972213243711294,-0.6441014938088627,1.1158664946823253,-0.9188176105653556,-0.9219407374043098,0.9689961782148429,2.037807232086635,107.77904541898904,2.056241051032286,2.0044238814125945,2.021324732014731,1.7164887331167027,Partial,D:/ML Projects/AIL721/Course Project/New/New_gym_dataset/New_gym_dataset/OHP\Test\Partial\PXL_20250420_135722465_Sports2D
151.03929612496748,150.4475449723939,110.19231606755721,129.40001661234564,54.48552005671499,114.07785273661773,83.4462239317475,84.52539770901163,-1.9048469511091821,1.2376829011316965,-1.9061532341648055,-0.7823446707889232,-0.7386943112559646,1.1037077483388948,-0.9984276864640447,-0.8693426156822386,0.9644552715927256,1.9730503640211332,107.10966049912645,1.9900726532367876,2.0200279942849644,2.172546788961837,1.7992368482029042,Partial,D:/ML Projects/AIL721/Course Project/New/New_gym_dataset/New_gym_dataset/OHP\Test\Partial\PXL_20250420_135722465_Sports2D
157.3562794509302,157.45817544060037,105.18533090968049,126.0818256216261,58.68246552667991,109.94962205798652,81.32618607574969,87.40779749858685,-2.006527931053357,1.246278082055097,-1.9603394714602063,-0.7741436499351395,-0.8233302955108085,1.065776785751024,-1.060654727903694,-0.8148754034406522,0.9606231354267902,1.8806521891916763,106.87066521145991,1.895567340645552,2.0209496156257867,2.2780875530829485,1.844960581819613,Partial,D:/ML Projects/AIL721/Course Project/New/New_gym_dataset/New_gym_dataset/OHP\Test\Partial\PXL_20250420_135722465_Sports2D
164.93920264927596,164.54951106248558,99.40544221372687,122.71887399938163,64.09129580827994,106.21561202138848,79.15209315900398,90.76512308387402,-2.002899994173038,1.190575057972168,-1.9217172865404315,-0.7618650038428499,-0.8784021956231626,0.9750910317232309,-1.0743817809000542,-0.7505490831791451,0.9588035636799559,1.725640114902376,106.8728786396102,1.7367330836963946,1.9541271266217026,2.2597595916574416,1.8019585549626123,Partial,D:/ML Projects/AIL721/Course Project/New/New_gym_dataset/New_gym_dataset/OHP\Test\Partial\PXL_20250420_135722465_Sports2D
172.56952125010199,171.22161408807008,93.92159204619551,119.41150867827805,69.39116667850915,102.72426740298273,76.82164542840717,93.9458814910528,-1.9752284909590194,1.1256236756207123,-1.8762431308759502,-0.7436058742638951,-0.9174714331932373,0.877950547161866,-1.069096355278763,-0.6879307383898783,0.9578864610416561,1.565881285551744,107.06537266511978,1.5732051097802295,1.8718486081071264,2.215291842566462,1.7527663786531318,Partial,D:/ML Projects/AIL721/Course Project/New/New_gym_dataset/New_gym_dataset/OHP\Test\Partial\PXL_20250420_135722465_Sports2D
178.23033065506056,176.1053801943873,90.39726958778569,116.74654120470328,72.65833456753377,99.80214536002269,74.42800391247337,95.90752555440996,-2.0267272802993714,1.1213393702079546,-1.9132445597430965,-0.7261615163249258,-0.9747513151909915,0.8281765738239438,-1.0833988912328854,-0.6402951464518882,0.9565880451857773,1.468471720275832,107.86122540832298,1.4724854800742997,1.8509829425482647,2.265621791322213,1.7848179691850674,Partial,D:/ML Projects/AIL721/Course Project/New/New_gym_dataset/New_gym_dataset/OHP\Test\Partial\PXL_20250420_135722465_Sports2D
179.15880720702637,178.45293661278905,89.3751808675965,115.05386080848075,73.64738895447414,98.07643063055136,72.80619616150045,96.52936724334003,-2.1174323179678574,1.15969565903348,-1.9817283762902973,-0.7145220194258367,-1.0337565522715348,0.8243703909627826,-1.10071812044723,-0.6136861250342689,0.9564198521560336,1.4380565159970515,109.8730690512495,1.4396146688659874,1.879124122040973,2.363797218943947,1.8508785207169682,Partial,D:/ML Projects/AIL721/Course Project/New/New_gym_dataset/New_gym_dataset/OHP\Test\Partial\PXL_20250420_135722465_Sports2D
179.02517647588607,178.42452747844433,89.69892308203455,114.7890961878345,73.48755485067737,97.97557412054641,72.5127313265626,96.40010159899083,-2.1119781383442655,1.1677092619093883,-1.9615613267513066,-0.7086201995977849,-1.0309097768683788,0.8271137963846038,-1.082105231503676,-0.6099718137588657,0.9572512580398023,1.4370856101434695,111.66970627313526,1.437997227207599,1.8823489223121175,2.3594726952560974,1.8314314319594225,Partial,D:/ML Projects/AIL721/Course Project/New/New_gym_dataset/New_gym_dataset/OHP\Test\Partial\PXL_20250420_135722465_Sports2D
179.82861588159207,176.5026281623825,89.68419209467088,116.52037247739767,73.00538557084226,99.20995014291081,73.17676968924823,95.71257830529328,-1.9875840506105902,1.1269151324163427,-1.8519236946050786,-0.7028818134910257,-0.9565888314727902,0.8151831518794985,-1.0368084359831664,-0.6213417632306636,0.9547066900122971,1.4365249151101622,111.50304820026055,1.4387630161635585,1.8348189544048956,2.2329257484932734,1.718016602303567,Partial,D:/ML Projects/AIL721/Course Project/New/New_gym_dataset/New_gym_dataset/OHP\Test\Partial\PXL_20250420_135722465_Sports2D
177.96607337344898,173.4807215693065,89.12649938238319,119.53766629388868,72.18260844636221,100.84677412263409,74.21653507291333,94.32749569194047,-1.858246730279074,1.0842149250935047,-1.7596648480533135,-0.6924776091421355,-0.8733723219675087,0.8058305189979945,-1.003931555603283,-0.6352890047526943,0.94726123093213,1.4411195237506889,110.2096477625728,1.4470214909333492,1.7794253984676727,2.1088068634754524,1.6143363883700452,Partial,D:/ML Projects/AIL721/Course Project/New/New_gym_dataset/New_gym_dataset/OHP\Test\Partial\PXL_20250420_135722465_Sports2D
175.16283827939117,169.8231803382843,89.00449409112422,122.80220962672144,70.66424450264013,102.47094822048581,75.50140622324896,92.29412855877011,-1.7954026181778546,1.0705229648352956,-1.732019015305122,-0.6799741151176235,-0.8281152198228436,0.8203907625143463,-0.9947931303781087,-0.6504397343586003,0.9376995019079708,1.4708304968729466,110.05522176320768,1.4802445326359386,1.7516442298699884,2.0589970779230495,1.5725323216580747,Partial,D:/ML Projects/AIL721/Course Project/New/New_gym_dataset/New_gym_dataset/OHP\Test\Partial\PXL_20250420_135722465_Sports2D
171.15022895347823,165.11705828828383,89.88923519095833,126.42198417579557,68.42299781893715,104.73421718569104,77.2727688654589,89.8512754739749,-1.7937600991743883,1.0827398314509475,-1.7477443320040038,-0.677096666751282,-0.8250094095442986,0.8639385784239043,-1.0001541381699952,-0.6790372153902859,0.9292114936183513,1.5429757938141901,112.68359405208636,1.552884405312224,1.7604379998264537,2.072845306954038,1.5773484290090478,Partial,D:/ML Projects/AIL721/Course Project/New/New_gym_dataset/New_gym_dataset/OHP\Test\Partial\PXL_20250420_135722465_Sports2D
166.4651320934395,159.10859670187637,91.66142945640782,130.69021914976335,65.97422748115581,108.32587608732696,79.5090953877163,87.43447278920328,-1.8278627823056408,1.1040591350971192,-1.7819550565126507,-0.6993988540283921,-0.8380397288707716,0.9207687973374299,-1.0102080141826486,-0.7339784051748406,0.9247830064543765,1.6547472025122707,114.81876709949728,1.6636797235914782,1.8040421940265472,2.117665298859677,1.609256207957424,Partial,D:/ML Projects/AIL721/Course Project/New/New_gym_dataset/New_gym_dataset/OHP\Test\Partial\PXL_20250420_135722465_Sports2D
162.4307416497621,152.484729977523,94.28706004737093,134.85591122920243,63.86176035145863,113.00473162803193,81.43101870169653,85.48946160555495,-1.8625504712508156,1.1182816186518088,-1.8103971449016232,-0.7494408254845154,-0.8299858855098768,0.96269265442603,-1.0074158474281933,-0.8127854331893672,0.9281537312393784,1.7754780876153973,113.85955938253193,1.7843216725099664,1.8684504536593554,2.150568898786566,1.6491751212608132,Partial,D:/ML Projects/AIL721/Course Project/New/New_gym_dataset/New_gym_dataset/OHP\Test\Partial\PXL_20250420_135722465_Sports2D
159.4666653394512,145.50212706249042,98.20270424289302,137.89820328490916,62.02743970829399,118.12834723609612,82.5607743688428,83.63047429858655,-1.849374796504672,1.1154861174009978,-1.7907197253227538,-0.8022603490505449,-0.7831227153434782,0.9762617976088708,-0.9625856532884445,-0.8947044879604453,0.9410588525443568,1.870966285569316,113.36130835545646,1.8795536139820224,1.918643251613685,2.119031892375886,1.6551816902186969,Partial,D:/ML Projects/AIL721/Course Project/New/New_gym_dataset/New_gym_dataset/OHP\Test\Partial\PXL_20250420_135722465_Sports2D
156.14009072895436,137.56016659362135,103.39180393286352,140.1429628656657,59.86960560865253,123.40437240718181,83.72951487969819,80.96453900080317,-1.7578843522379146,1.086184985551512,-1.6961591820132793,-0.8262204272476359,-0.702722571559057,0.9702441815984271,-0.8699933587283791,-0.9575964403775998,0.9576287315130515,1.9278406219760271,116.0497187161257,1.9350837139465467,1.913401280323273,1.9965154060379373,1.5905597885500715,Partial,D:/ML Projects/AIL721/Course Project/New/New_gym_dataset/New_gym_dataset/OHP\Test\Partial\PXL_20250420_135722465_Sports2D
150.90759488448467,128.96905339534356,108.93873285283058,143.007853979051,56.69972204873937,128.64630888062092,85.79212716425467,77.61536227596447,-1.6211203826507172,1.0374676935387195,-1.575322723462091,-0.8285349064118102,-0.6040597793813213,0.9626389253441974,-0.7743767530613389,-1.004409179669154,0.9687498548212273,1.9670481050133513,118.50533772051374,1.9744077894295635,1.8665645257020436,1.830690069632546,1.4915515564600992,Partial,D:/ML Projects/AIL721/Course Project/New/New_gym_dataset/New_gym_dataset/OHP\Test\Partial\PXL_20250420_135722465_Sports2D
143.77565336160967,121.17609905635328,114.39274121538428,147.22268526143495,52.08478661685621,133.70021309367547,88.30913325524655,74.87631215002874,-1.4987043235303397,0.9973864958498957,-1.500486009847491,-0.8469364982929765,-0.5016663792593741,0.9679541729345589,-0.7162545232656755,-1.058886262173845,0.9722782852289629,2.026840435108404,116.94913902495736,2.038168349508571,1.8443238547311211,1.694577929538482,1.4298419514256913,Partial,D:/ML Projects/AIL721/Course Project/New/New_gym_dataset/New_gym_dataset/OHP\Test\Partial\PXL_20250420_135722465_Sports2D
135.97301015737446,115.17838778736045,120.0921460676164,152.05363239282957,46.27333730877336,138.41911576921933,90.30032715139889,73.5975035565798,-1.4084882444079836,0.9798139593217001,-1.4732618381299922,-0.8924776050282327,-0.4040009707832496,0.985079226100096,-0.6845730608484752,-1.1246386766496577,0.9718191678506423,2.1097179027497535,114.77570231453221,2.1282928198221196,1.8734116793645712,1.604273077486293,1.415062326263761,Partial,D:/ML Projects/AIL721/Course Project/New/New_gym_dataset/New_gym_dataset/OHP\Test\Partial\PXL_20250420_135722465_Sports2D
129.37104368127757,111.03221686216452,126.1445741337266,155.64523730512772,40.42786521970327,142.2176766585575,91.05682153842571,73.24989352072204,-1.34723984008031,0.9862134318556176,-1.4589221831630022,-0.9394881730989201,-0.32579598442552027,1.005056116481729,-0.6549575809647631,-1.1814556836686398,0.9726642893615538,2.186511800150369,114.33186593916038,2.2111492959167345,1.9289374321322403,1.5463725027708746,1.4172157838978119,Partial,D:/ML Projects/AIL721/Course Project/New/New_gym_dataset/New_gym_dataset/OHP\Test\Partial\PXL_20250420_135722465_Sports2D
125.4593576388193,107.9142645493132,134.24042245300154,155.6515784035732,34.70065708678179,144.59265794335658,89.24129944796248,72.50692249266976,-1.320358674063991,1.0434750083025908,-1.4548319069744586,-0.962404447702898,-0.2772844050166729,1.0296619964395293,-0.6185670058839627,-1.225966680161636,0.9814304448584988,2.2556286766011655,115.28466284816892,2.2813010630691135,2.0103819145610786,1.5203151023489545,1.4384581008259723,Partial,D:/ML Projects/AIL721/Course Project/New/New_gym_dataset/New_gym_dataset/OHP\Test\Partial\PXL_20250420_135722465_Sports2D
120.58529928205311,101.46420568232062,162.03614014089487,145.71455003515942,19.167095489293438,146.9177856653477,78.58179620724033,68.38199134766835,-1.2851930754278094,1.27655357195896,-1.4392292350881457,-0.8993868825438932,-0.20460279543310558,1.05831104952119,-0.4938227238759994,-1.2740435748944277,0.9997794992119138,2.3323546244156175,118.38178816867551,2.3502183432697117,2.1813857980708016,1.4926655879079296,1.503765670043843,Partial,D:/ML Projects/AIL721/Course Project/New/New_gym_dataset/New_gym_dataset/OHP\Test\Partial\PXL_20250420_135722465_Sports2D
66.18395558467171,59.97404945763924,64.69995757255512,128.88026294850735,68.30677688935633,175.873528486596,45.50926752597197,55.847577944235184,-0.398216341688709,1.4172859783335212,-0.6113344424321269,-0.2900507885619769,0.39095311743242356,0.6420221862602665,0.3235596296140861,-0.9242699040263521,0.6820843175929998,1.5662920902866186,133.88335081698176,1.5677413033707908,1.7205865745313877,1.0767368238015773,0.9783010095792434,Partial,D:/ML Projects/AIL721/Course Project/New/New_gym_dataset/New_gym_dataset/OHP\Test\Partial\PXL_20250420_135722465_Sports2D
43.43917066753995,37.97841434808139,68.61675229773488,165.3994898308173,76.79675363014819,160.014016097066,59.76407570231186,57.964398251015375,-0.10773344999890612,1.221956423401515,-0.43162349513046966,-0.5183538590697205,0.8329948492459212,0.6736495558334871,0.5448613800457095,-1.129373329242133,0.8232701994443615,1.80302288507562,125.90974552669043,1.8259004409276431,1.7701933907374183,0.8292338803178096,0.7233638269418547,Partial,D:/ML Projects/AIL721/Course Project/New/New_gym_dataset/New_gym_dataset/OHP\Test\Partial\PXL_20250420_135722465_Sports2D
34.32569434790073,51.98006422075237,102.17100621652249,178.98372752170033,66.73264387517018,167.88737761339286,78.9416617769291,64.09268660735951,-0.36266068088995335,1.0572409138071222,-0.6898462818948685,-0.8523209847895871,0.7264330134883831,0.8443915091825406,0.27436065235969775,-1.3206668184330062,0.981304926828088,2.1650583276155464,122.08409780290287,2.2117520163150957,1.937389238660424,0.6261053632565526,0.865285854140723,Partial,D:/ML Projects/AIL721/Course Project/New/New_gym_dataset/New_gym_dataset/OHP\Test\Partial\PXL_20250420_135722465_Sports2D
32.23832136760864,56.1077125368733,114.47524648707922,172.77379017936505,62.291447591068646,169.54048425751273,85.47023104132269,66.56722827936053,-0.4218728034358814,0.9568433633968811,-0.7394292567106523,-0.9389914002445167,0.6773450645645878,0.8697583633810214,0.18321220996040466,-1.3388807219853647,0.9984081465645442,2.208639085366386,121.35906370494607,2.26323968845709,1.9222464857680677,0.603664851639366,0.8846858297404695,Partial,D:/ML Projects/AIL721/Course Project/New/New_gym_dataset/New_gym_dataset/OHP\Test\Partial\PXL_20250420_135722465_Sports2D
30.05910828409987,56.54164347169438,118.34802876823312,168.93342421714624,61.59275396391526,168.8742069492946,88.34813775198488,67.66743652239981,-0.41765262599295766,0.8999434695958966,-0.7338717642382231,-0.9708183377502739,0.6803929923311623,0.8682775627608674,0.16578835062303368,-1.340393299417279,0.9999994659014078,2.2086708621781463,121.19043254005699,2.267828237477942,1.8972992076153115,0.5778904017698068,0.8723512337311032,Partial,D:/ML Projects/AIL721/Course Project/New/New_gym_dataset/New_gym_dataset/OHP\Test\Partial\PXL_20250420_135722465_Sports2D
28.12938593716163,56.34840493730643,119.96321205179571,166.2860820776834,61.79498447623986,168.04427860571894,90.07562958659852,68.30412633158747,-0.40643304864738194,0.8603534173408814,-0.7231819403324882,-0.9862598484367825,0.6903942734844467,0.8618012141214748,0.16227132716708426,-1.3385506344112654,0.999529211879128,2.20035184853274,121.26195104332368,2.2628438089643703,1.873582240983777,0.5549030809245238,0.8589044008972756,Partial,D:/ML Projects/AIL721/Course Project/New/New_gym_dataset/New_gym_dataset/OHP\Test\Partial\PXL_20250420_135722465_Sports2D
26.94421711700849,56.35700709973018,121.38914431804214,164.63753703105147,61.63824062333785,167.6649219724315,91.41754225965367,68.69208512729867,-0.40119557105662373,0.8332681442264834,-0.719372761784092,-0.9959992048425159,0.6953137459277938,0.8604021762245956,0.1569542234746483,-1.3378042847552198,0.9986044063332483,2.198206460979815,121.5605888605103,2.2631709216295137,1.8567325491489475,0.5425651011434534,0.852590157338735,Partial,D:/ML Projects/AIL721/Course Project/New/New_gym_dataset/New_gym_dataset/OHP\Test\Partial\PXL_20250420_135722465_Sports2D
26.93925757534025,56.8089153890085,123.77908150978134,163.77057221101492,60.29244086171541,167.84209458251166,92.76830156294437,68.96682080649681,-0.4014105618115578,0.821067019653791,-0.7218400368140042,-1.0100700471914286,0.693194837453459,0.8739951410465574,0.1466038079939631,-1.344011541518274,0.9974761959859582,2.2180066825648317,121.59420642427007,2.284363236744069,1.858961539684148,0.5429433731047085,0.8558749067132012,Partial,D:/ML Projects/AIL721/Course Project/New/New_gym_dataset/New_gym_dataset/OHP\Test\Partial\PXL_20250420_135722465_Sports2D
28.03720241069049,57.765448206772376,127.37368348386376,162.97503714368924,57.89329507444506,168.24201570199816,94.06950251486447,69.52343250477423,-0.4028653408338727,0.8198485753225954,-0.7211611700852574,-1.0361288680908474,0.6820249082054859,0.8970340632663724,0.13248394736815175,-1.354895837818162,0.995777769018693,2.251929901084534,120.2730800987637,2.3180128444503105,1.8830731545477264,0.5523105052226657,0.8635288958214138,Partial,D:/ML Projects/AIL721/Course Project/New/New_gym_dataset/New_gym_dataset/OHP\Test\Partial\PXL_20250420_135722465_Sports2D
28.951109162033283,58.738499248407685,129.77395060857233,161.19696873428958,56.97238343613524,167.94330277899712,94.07650740183149,70.79519646941057,-0.39788216744687877,0.813569539101281,-0.7022309179940496,-1.0676126155105239,0.6626753422095694,0.8891541719707082,0.12476854413748983,-1.3556820419822209,0.9930759753163341,2.244836213952929,117.02223277090332,2.308383276426746,1.9056427946468708,0.5558866824508554,0.860355010808431,Partial,D:/ML Projects/AIL721/Course Project/New/New_gym_dataset/New_gym_dataset/OHP\Test\Partial\PXL_20250420_135722465_Sports2D
27.650218160712864,58.6844528970702,125.95126340852646,158.3004306893667,62.01445936638891,166.26615346428198,90.33532247289823,72.41829943278819,-0.3809017095745674,0.7920231629757828,-0.6641084045672828,-1.0856368816244062,0.6391541271426551,0.7979930887511499,0.13706269165109503,-1.3395017210565763,0.9903511518947165,2.1374948098077264,112.93363476020762,2.195672988299702,1.8988979106778439,0.5392507365987509,0.8381247536010602,Partial,D:/ML Projects/AIL721/Course Project/New/New_gym_dataset/New_gym_dataset/OHP\Test\Partial\PXL_20250420_135722465_Sports2D
21.51831016304385,56.89010373235728,110.97650099777816,155.46549793511758,77.2613240069209,163.70332293981662,81.22036583003523,73.18678079254066,-0.3554114167996775,0.7667998672699851,-0.62691801924327,-1.0818051374707696,0.6130232669333713,0.6172307184693627,0.17039839424003222,-1.322729893388943,0.9896818557622595,1.939960611858306,109.9572669089286,1.9898150550964397,1.8684368597100165,0.5062959310315652,0.8079971358372208,Partial,D:/ML Projects/AIL721/Course Project/New/New_gym_dataset/New_gym_dataset/OHP\Test\Partial\PXL_20250420_135722465_Sports2D
9.752141653545955,53.92541316245424,85.71254403120254,153.43829898301706,101.95957202622051,161.11041504044005,68.28828632023351,72.81499812201423,-0.3274888780344879,0.7488398069715777,-0.6016350610410058,-1.0648766427211978,0.5836639596934705,0.38603225951192943,0.21442238637179778,-1.3172545537627918,0.9910482889600238,1.703286813274721,108.595554473277,1.7428497662577283,1.8343182628822101,0.4686092741930331,0.7811928151677233,Partial,D:/ML Projects/AIL721/Course Project/New/New_gym_dataset/New_gym_dataset/OHP\Test\Partial\PXL_20250420_135722465_Sports2D
